[0.176s] DEBUG:colcon:Command line arguments: ['/home/maxx/.local/bin/colcon', 'build', '--symlink-install']
[0.176s] DEBUG:colcon:Parsed command line arguments: Namespace(log_base=None, log_level=None, verb_name='build', build_base='build', install_base='install', merge_install=False, symlink_install=True, test_result_base=None, continue_on_error=False, executor='parallel', parallel_workers=12, event_handlers=None, ignore_user_meta=False, metas=['./colcon.meta'], base_paths=['.'], packages_ignore=None, packages_ignore_regex=None, paths=None, packages_up_to=None, packages_up_to_regex=None, packages_above=None, packages_above_and_dependencies=None, packages_above_depth=None, packages_select_by_dep=None, packages_skip_by_dep=None, packages_skip_up_to=None, packages_select_build_failed=False, packages_skip_build_finished=False, packages_select_test_failures=False, packages_skip_test_passed=False, packages_select=None, packages_skip=None, packages_select_regex=None, packages_skip_regex=None, packages_start=None, packages_end=None, cmake_args=None, cmake_target=None, cmake_target_skip_unavailable=False, cmake_clean_cache=False, cmake_clean_first=False, cmake_force_configure=False, ament_cmake_args=None, catkin_cmake_args=None, catkin_skip_building_tests=False, verb_parser=<colcon_defaults.argument_parser.defaults.DefaultArgumentsDecorator object at 0x778e0804f140>, verb_extension=<colcon_core.verb.build.BuildVerb object at 0x778e081cb9e0>, main=<bound method BuildVerb.main of <colcon_core.verb.build.BuildVerb object at 0x778e081cb9e0>>)
[0.206s] Level 1:colcon.colcon_core.package_discovery:discover_packages(colcon_meta) check parameters
[0.206s] Level 1:colcon.colcon_core.package_discovery:discover_packages(recursive) check parameters
[0.206s] Level 1:colcon.colcon_core.package_discovery:discover_packages(ignore) check parameters
[0.206s] Level 1:colcon.colcon_core.package_discovery:discover_packages(path) check parameters
[0.206s] Level 1:colcon.colcon_core.package_discovery:discover_packages(colcon_meta) discover
[0.206s] Level 1:colcon.colcon_core.package_discovery:discover_packages(recursive) discover
[0.206s] INFO:colcon.colcon_core.package_discovery:Crawling recursively for packages in '/home/maxx/naviguard_ws'
[0.206s] Level 1:colcon.colcon_core.package_identification:_identify(.) by extensions ['ignore', 'ignore_ament_install']
[0.206s] Level 1:colcon.colcon_core.package_identification:_identify(.) by extension 'ignore'
[0.206s] Level 1:colcon.colcon_core.package_identification:_identify(.) by extension 'ignore_ament_install'
[0.206s] Level 1:colcon.colcon_core.package_identification:_identify(.) by extensions ['colcon_pkg']
[0.206s] Level 1:colcon.colcon_core.package_identification:_identify(.) by extension 'colcon_pkg'
[0.206s] Level 1:colcon.colcon_core.package_identification:_identify(.) by extensions ['colcon_meta']
[0.206s] Level 1:colcon.colcon_core.package_identification:_identify(.) by extension 'colcon_meta'
[0.206s] Level 1:colcon.colcon_core.package_identification:_identify(.) by extensions ['ros']
[0.206s] Level 1:colcon.colcon_core.package_identification:_identify(.) by extension 'ros'
[0.232s] Level 1:colcon.colcon_core.package_identification:_identify(.) by extensions ['cmake', 'python']
[0.232s] Level 1:colcon.colcon_core.package_identification:_identify(.) by extension 'cmake'
[0.232s] Level 1:colcon.colcon_core.package_identification:_identify(.) by extension 'python'
[0.232s] Level 1:colcon.colcon_core.package_identification:_identify(.) by extensions ['python_setup_py']
[0.232s] Level 1:colcon.colcon_core.package_identification:_identify(.) by extension 'python_setup_py'
[0.232s] Level 1:colcon.colcon_core.package_identification:_identify(build) by extensions ['ignore', 'ignore_ament_install']
[0.232s] Level 1:colcon.colcon_core.package_identification:_identify(build) by extension 'ignore'
[0.232s] Level 1:colcon.colcon_core.package_identification:_identify(build) ignored
[0.233s] Level 1:colcon.colcon_core.package_identification:_identify(docs) by extensions ['ignore', 'ignore_ament_install']
[0.233s] Level 1:colcon.colcon_core.package_identification:_identify(docs) by extension 'ignore'
[0.233s] Level 1:colcon.colcon_core.package_identification:_identify(docs) by extension 'ignore_ament_install'
[0.233s] Level 1:colcon.colcon_core.package_identification:_identify(docs) by extensions ['colcon_pkg']
[0.233s] Level 1:colcon.colcon_core.package_identification:_identify(docs) by extension 'colcon_pkg'
[0.233s] Level 1:colcon.colcon_core.package_identification:_identify(docs) by extensions ['colcon_meta']
[0.233s] Level 1:colcon.colcon_core.package_identification:_identify(docs) by extension 'colcon_meta'
[0.233s] Level 1:colcon.colcon_core.package_identification:_identify(docs) by extensions ['ros']
[0.233s] Level 1:colcon.colcon_core.package_identification:_identify(docs) by extension 'ros'
[0.233s] Level 1:colcon.colcon_core.package_identification:_identify(docs) by extensions ['cmake', 'python']
[0.233s] Level 1:colcon.colcon_core.package_identification:_identify(docs) by extension 'cmake'
[0.233s] Level 1:colcon.colcon_core.package_identification:_identify(docs) by extension 'python'
[0.233s] Level 1:colcon.colcon_core.package_identification:_identify(docs) by extensions ['python_setup_py']
[0.233s] Level 1:colcon.colcon_core.package_identification:_identify(docs) by extension 'python_setup_py'
[0.234s] Level 1:colcon.colcon_core.package_identification:_identify(install) by extensions ['ignore', 'ignore_ament_install']
[0.234s] Level 1:colcon.colcon_core.package_identification:_identify(install) by extension 'ignore'
[0.234s] Level 1:colcon.colcon_core.package_identification:_identify(install) ignored
[0.234s] Level 1:colcon.colcon_core.package_identification:_identify(log) by extensions ['ignore', 'ignore_ament_install']
[0.234s] Level 1:colcon.colcon_core.package_identification:_identify(log) by extension 'ignore'
[0.234s] Level 1:colcon.colcon_core.package_identification:_identify(log) ignored
[0.234s] Level 1:colcon.colcon_core.package_identification:_identify(scripts) by extensions ['ignore', 'ignore_ament_install']
[0.234s] Level 1:colcon.colcon_core.package_identification:_identify(scripts) by extension 'ignore'
[0.234s] Level 1:colcon.colcon_core.package_identification:_identify(scripts) by extension 'ignore_ament_install'
[0.234s] Level 1:colcon.colcon_core.package_identification:_identify(scripts) by extensions ['colcon_pkg']
[0.234s] Level 1:colcon.colcon_core.package_identification:_identify(scripts) by extension 'colcon_pkg'
[0.234s] Level 1:colcon.colcon_core.package_identification:_identify(scripts) by extensions ['colcon_meta']
[0.234s] Level 1:colcon.colcon_core.package_identification:_identify(scripts) by extension 'colcon_meta'
[0.234s] Level 1:colcon.colcon_core.package_identification:_identify(scripts) by extensions ['ros']
[0.234s] Level 1:colcon.colcon_core.package_identification:_identify(scripts) by extension 'ros'
[0.235s] Level 1:colcon.colcon_core.package_identification:_identify(scripts) by extensions ['cmake', 'python']
[0.235s] Level 1:colcon.colcon_core.package_identification:_identify(scripts) by extension 'cmake'
[0.235s] Level 1:colcon.colcon_core.package_identification:_identify(scripts) by extension 'python'
[0.235s] Level 1:colcon.colcon_core.package_identification:_identify(scripts) by extensions ['python_setup_py']
[0.235s] Level 1:colcon.colcon_core.package_identification:_identify(scripts) by extension 'python_setup_py'
[0.235s] Level 1:colcon.colcon_core.package_identification:_identify(src) by extensions ['ignore', 'ignore_ament_install']
[0.235s] Level 1:colcon.colcon_core.package_identification:_identify(src) by extension 'ignore'
[0.235s] Level 1:colcon.colcon_core.package_identification:_identify(src) by extension 'ignore_ament_install'
[0.235s] Level 1:colcon.colcon_core.package_identification:_identify(src) by extensions ['colcon_pkg']
[0.235s] Level 1:colcon.colcon_core.package_identification:_identify(src) by extension 'colcon_pkg'
[0.235s] Level 1:colcon.colcon_core.package_identification:_identify(src) by extensions ['colcon_meta']
[0.235s] Level 1:colcon.colcon_core.package_identification:_identify(src) by extension 'colcon_meta'
[0.235s] Level 1:colcon.colcon_core.package_identification:_identify(src) by extensions ['ros']
[0.235s] Level 1:colcon.colcon_core.package_identification:_identify(src) by extension 'ros'
[0.235s] Level 1:colcon.colcon_core.package_identification:_identify(src) by extensions ['cmake', 'python']
[0.235s] Level 1:colcon.colcon_core.package_identification:_identify(src) by extension 'cmake'
[0.235s] Level 1:colcon.colcon_core.package_identification:_identify(src) by extension 'python'
[0.235s] Level 1:colcon.colcon_core.package_identification:_identify(src) by extensions ['python_setup_py']
[0.235s] Level 1:colcon.colcon_core.package_identification:_identify(src) by extension 'python_setup_py'
[0.235s] Level 1:colcon.colcon_core.package_identification:_identify(src/naviguard_confidence) by extensions ['ignore', 'ignore_ament_install']
[0.235s] Level 1:colcon.colcon_core.package_identification:_identify(src/naviguard_confidence) by extension 'ignore'
[0.235s] Level 1:colcon.colcon_core.package_identification:_identify(src/naviguard_confidence) by extension 'ignore_ament_install'
[0.235s] Level 1:colcon.colcon_core.package_identification:_identify(src/naviguard_confidence) by extensions ['colcon_pkg']
[0.235s] Level 1:colcon.colcon_core.package_identification:_identify(src/naviguard_confidence) by extension 'colcon_pkg'
[0.235s] Level 1:colcon.colcon_core.package_identification:_identify(src/naviguard_confidence) by extensions ['colcon_meta']
[0.235s] Level 1:colcon.colcon_core.package_identification:_identify(src/naviguard_confidence) by extension 'colcon_meta'
[0.235s] Level 1:colcon.colcon_core.package_identification:_identify(src/naviguard_confidence) by extensions ['ros']
[0.235s] Level 1:colcon.colcon_core.package_identification:_identify(src/naviguard_confidence) by extension 'ros'
[0.240s] DEBUG:colcon.colcon_core.package_identification:Package 'src/naviguard_confidence' with type 'ros.ament_python' and name 'naviguard_confidence'
[0.240s] Level 1:colcon.colcon_core.package_identification:_identify(src/naviguard_description) by extensions ['ignore', 'ignore_ament_install']
[0.240s] Level 1:colcon.colcon_core.package_identification:_identify(src/naviguard_description) by extension 'ignore'
[0.240s] Level 1:colcon.colcon_core.package_identification:_identify(src/naviguard_description) by extension 'ignore_ament_install'
[0.240s] Level 1:colcon.colcon_core.package_identification:_identify(src/naviguard_description) by extensions ['colcon_pkg']
[0.240s] Level 1:colcon.colcon_core.package_identification:_identify(src/naviguard_description) by extension 'colcon_pkg'
[0.240s] Level 1:colcon.colcon_core.package_identification:_identify(src/naviguard_description) by extensions ['colcon_meta']
[0.240s] Level 1:colcon.colcon_core.package_identification:_identify(src/naviguard_description) by extension 'colcon_meta'
[0.240s] Level 1:colcon.colcon_core.package_identification:_identify(src/naviguard_description) by extensions ['ros']
[0.240s] Level 1:colcon.colcon_core.package_identification:_identify(src/naviguard_description) by extension 'ros'
[0.241s] DEBUG:colcon.colcon_core.package_identification:Package 'src/naviguard_description' with type 'ros.ament_cmake' and name 'naviguard_description'
[0.241s] Level 1:colcon.colcon_core.package_identification:_identify(src/naviguard_navigation) by extensions ['ignore', 'ignore_ament_install']
[0.241s] Level 1:colcon.colcon_core.package_identification:_identify(src/naviguard_navigation) by extension 'ignore'
[0.241s] Level 1:colcon.colcon_core.package_identification:_identify(src/naviguard_navigation) by extension 'ignore_ament_install'
[0.241s] Level 1:colcon.colcon_core.package_identification:_identify(src/naviguard_navigation) by extensions ['colcon_pkg']
[0.241s] Level 1:colcon.colcon_core.package_identification:_identify(src/naviguard_navigation) by extension 'colcon_pkg'
[0.241s] Level 1:colcon.colcon_core.package_identification:_identify(src/naviguard_navigation) by extensions ['colcon_meta']
[0.241s] Level 1:colcon.colcon_core.package_identification:_identify(src/naviguard_navigation) by extension 'colcon_meta'
[0.242s] Level 1:colcon.colcon_core.package_identification:_identify(src/naviguard_navigation) by extensions ['ros']
[0.242s] Level 1:colcon.colcon_core.package_identification:_identify(src/naviguard_navigation) by extension 'ros'
[0.242s] DEBUG:colcon.colcon_core.package_identification:Package 'src/naviguard_navigation' with type 'ros.ament_python' and name 'naviguard_navigation'
[0.242s] Level 1:colcon.colcon_core.package_identification:_identify(src/naviguard_perception) by extensions ['ignore', 'ignore_ament_install']
[0.242s] Level 1:colcon.colcon_core.package_identification:_identify(src/naviguard_perception) by extension 'ignore'
[0.242s] Level 1:colcon.colcon_core.package_identification:_identify(src/naviguard_perception) by extension 'ignore_ament_install'
[0.242s] Level 1:colcon.colcon_core.package_identification:_identify(src/naviguard_perception) by extensions ['colcon_pkg']
[0.242s] Level 1:colcon.colcon_core.package_identification:_identify(src/naviguard_perception) by extension 'colcon_pkg'
[0.242s] Level 1:colcon.colcon_core.package_identification:_identify(src/naviguard_perception) by extensions ['colcon_meta']
[0.242s] Level 1:colcon.colcon_core.package_identification:_identify(src/naviguard_perception) by extension 'colcon_meta'
[0.242s] Level 1:colcon.colcon_core.package_identification:_identify(src/naviguard_perception) by extensions ['ros']
[0.242s] Level 1:colcon.colcon_core.package_identification:_identify(src/naviguard_perception) by extension 'ros'
[0.243s] DEBUG:colcon.colcon_core.package_identification:Package 'src/naviguard_perception' with type 'ros.ament_python' and name 'naviguard_perception'
[0.243s] Level 1:colcon.colcon_core.package_identification:_identify(src/naviguard_recovery) by extensions ['ignore', 'ignore_ament_install']
[0.243s] Level 1:colcon.colcon_core.package_identification:_identify(src/naviguard_recovery) by extension 'ignore'
[0.243s] Level 1:colcon.colcon_core.package_identification:_identify(src/naviguard_recovery) by extension 'ignore_ament_install'
[0.243s] Level 1:colcon.colcon_core.package_identification:_identify(src/naviguard_recovery) by extensions ['colcon_pkg']
[0.243s] Level 1:colcon.colcon_core.package_identification:_identify(src/naviguard_recovery) by extension 'colcon_pkg'
[0.243s] Level 1:colcon.colcon_core.package_identification:_identify(src/naviguard_recovery) by extensions ['colcon_meta']
[0.243s] Level 1:colcon.colcon_core.package_identification:_identify(src/naviguard_recovery) by extension 'colcon_meta'
[0.243s] Level 1:colcon.colcon_core.package_identification:_identify(src/naviguard_recovery) by extensions ['ros']
[0.243s] Level 1:colcon.colcon_core.package_identification:_identify(src/naviguard_recovery) by extension 'ros'
[0.244s] DEBUG:colcon.colcon_core.package_identification:Package 'src/naviguard_recovery' with type 'ros.ament_python' and name 'naviguard_recovery'
[0.244s] Level 1:colcon.colcon_core.package_identification:_identify(src/naviguard_sensor_sync) by extensions ['ignore', 'ignore_ament_install']
[0.244s] Level 1:colcon.colcon_core.package_identification:_identify(src/naviguard_sensor_sync) by extension 'ignore'
[0.244s] Level 1:colcon.colcon_core.package_identification:_identify(src/naviguard_sensor_sync) by extension 'ignore_ament_install'
[0.244s] Level 1:colcon.colcon_core.package_identification:_identify(src/naviguard_sensor_sync) by extensions ['colcon_pkg']
[0.244s] Level 1:colcon.colcon_core.package_identification:_identify(src/naviguard_sensor_sync) by extension 'colcon_pkg'
[0.244s] Level 1:colcon.colcon_core.package_identification:_identify(src/naviguard_sensor_sync) by extensions ['colcon_meta']
[0.244s] Level 1:colcon.colcon_core.package_identification:_identify(src/naviguard_sensor_sync) by extension 'colcon_meta'
[0.244s] Level 1:colcon.colcon_core.package_identification:_identify(src/naviguard_sensor_sync) by extensions ['ros']
[0.244s] Level 1:colcon.colcon_core.package_identification:_identify(src/naviguard_sensor_sync) by extension 'ros'
[0.244s] DEBUG:colcon.colcon_core.package_identification:Package 'src/naviguard_sensor_sync' with type 'ros.ament_python' and name 'naviguard_sensor_sync'
[0.244s] Level 1:colcon.colcon_core.package_identification:_identify(src/naviguard_slam) by extensions ['ignore', 'ignore_ament_install']
[0.244s] Level 1:colcon.colcon_core.package_identification:_identify(src/naviguard_slam) by extension 'ignore'
[0.244s] Level 1:colcon.colcon_core.package_identification:_identify(src/naviguard_slam) by extension 'ignore_ament_install'
[0.244s] Level 1:colcon.colcon_core.package_identification:_identify(src/naviguard_slam) by extensions ['colcon_pkg']
[0.244s] Level 1:colcon.colcon_core.package_identification:_identify(src/naviguard_slam) by extension 'colcon_pkg'
[0.244s] Level 1:colcon.colcon_core.package_identification:_identify(src/naviguard_slam) by extensions ['colcon_meta']
[0.244s] Level 1:colcon.colcon_core.package_identification:_identify(src/naviguard_slam) by extension 'colcon_meta'
[0.244s] Level 1:colcon.colcon_core.package_identification:_identify(src/naviguard_slam) by extensions ['ros']
[0.245s] Level 1:colcon.colcon_core.package_identification:_identify(src/naviguard_slam) by extension 'ros'
[0.245s] DEBUG:colcon.colcon_core.package_identification:Package 'src/naviguard_slam' with type 'ros.ament_python' and name 'naviguard_slam'
[0.245s] Level 1:colcon.colcon_core.package_identification:_identify(src/naviguard_state_estimation) by extensions ['ignore', 'ignore_ament_install']
[0.245s] Level 1:colcon.colcon_core.package_identification:_identify(src/naviguard_state_estimation) by extension 'ignore'
[0.245s] Level 1:colcon.colcon_core.package_identification:_identify(src/naviguard_state_estimation) by extension 'ignore_ament_install'
[0.245s] Level 1:colcon.colcon_core.package_identification:_identify(src/naviguard_state_estimation) by extensions ['colcon_pkg']
[0.245s] Level 1:colcon.colcon_core.package_identification:_identify(src/naviguard_state_estimation) by extension 'colcon_pkg'
[0.245s] Level 1:colcon.colcon_core.package_identification:_identify(src/naviguard_state_estimation) by extensions ['colcon_meta']
[0.245s] Level 1:colcon.colcon_core.package_identification:_identify(src/naviguard_state_estimation) by extension 'colcon_meta'
[0.245s] Level 1:colcon.colcon_core.package_identification:_identify(src/naviguard_state_estimation) by extensions ['ros']
[0.245s] Level 1:colcon.colcon_core.package_identification:_identify(src/naviguard_state_estimation) by extension 'ros'
[0.246s] DEBUG:colcon.colcon_core.package_identification:Package 'src/naviguard_state_estimation' with type 'ros.ament_python' and name 'naviguard_state_estimation'
[0.246s] Level 1:colcon.colcon_core.package_identification:_identify(src/naviguard_visual_odometry) by extensions ['ignore', 'ignore_ament_install']
[0.246s] Level 1:colcon.colcon_core.package_identification:_identify(src/naviguard_visual_odometry) by extension 'ignore'
[0.246s] Level 1:colcon.colcon_core.package_identification:_identify(src/naviguard_visual_odometry) by extension 'ignore_ament_install'
[0.246s] Level 1:colcon.colcon_core.package_identification:_identify(src/naviguard_visual_odometry) by extensions ['colcon_pkg']
[0.246s] Level 1:colcon.colcon_core.package_identification:_identify(src/naviguard_visual_odometry) by extension 'colcon_pkg'
[0.246s] Level 1:colcon.colcon_core.package_identification:_identify(src/naviguard_visual_odometry) by extensions ['colcon_meta']
[0.246s] Level 1:colcon.colcon_core.package_identification:_identify(src/naviguard_visual_odometry) by extension 'colcon_meta'
[0.246s] Level 1:colcon.colcon_core.package_identification:_identify(src/naviguard_visual_odometry) by extensions ['ros']
[0.246s] Level 1:colcon.colcon_core.package_identification:_identify(src/naviguard_visual_odometry) by extension 'ros'
[0.247s] DEBUG:colcon.colcon_core.package_identification:Package 'src/naviguard_visual_odometry' with type 'ros.ament_python' and name 'naviguard_visual_odometry'
[0.247s] Level 1:colcon.colcon_core.package_discovery:discover_packages(recursive) using defaults
[0.247s] Level 1:colcon.colcon_core.package_discovery:discover_packages(ignore) discover
[0.247s] Level 1:colcon.colcon_core.package_discovery:discover_packages(ignore) using defaults
[0.247s] Level 1:colcon.colcon_core.package_discovery:discover_packages(path) discover
[0.247s] Level 1:colcon.colcon_core.package_discovery:discover_packages(path) using defaults
[0.261s] Level 5:colcon.colcon_core.verb:set package 'naviguard_confidence' build argument 'cmake_args' from command line to 'None'
[0.261s] Level 5:colcon.colcon_core.verb:set package 'naviguard_confidence' build argument 'cmake_target' from command line to 'None'
[0.261s] Level 5:colcon.colcon_core.verb:set package 'naviguard_confidence' build argument 'cmake_target_skip_unavailable' from command line to 'False'
[0.261s] Level 5:colcon.colcon_core.verb:set package 'naviguard_confidence' build argument 'cmake_clean_cache' from command line to 'False'
[0.261s] Level 5:colcon.colcon_core.verb:set package 'naviguard_confidence' build argument 'cmake_clean_first' from command line to 'False'
[0.261s] Level 5:colcon.colcon_core.verb:set package 'naviguard_confidence' build argument 'cmake_force_configure' from command line to 'False'
[0.261s] Level 5:colcon.colcon_core.verb:set package 'naviguard_confidence' build argument 'ament_cmake_args' from command line to 'None'
[0.261s] Level 5:colcon.colcon_core.verb:set package 'naviguard_confidence' build argument 'catkin_cmake_args' from command line to 'None'
[0.261s] Level 5:colcon.colcon_core.verb:set package 'naviguard_confidence' build argument 'catkin_skip_building_tests' from command line to 'False'
[0.261s] DEBUG:colcon.colcon_core.verb:Building package 'naviguard_confidence' with the following arguments: {'ament_cmake_args': None, 'build_base': '/home/maxx/naviguard_ws/build/naviguard_confidence', 'catkin_cmake_args': None, 'catkin_skip_building_tests': False, 'cmake_args': None, 'cmake_clean_cache': False, 'cmake_clean_first': False, 'cmake_force_configure': False, 'cmake_target': None, 'cmake_target_skip_unavailable': False, 'install_base': '/home/maxx/naviguard_ws/install/naviguard_confidence', 'merge_install': False, 'path': '/home/maxx/naviguard_ws/src/naviguard_confidence', 'symlink_install': True, 'test_result_base': None}
[0.262s] Level 5:colcon.colcon_core.verb:set package 'naviguard_description' build argument 'cmake_args' from command line to 'None'
[0.262s] Level 5:colcon.colcon_core.verb:set package 'naviguard_description' build argument 'cmake_target' from command line to 'None'
[0.262s] Level 5:colcon.colcon_core.verb:set package 'naviguard_description' build argument 'cmake_target_skip_unavailable' from command line to 'False'
[0.262s] Level 5:colcon.colcon_core.verb:set package 'naviguard_description' build argument 'cmake_clean_cache' from command line to 'False'
[0.262s] Level 5:colcon.colcon_core.verb:set package 'naviguard_description' build argument 'cmake_clean_first' from command line to 'False'
[0.262s] Level 5:colcon.colcon_core.verb:set package 'naviguard_description' build argument 'cmake_force_configure' from command line to 'False'
[0.262s] Level 5:colcon.colcon_core.verb:set package 'naviguard_description' build argument 'ament_cmake_args' from command line to 'None'
[0.262s] Level 5:colcon.colcon_core.verb:set package 'naviguard_description' build argument 'catkin_cmake_args' from command line to 'None'
[0.262s] Level 5:colcon.colcon_core.verb:set package 'naviguard_description' build argument 'catkin_skip_building_tests' from command line to 'False'
[0.262s] DEBUG:colcon.colcon_core.verb:Building package 'naviguard_description' with the following arguments: {'ament_cmake_args': None, 'build_base': '/home/maxx/naviguard_ws/build/naviguard_description', 'catkin_cmake_args': None, 'catkin_skip_building_tests': False, 'cmake_args': None, 'cmake_clean_cache': False, 'cmake_clean_first': False, 'cmake_force_configure': False, 'cmake_target': None, 'cmake_target_skip_unavailable': False, 'install_base': '/home/maxx/naviguard_ws/install/naviguard_description', 'merge_install': False, 'path': '/home/maxx/naviguard_ws/src/naviguard_description', 'symlink_install': True, 'test_result_base': None}
[0.262s] Level 5:colcon.colcon_core.verb:set package 'naviguard_navigation' build argument 'cmake_args' from command line to 'None'
[0.262s] Level 5:colcon.colcon_core.verb:set package 'naviguard_navigation' build argument 'cmake_target' from command line to 'None'
[0.262s] Level 5:colcon.colcon_core.verb:set package 'naviguard_navigation' build argument 'cmake_target_skip_unavailable' from command line to 'False'
[0.262s] Level 5:colcon.colcon_core.verb:set package 'naviguard_navigation' build argument 'cmake_clean_cache' from command line to 'False'
[0.262s] Level 5:colcon.colcon_core.verb:set package 'naviguard_navigation' build argument 'cmake_clean_first' from command line to 'False'
[0.262s] Level 5:colcon.colcon_core.verb:set package 'naviguard_navigation' build argument 'cmake_force_configure' from command line to 'False'
[0.262s] Level 5:colcon.colcon_core.verb:set package 'naviguard_navigation' build argument 'ament_cmake_args' from command line to 'None'
[0.262s] Level 5:colcon.colcon_core.verb:set package 'naviguard_navigation' build argument 'catkin_cmake_args' from command line to 'None'
[0.262s] Level 5:colcon.colcon_core.verb:set package 'naviguard_navigation' build argument 'catkin_skip_building_tests' from command line to 'False'
[0.262s] DEBUG:colcon.colcon_core.verb:Building package 'naviguard_navigation' with the following arguments: {'ament_cmake_args': None, 'build_base': '/home/maxx/naviguard_ws/build/naviguard_navigation', 'catkin_cmake_args': None, 'catkin_skip_building_tests': False, 'cmake_args': None, 'cmake_clean_cache': False, 'cmake_clean_first': False, 'cmake_force_configure': False, 'cmake_target': None, 'cmake_target_skip_unavailable': False, 'install_base': '/home/maxx/naviguard_ws/install/naviguard_navigation', 'merge_install': False, 'path': '/home/maxx/naviguard_ws/src/naviguard_navigation', 'symlink_install': True, 'test_result_base': None}
[0.262s] Level 5:colcon.colcon_core.verb:set package 'naviguard_perception' build argument 'cmake_args' from command line to 'None'
[0.262s] Level 5:colcon.colcon_core.verb:set package 'naviguard_perception' build argument 'cmake_target' from command line to 'None'
[0.262s] Level 5:colcon.colcon_core.verb:set package 'naviguard_perception' build argument 'cmake_target_skip_unavailable' from command line to 'False'
[0.262s] Level 5:colcon.colcon_core.verb:set package 'naviguard_perception' build argument 'cmake_clean_cache' from command line to 'False'
[0.262s] Level 5:colcon.colcon_core.verb:set package 'naviguard_perception' build argument 'cmake_clean_first' from command line to 'False'
[0.262s] Level 5:colcon.colcon_core.verb:set package 'naviguard_perception' build argument 'cmake_force_configure' from command line to 'False'
[0.262s] Level 5:colcon.colcon_core.verb:set package 'naviguard_perception' build argument 'ament_cmake_args' from command line to 'None'
[0.262s] Level 5:colcon.colcon_core.verb:set package 'naviguard_perception' build argument 'catkin_cmake_args' from command line to 'None'
[0.262s] Level 5:colcon.colcon_core.verb:set package 'naviguard_perception' build argument 'catkin_skip_building_tests' from command line to 'False'
[0.262s] DEBUG:colcon.colcon_core.verb:Building package 'naviguard_perception' with the following arguments: {'ament_cmake_args': None, 'build_base': '/home/maxx/naviguard_ws/build/naviguard_perception', 'catkin_cmake_args': None, 'catkin_skip_building_tests': False, 'cmake_args': None, 'cmake_clean_cache': False, 'cmake_clean_first': False, 'cmake_force_configure': False, 'cmake_target': None, 'cmake_target_skip_unavailable': False, 'install_base': '/home/maxx/naviguard_ws/install/naviguard_perception', 'merge_install': False, 'path': '/home/maxx/naviguard_ws/src/naviguard_perception', 'symlink_install': True, 'test_result_base': None}
[0.262s] Level 5:colcon.colcon_core.verb:set package 'naviguard_recovery' build argument 'cmake_args' from command line to 'None'
[0.262s] Level 5:colcon.colcon_core.verb:set package 'naviguard_recovery' build argument 'cmake_target' from command line to 'None'
[0.262s] Level 5:colcon.colcon_core.verb:set package 'naviguard_recovery' build argument 'cmake_target_skip_unavailable' from command line to 'False'
[0.262s] Level 5:colcon.colcon_core.verb:set package 'naviguard_recovery' build argument 'cmake_clean_cache' from command line to 'False'
[0.262s] Level 5:colcon.colcon_core.verb:set package 'naviguard_recovery' build argument 'cmake_clean_first' from command line to 'False'
[0.262s] Level 5:colcon.colcon_core.verb:set package 'naviguard_recovery' build argument 'cmake_force_configure' from command line to 'False'
[0.262s] Level 5:colcon.colcon_core.verb:set package 'naviguard_recovery' build argument 'ament_cmake_args' from command line to 'None'
[0.262s] Level 5:colcon.colcon_core.verb:set package 'naviguard_recovery' build argument 'catkin_cmake_args' from command line to 'None'
[0.262s] Level 5:colcon.colcon_core.verb:set package 'naviguard_recovery' build argument 'catkin_skip_building_tests' from command line to 'False'
[0.262s] DEBUG:colcon.colcon_core.verb:Building package 'naviguard_recovery' with the following arguments: {'ament_cmake_args': None, 'build_base': '/home/maxx/naviguard_ws/build/naviguard_recovery', 'catkin_cmake_args': None, 'catkin_skip_building_tests': False, 'cmake_args': None, 'cmake_clean_cache': False, 'cmake_clean_first': False, 'cmake_force_configure': False, 'cmake_target': None, 'cmake_target_skip_unavailable': False, 'install_base': '/home/maxx/naviguard_ws/install/naviguard_recovery', 'merge_install': False, 'path': '/home/maxx/naviguard_ws/src/naviguard_recovery', 'symlink_install': True, 'test_result_base': None}
[0.262s] Level 5:colcon.colcon_core.verb:set package 'naviguard_sensor_sync' build argument 'cmake_args' from command line to 'None'
[0.262s] Level 5:colcon.colcon_core.verb:set package 'naviguard_sensor_sync' build argument 'cmake_target' from command line to 'None'
[0.262s] Level 5:colcon.colcon_core.verb:set package 'naviguard_sensor_sync' build argument 'cmake_target_skip_unavailable' from command line to 'False'
[0.262s] Level 5:colcon.colcon_core.verb:set package 'naviguard_sensor_sync' build argument 'cmake_clean_cache' from command line to 'False'
[0.262s] Level 5:colcon.colcon_core.verb:set package 'naviguard_sensor_sync' build argument 'cmake_clean_first' from command line to 'False'
[0.262s] Level 5:colcon.colcon_core.verb:set package 'naviguard_sensor_sync' build argument 'cmake_force_configure' from command line to 'False'
[0.262s] Level 5:colcon.colcon_core.verb:set package 'naviguard_sensor_sync' build argument 'ament_cmake_args' from command line to 'None'
[0.262s] Level 5:colcon.colcon_core.verb:set package 'naviguard_sensor_sync' build argument 'catkin_cmake_args' from command line to 'None'
[0.262s] Level 5:colcon.colcon_core.verb:set package 'naviguard_sensor_sync' build argument 'catkin_skip_building_tests' from command line to 'False'
[0.262s] DEBUG:colcon.colcon_core.verb:Building package 'naviguard_sensor_sync' with the following arguments: {'ament_cmake_args': None, 'build_base': '/home/maxx/naviguard_ws/build/naviguard_sensor_sync', 'catkin_cmake_args': None, 'catkin_skip_building_tests': False, 'cmake_args': None, 'cmake_clean_cache': False, 'cmake_clean_first': False, 'cmake_force_configure': False, 'cmake_target': None, 'cmake_target_skip_unavailable': False, 'install_base': '/home/maxx/naviguard_ws/install/naviguard_sensor_sync', 'merge_install': False, 'path': '/home/maxx/naviguard_ws/src/naviguard_sensor_sync', 'symlink_install': True, 'test_result_base': None}
[0.263s] Level 5:colcon.colcon_core.verb:set package 'naviguard_slam' build argument 'cmake_args' from command line to 'None'
[0.263s] Level 5:colcon.colcon_core.verb:set package 'naviguard_slam' build argument 'cmake_target' from command line to 'None'
[0.263s] Level 5:colcon.colcon_core.verb:set package 'naviguard_slam' build argument 'cmake_target_skip_unavailable' from command line to 'False'
[0.263s] Level 5:colcon.colcon_core.verb:set package 'naviguard_slam' build argument 'cmake_clean_cache' from command line to 'False'
[0.263s] Level 5:colcon.colcon_core.verb:set package 'naviguard_slam' build argument 'cmake_clean_first' from command line to 'False'
[0.263s] Level 5:colcon.colcon_core.verb:set package 'naviguard_slam' build argument 'cmake_force_configure' from command line to 'False'
[0.263s] Level 5:colcon.colcon_core.verb:set package 'naviguard_slam' build argument 'ament_cmake_args' from command line to 'None'
[0.263s] Level 5:colcon.colcon_core.verb:set package 'naviguard_slam' build argument 'catkin_cmake_args' from command line to 'None'
[0.263s] Level 5:colcon.colcon_core.verb:set package 'naviguard_slam' build argument 'catkin_skip_building_tests' from command line to 'False'
[0.263s] DEBUG:colcon.colcon_core.verb:Building package 'naviguard_slam' with the following arguments: {'ament_cmake_args': None, 'build_base': '/home/maxx/naviguard_ws/build/naviguard_slam', 'catkin_cmake_args': None, 'catkin_skip_building_tests': False, 'cmake_args': None, 'cmake_clean_cache': False, 'cmake_clean_first': False, 'cmake_force_configure': False, 'cmake_target': None, 'cmake_target_skip_unavailable': False, 'install_base': '/home/maxx/naviguard_ws/install/naviguard_slam', 'merge_install': False, 'path': '/home/maxx/naviguard_ws/src/naviguard_slam', 'symlink_install': True, 'test_result_base': None}
[0.263s] Level 5:colcon.colcon_core.verb:set package 'naviguard_state_estimation' build argument 'cmake_args' from command line to 'None'
[0.263s] Level 5:colcon.colcon_core.verb:set package 'naviguard_state_estimation' build argument 'cmake_target' from command line to 'None'
[0.263s] Level 5:colcon.colcon_core.verb:set package 'naviguard_state_estimation' build argument 'cmake_target_skip_unavailable' from command line to 'False'
[0.263s] Level 5:colcon.colcon_core.verb:set package 'naviguard_state_estimation' build argument 'cmake_clean_cache' from command line to 'False'
[0.263s] Level 5:colcon.colcon_core.verb:set package 'naviguard_state_estimation' build argument 'cmake_clean_first' from command line to 'False'
[0.263s] Level 5:colcon.colcon_core.verb:set package 'naviguard_state_estimation' build argument 'cmake_force_configure' from command line to 'False'
[0.263s] Level 5:colcon.colcon_core.verb:set package 'naviguard_state_estimation' build argument 'ament_cmake_args' from command line to 'None'
[0.263s] Level 5:colcon.colcon_core.verb:set package 'naviguard_state_estimation' build argument 'catkin_cmake_args' from command line to 'None'
[0.263s] Level 5:colcon.colcon_core.verb:set package 'naviguard_state_estimation' build argument 'catkin_skip_building_tests' from command line to 'False'
[0.263s] DEBUG:colcon.colcon_core.verb:Building package 'naviguard_state_estimation' with the following arguments: {'ament_cmake_args': None, 'build_base': '/home/maxx/naviguard_ws/build/naviguard_state_estimation', 'catkin_cmake_args': None, 'catkin_skip_building_tests': False, 'cmake_args': None, 'cmake_clean_cache': False, 'cmake_clean_first': False, 'cmake_force_configure': False, 'cmake_target': None, 'cmake_target_skip_unavailable': False, 'install_base': '/home/maxx/naviguard_ws/install/naviguard_state_estimation', 'merge_install': False, 'path': '/home/maxx/naviguard_ws/src/naviguard_state_estimation', 'symlink_install': True, 'test_result_base': None}
[0.263s] Level 5:colcon.colcon_core.verb:set package 'naviguard_visual_odometry' build argument 'cmake_args' from command line to 'None'
[0.263s] Level 5:colcon.colcon_core.verb:set package 'naviguard_visual_odometry' build argument 'cmake_target' from command line to 'None'
[0.263s] Level 5:colcon.colcon_core.verb:set package 'naviguard_visual_odometry' build argument 'cmake_target_skip_unavailable' from command line to 'False'
[0.263s] Level 5:colcon.colcon_core.verb:set package 'naviguard_visual_odometry' build argument 'cmake_clean_cache' from command line to 'False'
[0.263s] Level 5:colcon.colcon_core.verb:set package 'naviguard_visual_odometry' build argument 'cmake_clean_first' from command line to 'False'
[0.263s] Level 5:colcon.colcon_core.verb:set package 'naviguard_visual_odometry' build argument 'cmake_force_configure' from command line to 'False'
[0.263s] Level 5:colcon.colcon_core.verb:set package 'naviguard_visual_odometry' build argument 'ament_cmake_args' from command line to 'None'
[0.263s] Level 5:colcon.colcon_core.verb:set package 'naviguard_visual_odometry' build argument 'catkin_cmake_args' from command line to 'None'
[0.263s] Level 5:colcon.colcon_core.verb:set package 'naviguard_visual_odometry' build argument 'catkin_skip_building_tests' from command line to 'False'
[0.263s] DEBUG:colcon.colcon_core.verb:Building package 'naviguard_visual_odometry' with the following arguments: {'ament_cmake_args': None, 'build_base': '/home/maxx/naviguard_ws/build/naviguard_visual_odometry', 'catkin_cmake_args': None, 'catkin_skip_building_tests': False, 'cmake_args': None, 'cmake_clean_cache': False, 'cmake_clean_first': False, 'cmake_force_configure': False, 'cmake_target': None, 'cmake_target_skip_unavailable': False, 'install_base': '/home/maxx/naviguard_ws/install/naviguard_visual_odometry', 'merge_install': False, 'path': '/home/maxx/naviguard_ws/src/naviguard_visual_odometry', 'symlink_install': True, 'test_result_base': None}
[0.263s] INFO:colcon.colcon_core.executor:Executing jobs using 'parallel' executor
[0.264s] DEBUG:colcon.colcon_parallel_executor.executor.parallel:run_until_complete
[0.264s] INFO:colcon.colcon_ros.task.ament_python.build:Building ROS package in '/home/maxx/naviguard_ws/src/naviguard_confidence' with build type 'ament_python'
[0.264s] Level 1:colcon.colcon_core.shell:create_environment_hook('naviguard_confidence', 'ament_prefix_path')
[0.266s] INFO:colcon.colcon_core.plugin_system:Skipping extension 'colcon_core.shell.bat': Not used on non-Windows systems
[0.266s] INFO:colcon.colcon_core.shell:Creating environment hook '/home/maxx/naviguard_ws/install/naviguard_confidence/share/naviguard_confidence/hook/ament_prefix_path.ps1'
[0.267s] INFO:colcon.colcon_core.shell:Creating environment descriptor '/home/maxx/naviguard_ws/install/naviguard_confidence/share/naviguard_confidence/hook/ament_prefix_path.dsv'
[0.267s] INFO:colcon.colcon_core.shell:Creating environment hook '/home/maxx/naviguard_ws/install/naviguard_confidence/share/naviguard_confidence/hook/ament_prefix_path.sh'
[0.267s] INFO:colcon.colcon_core.shell:Skip shell extension 'powershell' for command environment: Not usable outside of PowerShell
[0.267s] DEBUG:colcon.colcon_core.shell:Skip shell extension 'dsv' for command environment
[0.271s] INFO:colcon.colcon_ros.task.ament_cmake.build:Building ROS package in '/home/maxx/naviguard_ws/src/naviguard_description' with build type 'ament_cmake'
[0.271s] INFO:colcon.colcon_cmake.task.cmake.build:Building CMake package in '/home/maxx/naviguard_ws/src/naviguard_description'
[0.272s] INFO:colcon.colcon_core.shell:Skip shell extension 'powershell' for command environment: Not usable outside of PowerShell
[0.272s] DEBUG:colcon.colcon_core.shell:Skip shell extension 'dsv' for command environment
[0.275s] INFO:colcon.colcon_ros.task.ament_python.build:Building ROS package in '/home/maxx/naviguard_ws/src/naviguard_navigation' with build type 'ament_python'
[0.275s] Level 1:colcon.colcon_core.shell:create_environment_hook('naviguard_navigation', 'ament_prefix_path')
[0.275s] INFO:colcon.colcon_core.shell:Creating environment hook '/home/maxx/naviguard_ws/install/naviguard_navigation/share/naviguard_navigation/hook/ament_prefix_path.ps1'
[0.276s] INFO:colcon.colcon_core.shell:Creating environment descriptor '/home/maxx/naviguard_ws/install/naviguard_navigation/share/naviguard_navigation/hook/ament_prefix_path.dsv'
[0.276s] INFO:colcon.colcon_core.shell:Creating environment hook '/home/maxx/naviguard_ws/install/naviguard_navigation/share/naviguard_navigation/hook/ament_prefix_path.sh'
[0.277s] INFO:colcon.colcon_core.shell:Skip shell extension 'powershell' for command environment: Not usable outside of PowerShell
[0.277s] DEBUG:colcon.colcon_core.shell:Skip shell extension 'dsv' for command environment
[0.280s] INFO:colcon.colcon_ros.task.ament_python.build:Building ROS package in '/home/maxx/naviguard_ws/src/naviguard_perception' with build type 'ament_python'
[0.280s] Level 1:colcon.colcon_core.shell:create_environment_hook('naviguard_perception', 'ament_prefix_path')
[0.280s] INFO:colcon.colcon_core.shell:Creating environment hook '/home/maxx/naviguard_ws/install/naviguard_perception/share/naviguard_perception/hook/ament_prefix_path.ps1'
[0.281s] INFO:colcon.colcon_core.shell:Creating environment descriptor '/home/maxx/naviguard_ws/install/naviguard_perception/share/naviguard_perception/hook/ament_prefix_path.dsv'
[0.281s] INFO:colcon.colcon_core.shell:Creating environment hook '/home/maxx/naviguard_ws/install/naviguard_perception/share/naviguard_perception/hook/ament_prefix_path.sh'
[0.282s] INFO:colcon.colcon_core.shell:Skip shell extension 'powershell' for command environment: Not usable outside of PowerShell
[0.282s] DEBUG:colcon.colcon_core.shell:Skip shell extension 'dsv' for command environment
[0.284s] INFO:colcon.colcon_ros.task.ament_python.build:Building ROS package in '/home/maxx/naviguard_ws/src/naviguard_recovery' with build type 'ament_python'
[0.284s] Level 1:colcon.colcon_core.shell:create_environment_hook('naviguard_recovery', 'ament_prefix_path')
[0.284s] INFO:colcon.colcon_core.shell:Creating environment hook '/home/maxx/naviguard_ws/install/naviguard_recovery/share/naviguard_recovery/hook/ament_prefix_path.ps1'
[0.285s] INFO:colcon.colcon_core.shell:Creating environment descriptor '/home/maxx/naviguard_ws/install/naviguard_recovery/share/naviguard_recovery/hook/ament_prefix_path.dsv'
[0.285s] INFO:colcon.colcon_core.shell:Creating environment hook '/home/maxx/naviguard_ws/install/naviguard_recovery/share/naviguard_recovery/hook/ament_prefix_path.sh'
[0.286s] INFO:colcon.colcon_core.shell:Skip shell extension 'powershell' for command environment: Not usable outside of PowerShell
[0.286s] DEBUG:colcon.colcon_core.shell:Skip shell extension 'dsv' for command environment
[0.290s] INFO:colcon.colcon_ros.task.ament_python.build:Building ROS package in '/home/maxx/naviguard_ws/src/naviguard_sensor_sync' with build type 'ament_python'
[0.290s] Level 1:colcon.colcon_core.shell:create_environment_hook('naviguard_sensor_sync', 'ament_prefix_path')
[0.290s] INFO:colcon.colcon_core.shell:Creating environment hook '/home/maxx/naviguard_ws/install/naviguard_sensor_sync/share/naviguard_sensor_sync/hook/ament_prefix_path.ps1'
[0.291s] INFO:colcon.colcon_core.shell:Creating environment descriptor '/home/maxx/naviguard_ws/install/naviguard_sensor_sync/share/naviguard_sensor_sync/hook/ament_prefix_path.dsv'
[0.291s] INFO:colcon.colcon_core.shell:Creating environment hook '/home/maxx/naviguard_ws/install/naviguard_sensor_sync/share/naviguard_sensor_sync/hook/ament_prefix_path.sh'
[0.292s] INFO:colcon.colcon_core.shell:Skip shell extension 'powershell' for command environment: Not usable outside of PowerShell
[0.292s] DEBUG:colcon.colcon_core.shell:Skip shell extension 'dsv' for command environment
[0.294s] INFO:colcon.colcon_ros.task.ament_python.build:Building ROS package in '/home/maxx/naviguard_ws/src/naviguard_slam' with build type 'ament_python'
[0.295s] Level 1:colcon.colcon_core.shell:create_environment_hook('naviguard_slam', 'ament_prefix_path')
[0.295s] INFO:colcon.colcon_core.shell:Creating environment hook '/home/maxx/naviguard_ws/install/naviguard_slam/share/naviguard_slam/hook/ament_prefix_path.ps1'
[0.296s] INFO:colcon.colcon_core.shell:Creating environment descriptor '/home/maxx/naviguard_ws/install/naviguard_slam/share/naviguard_slam/hook/ament_prefix_path.dsv'
[0.296s] INFO:colcon.colcon_core.shell:Creating environment hook '/home/maxx/naviguard_ws/install/naviguard_slam/share/naviguard_slam/hook/ament_prefix_path.sh'
[0.297s] INFO:colcon.colcon_core.shell:Skip shell extension 'powershell' for command environment: Not usable outside of PowerShell
[0.297s] DEBUG:colcon.colcon_core.shell:Skip shell extension 'dsv' for command environment
[0.299s] INFO:colcon.colcon_ros.task.ament_python.build:Building ROS package in '/home/maxx/naviguard_ws/src/naviguard_state_estimation' with build type 'ament_python'
[0.299s] Level 1:colcon.colcon_core.shell:create_environment_hook('naviguard_state_estimation', 'ament_prefix_path')
[0.300s] INFO:colcon.colcon_core.shell:Creating environment hook '/home/maxx/naviguard_ws/install/naviguard_state_estimation/share/naviguard_state_estimation/hook/ament_prefix_path.ps1'
[0.300s] INFO:colcon.colcon_core.shell:Creating environment descriptor '/home/maxx/naviguard_ws/install/naviguard_state_estimation/share/naviguard_state_estimation/hook/ament_prefix_path.dsv'
[0.301s] INFO:colcon.colcon_core.shell:Creating environment hook '/home/maxx/naviguard_ws/install/naviguard_state_estimation/share/naviguard_state_estimation/hook/ament_prefix_path.sh'
[0.301s] INFO:colcon.colcon_core.shell:Skip shell extension 'powershell' for command environment: Not usable outside of PowerShell
[0.301s] DEBUG:colcon.colcon_core.shell:Skip shell extension 'dsv' for command environment
[0.304s] INFO:colcon.colcon_ros.task.ament_python.build:Building ROS package in '/home/maxx/naviguard_ws/src/naviguard_visual_odometry' with build type 'ament_python'
[0.304s] Level 1:colcon.colcon_core.shell:create_environment_hook('naviguard_visual_odometry', 'ament_prefix_path')
[0.304s] INFO:colcon.colcon_core.shell:Creating environment hook '/home/maxx/naviguard_ws/install/naviguard_visual_odometry/share/naviguard_visual_odometry/hook/ament_prefix_path.ps1'
[0.305s] INFO:colcon.colcon_core.shell:Creating environment descriptor '/home/maxx/naviguard_ws/install/naviguard_visual_odometry/share/naviguard_visual_odometry/hook/ament_prefix_path.dsv'
[0.306s] INFO:colcon.colcon_core.shell:Creating environment hook '/home/maxx/naviguard_ws/install/naviguard_visual_odometry/share/naviguard_visual_odometry/hook/ament_prefix_path.sh'
[0.306s] INFO:colcon.colcon_core.shell:Skip shell extension 'powershell' for command environment: Not usable outside of PowerShell
[0.306s] DEBUG:colcon.colcon_core.shell:Skip shell extension 'dsv' for command environment
[0.477s] INFO:colcon.colcon_core.task.python.build:Building Python package in '/home/maxx/naviguard_ws/src/naviguard_confidence'
[0.477s] INFO:colcon.colcon_core.shell:Skip shell extension 'powershell' for command environment: Not usable outside of PowerShell
[0.477s] DEBUG:colcon.colcon_core.shell:Skip shell extension 'dsv' for command environment
[0.484s] DEBUG:colcon.colcon_core.event_handler.log_command:Invoking command in '/home/maxx/naviguard_ws/build/naviguard_description': CMAKE_PREFIX_PATH=${CMAKE_PREFIX_PATH}:/opt/ros/jazzy /usr/bin/cmake --build /home/maxx/naviguard_ws/build/naviguard_description -- -j12 -l12
[0.638s] INFO:colcon.colcon_core.task.python.build:Building Python package in '/home/maxx/naviguard_ws/src/naviguard_navigation'
[0.639s] INFO:colcon.colcon_core.shell:Skip shell extension 'powershell' for command environment: Not usable outside of PowerShell
[0.639s] DEBUG:colcon.colcon_core.shell:Skip shell extension 'dsv' for command environment
[0.796s] INFO:colcon.colcon_core.task.python.build:Building Python package in '/home/maxx/naviguard_ws/src/naviguard_perception'
[0.796s] INFO:colcon.colcon_core.shell:Skip shell extension 'powershell' for command environment: Not usable outside of PowerShell
[0.796s] DEBUG:colcon.colcon_core.shell:Skip shell extension 'dsv' for command environment
[0.948s] INFO:colcon.colcon_core.task.python.build:Building Python package in '/home/maxx/naviguard_ws/src/naviguard_recovery'
[0.948s] INFO:colcon.colcon_core.shell:Skip shell extension 'powershell' for command environment: Not usable outside of PowerShell
[0.948s] DEBUG:colcon.colcon_core.shell:Skip shell extension 'dsv' for command environment
[1.106s] INFO:colcon.colcon_core.task.python.build:Building Python package in '/home/maxx/naviguard_ws/src/naviguard_sensor_sync'
[1.106s] INFO:colcon.colcon_core.shell:Skip shell extension 'powershell' for command environment: Not usable outside of PowerShell
[1.107s] DEBUG:colcon.colcon_core.shell:Skip shell extension 'dsv' for command environment
[1.262s] INFO:colcon.colcon_core.task.python.build:Building Python package in '/home/maxx/naviguard_ws/src/naviguard_slam'
[1.262s] INFO:colcon.colcon_core.shell:Skip shell extension 'powershell' for command environment: Not usable outside of PowerShell
[1.262s] DEBUG:colcon.colcon_core.shell:Skip shell extension 'dsv' for command environment
[1.417s] INFO:colcon.colcon_core.task.python.build:Building Python package in '/home/maxx/naviguard_ws/src/naviguard_state_estimation'
[1.417s] INFO:colcon.colcon_core.shell:Skip shell extension 'powershell' for command environment: Not usable outside of PowerShell
[1.417s] DEBUG:colcon.colcon_core.shell:Skip shell extension 'dsv' for command environment
[1.566s] INFO:colcon.colcon_core.task.python.build:Building Python package in '/home/maxx/naviguard_ws/src/naviguard_visual_odometry'
[1.567s] INFO:colcon.colcon_core.shell:Skip shell extension 'powershell' for command environment: Not usable outside of PowerShell
[1.567s] DEBUG:colcon.colcon_core.shell:Skip shell extension 'dsv' for command environment
[1.572s] DEBUG:colcon.colcon_core.event_handler.log_command:Invoked command in '/home/maxx/naviguard_ws/build/naviguard_description' returned '0': CMAKE_PREFIX_PATH=${CMAKE_PREFIX_PATH}:/opt/ros/jazzy /usr/bin/cmake --build /home/maxx/naviguard_ws/build/naviguard_description -- -j12 -l12
[1.581s] DEBUG:colcon.colcon_core.event_handler.log_command:Invoking command in '/home/maxx/naviguard_ws/build/naviguard_description': CMAKE_PREFIX_PATH=${CMAKE_PREFIX_PATH}:/opt/ros/jazzy /usr/bin/cmake --install /home/maxx/naviguard_ws/build/naviguard_description
[1.612s] Level 1:colcon.colcon_core.environment:create_environment_scripts_only(naviguard_description)
[1.612s] DEBUG:colcon.colcon_core.event_handler.log_command:Invoked command in '/home/maxx/naviguard_ws/build/naviguard_description' returned '0': CMAKE_PREFIX_PATH=${CMAKE_PREFIX_PATH}:/opt/ros/jazzy /usr/bin/cmake --install /home/maxx/naviguard_ws/build/naviguard_description
[1.615s] Level 1:colcon.colcon_core.environment:checking '/home/maxx/naviguard_ws/install/naviguard_description' for CMake module files
[1.616s] Level 1:colcon.colcon_core.environment:checking '/home/maxx/naviguard_ws/install/naviguard_description' for CMake config files
[1.616s] Level 1:colcon.colcon_core.shell:create_environment_hook('naviguard_description', 'cmake_prefix_path')
[1.616s] INFO:colcon.colcon_core.shell:Creating environment hook '/home/maxx/naviguard_ws/install/naviguard_description/share/naviguard_description/hook/cmake_prefix_path.ps1'
[1.617s] INFO:colcon.colcon_core.shell:Creating environment descriptor '/home/maxx/naviguard_ws/install/naviguard_description/share/naviguard_description/hook/cmake_prefix_path.dsv'
[1.617s] INFO:colcon.colcon_core.shell:Creating environment hook '/home/maxx/naviguard_ws/install/naviguard_description/share/naviguard_description/hook/cmake_prefix_path.sh'
[1.618s] Level 1:colcon.colcon_core.environment:checking '/home/maxx/naviguard_ws/install/naviguard_description/bin'
[1.619s] Level 1:colcon.colcon_core.environment:checking '/home/maxx/naviguard_ws/install/naviguard_description/lib/pkgconfig/naviguard_description.pc'
[1.619s] Level 1:colcon.colcon_core.environment:checking '/home/maxx/naviguard_ws/install/naviguard_description/lib/python3.12/site-packages'
[1.619s] Level 1:colcon.colcon_core.environment:checking '/home/maxx/naviguard_ws/install/naviguard_description/bin'
[1.620s] INFO:colcon.colcon_core.shell:Creating package script '/home/maxx/naviguard_ws/install/naviguard_description/share/naviguard_description/package.ps1'
[1.621s] INFO:colcon.colcon_core.shell:Creating package descriptor '/home/maxx/naviguard_ws/install/naviguard_description/share/naviguard_description/package.dsv'
[1.622s] INFO:colcon.colcon_core.shell:Creating package script '/home/maxx/naviguard_ws/install/naviguard_description/share/naviguard_description/package.sh'
[1.623s] INFO:colcon.colcon_core.shell:Creating package script '/home/maxx/naviguard_ws/install/naviguard_description/share/naviguard_description/package.bash'
[1.624s] INFO:colcon.colcon_core.shell:Creating package script '/home/maxx/naviguard_ws/install/naviguard_description/share/naviguard_description/package.zsh'
[1.625s] Level 1:colcon.colcon_core.environment:create_file_with_runtime_dependencies(/home/maxx/naviguard_ws/install/naviguard_description/share/colcon-core/packages/naviguard_description)
[1.625s] Level 1:colcon.colcon_core.environment:create_environment_scripts_only(naviguard_description)
[1.626s] Level 1:colcon.colcon_core.environment:checking '/home/maxx/naviguard_ws/install/naviguard_description' for CMake module files
[1.626s] Level 1:colcon.colcon_core.environment:checking '/home/maxx/naviguard_ws/install/naviguard_description' for CMake config files
[1.626s] Level 1:colcon.colcon_core.shell:create_environment_hook('naviguard_description', 'cmake_prefix_path')
[1.626s] INFO:colcon.colcon_core.shell:Creating environment hook '/home/maxx/naviguard_ws/install/naviguard_description/share/naviguard_description/hook/cmake_prefix_path.ps1'
[1.627s] INFO:colcon.colcon_core.shell:Creating environment descriptor '/home/maxx/naviguard_ws/install/naviguard_description/share/naviguard_description/hook/cmake_prefix_path.dsv'
[1.627s] INFO:colcon.colcon_core.shell:Creating environment hook '/home/maxx/naviguard_ws/install/naviguard_description/share/naviguard_description/hook/cmake_prefix_path.sh'
[1.628s] Level 1:colcon.colcon_core.environment:checking '/home/maxx/naviguard_ws/install/naviguard_description/bin'
[1.628s] Level 1:colcon.colcon_core.environment:checking '/home/maxx/naviguard_ws/install/naviguard_description/lib/pkgconfig/naviguard_description.pc'
[1.628s] Level 1:colcon.colcon_core.environment:checking '/home/maxx/naviguard_ws/install/naviguard_description/lib/python3.12/site-packages'
[1.629s] Level 1:colcon.colcon_core.environment:checking '/home/maxx/naviguard_ws/install/naviguard_description/bin'
[1.629s] INFO:colcon.colcon_core.shell:Creating package script '/home/maxx/naviguard_ws/install/naviguard_description/share/naviguard_description/package.ps1'
[1.630s] INFO:colcon.colcon_core.shell:Creating package descriptor '/home/maxx/naviguard_ws/install/naviguard_description/share/naviguard_description/package.dsv'
[1.630s] INFO:colcon.colcon_core.shell:Creating package script '/home/maxx/naviguard_ws/install/naviguard_description/share/naviguard_description/package.sh'
[1.631s] INFO:colcon.colcon_core.shell:Creating package script '/home/maxx/naviguard_ws/install/naviguard_description/share/naviguard_description/package.bash'
[1.631s] INFO:colcon.colcon_core.shell:Creating package script '/home/maxx/naviguard_ws/install/naviguard_description/share/naviguard_description/package.zsh'
[1.632s] Level 1:colcon.colcon_core.environment:create_file_with_runtime_dependencies(/home/maxx/naviguard_ws/install/naviguard_description/share/colcon-core/packages/naviguard_description)
[2.299s] DEBUG:colcon.colcon_core.task.python.build:Available setuptools commands: easy_install, editable_wheel, test, build_scripts, rotate, upload_docs, build_clib, saveopts, build, egg_info, bdist_wheel, upload, check, install, develop, bdist, dist_info, compile_catalog, extract_messages, install_egg_info, install_data, register, install_headers, setopt, symlink_data, install_scripts, bdist_egg, sdist, install_lib, clean, init_catalog, update_catalog, build_py, build_ext, bdist_dumb, alias, bdist_rpm
[2.338s] DEBUG:colcon.colcon_core.task.python.build:Available setuptools commands: easy_install, editable_wheel, test, build_scripts, rotate, upload_docs, build_clib, saveopts, build, egg_info, bdist_wheel, upload, check, install, develop, bdist, dist_info, compile_catalog, extract_messages, install_egg_info, install_data, register, install_headers, setopt, symlink_data, install_scripts, bdist_egg, sdist, install_lib, clean, init_catalog, update_catalog, build_py, build_ext, bdist_dumb, alias, bdist_rpm
[2.345s] DEBUG:colcon.colcon_core.task.python.build:Available setuptools commands: easy_install, editable_wheel, test, build_scripts, rotate, upload_docs, build_clib, saveopts, build, egg_info, bdist_wheel, upload, check, install, develop, bdist, dist_info, compile_catalog, extract_messages, install_egg_info, install_data, register, install_headers, setopt, symlink_data, install_scripts, bdist_egg, sdist, install_lib, clean, init_catalog, update_catalog, build_py, build_ext, bdist_dumb, alias, bdist_rpm
[2.373s] DEBUG:colcon.colcon_core.task.python.build:Available setuptools commands: easy_install, editable_wheel, test, build_scripts, rotate, upload_docs, build_clib, saveopts, build, egg_info, bdist_wheel, upload, check, install, develop, bdist, dist_info, compile_catalog, extract_messages, install_egg_info, install_data, register, install_headers, setopt, symlink_data, install_scripts, bdist_egg, sdist, install_lib, clean, init_catalog, update_catalog, build_py, build_ext, bdist_dumb, alias, bdist_rpm
[2.386s] DEBUG:colcon.colcon_core.task.python.build:Available setuptools commands: easy_install, editable_wheel, test, build_scripts, rotate, upload_docs, build_clib, saveopts, build, egg_info, bdist_wheel, upload, check, install, develop, bdist, dist_info, compile_catalog, extract_messages, install_egg_info, install_data, register, install_headers, setopt, symlink_data, install_scripts, bdist_egg, sdist, install_lib, clean, init_catalog, update_catalog, build_py, build_ext, bdist_dumb, alias, bdist_rpm
[2.390s] DEBUG:colcon.colcon_core.task.python.build:Available setuptools commands: easy_install, editable_wheel, test, build_scripts, rotate, upload_docs, build_clib, saveopts, build, egg_info, bdist_wheel, upload, check, install, develop, bdist, dist_info, compile_catalog, extract_messages, install_egg_info, install_data, register, install_headers, setopt, symlink_data, install_scripts, bdist_egg, sdist, install_lib, clean, init_catalog, update_catalog, build_py, build_ext, bdist_dumb, alias, bdist_rpm
[2.405s] DEBUG:colcon.colcon_core.task.python.build:Available setuptools commands: easy_install, editable_wheel, test, build_scripts, rotate, upload_docs, build_clib, saveopts, build, egg_info, bdist_wheel, upload, check, install, develop, bdist, dist_info, compile_catalog, extract_messages, install_egg_info, install_data, register, install_headers, setopt, symlink_data, install_scripts, bdist_egg, sdist, install_lib, clean, init_catalog, update_catalog, build_py, build_ext, bdist_dumb, alias, bdist_rpm
[2.437s] DEBUG:colcon.colcon_core.task.python.build:Available setuptools commands: easy_install, editable_wheel, test, build_scripts, rotate, upload_docs, build_clib, saveopts, build, egg_info, bdist_wheel, upload, check, install, develop, bdist, dist_info, compile_catalog, extract_messages, install_egg_info, install_data, register, install_headers, setopt, symlink_data, install_scripts, bdist_egg, sdist, install_lib, clean, init_catalog, update_catalog, build_py, build_ext, bdist_dumb, alias, bdist_rpm
[2.763s] DEBUG:colcon.colcon_core.task.python.build:Available setuptools 'develop' options: --force-installation-into-system-dir, --local-snapshots-ok, --no-user-cfg, --find-links, --version, --script-dir, --install-dir, --no-deps, --help, --no-find-links, --multi-version, --dry-run, --quiet, --egg-path, --site-dirs, --verbose, --install-layout, --always-copy, --prefix, --allow-hosts, --zip-ok, --build-directory, --exclude-scripts, --always-unzip, --index-url, --uninstall, --optimize, --upgrade, --editable, --user, --record
[2.765s] DEBUG:colcon.colcon_core.event_handler.log_command:Invoking command in '/home/maxx/naviguard_ws/build/naviguard_state_estimation': PYTHONPATH=/home/maxx/naviguard_ws/build/naviguard_state_estimation/prefix_override:/home/maxx/.local/lib/python3.12/site-packages/colcon_core/task/python/colcon_distutils_commands:/home/maxx/naviguard_ws/install/naviguard_state_estimation/lib/python3.12/site-packages:${PYTHONPATH} /usr/bin/python3 -W ignore:setup.py install is deprecated -W ignore:easy_install command is deprecated setup.py develop --editable --build-directory /home/maxx/naviguard_ws/build/naviguard_state_estimation/build --no-deps symlink_data
[2.784s] DEBUG:colcon.colcon_core.task.python.build:Available setuptools 'develop' options: --force-installation-into-system-dir, --local-snapshots-ok, --no-user-cfg, --find-links, --version, --script-dir, --install-dir, --no-deps, --help, --no-find-links, --multi-version, --dry-run, --quiet, --egg-path, --site-dirs, --verbose, --install-layout, --always-copy, --prefix, --allow-hosts, --zip-ok, --build-directory, --exclude-scripts, --always-unzip, --index-url, --uninstall, --optimize, --upgrade, --editable, --user, --record
[2.789s] DEBUG:colcon.colcon_core.event_handler.log_command:Invoking command in '/home/maxx/naviguard_ws/build/naviguard_navigation': PYTHONPATH=/home/maxx/naviguard_ws/build/naviguard_navigation/prefix_override:/home/maxx/.local/lib/python3.12/site-packages/colcon_core/task/python/colcon_distutils_commands:/home/maxx/naviguard_ws/install/naviguard_navigation/lib/python3.12/site-packages:${PYTHONPATH} /usr/bin/python3 -W ignore:setup.py install is deprecated -W ignore:easy_install command is deprecated setup.py develop --editable --build-directory /home/maxx/naviguard_ws/build/naviguard_navigation/build --no-deps symlink_data
[2.808s] DEBUG:colcon.colcon_core.task.python.build:Available setuptools 'develop' options: --force-installation-into-system-dir, --local-snapshots-ok, --no-user-cfg, --find-links, --version, --script-dir, --install-dir, --no-deps, --help, --no-find-links, --multi-version, --dry-run, --quiet, --egg-path, --site-dirs, --verbose, --install-layout, --always-copy, --prefix, --allow-hosts, --zip-ok, --build-directory, --exclude-scripts, --always-unzip, --index-url, --uninstall, --optimize, --upgrade, --editable, --user, --record
[2.812s] DEBUG:colcon.colcon_core.task.python.build:Available setuptools 'develop' options: --force-installation-into-system-dir, --local-snapshots-ok, --no-user-cfg, --find-links, --version, --script-dir, --install-dir, --no-deps, --help, --no-find-links, --multi-version, --dry-run, --quiet, --egg-path, --site-dirs, --verbose, --install-layout, --always-copy, --prefix, --allow-hosts, --zip-ok, --build-directory, --exclude-scripts, --always-unzip, --index-url, --uninstall, --optimize, --upgrade, --editable, --user, --record
[2.814s] DEBUG:colcon.colcon_core.event_handler.log_command:Invoking command in '/home/maxx/naviguard_ws/build/naviguard_sensor_sync': PYTHONPATH=/home/maxx/naviguard_ws/build/naviguard_sensor_sync/prefix_override:/home/maxx/.local/lib/python3.12/site-packages/colcon_core/task/python/colcon_distutils_commands:/home/maxx/naviguard_ws/install/naviguard_sensor_sync/lib/python3.12/site-packages:${PYTHONPATH} /usr/bin/python3 -W ignore:setup.py install is deprecated -W ignore:easy_install command is deprecated setup.py develop --editable --build-directory /home/maxx/naviguard_ws/build/naviguard_sensor_sync/build --no-deps symlink_data
[2.836s] DEBUG:colcon.colcon_core.task.python.build:Available setuptools 'develop' options: --force-installation-into-system-dir, --local-snapshots-ok, --no-user-cfg, --find-links, --version, --script-dir, --install-dir, --no-deps, --help, --no-find-links, --multi-version, --dry-run, --quiet, --egg-path, --site-dirs, --verbose, --install-layout, --always-copy, --prefix, --allow-hosts, --zip-ok, --build-directory, --exclude-scripts, --always-unzip, --index-url, --uninstall, --optimize, --upgrade, --editable, --user, --record
[2.838s] DEBUG:colcon.colcon_core.event_handler.log_command:Invoking command in '/home/maxx/naviguard_ws/build/naviguard_slam': PYTHONPATH=/home/maxx/naviguard_ws/build/naviguard_slam/prefix_override:/home/maxx/.local/lib/python3.12/site-packages/colcon_core/task/python/colcon_distutils_commands:/home/maxx/naviguard_ws/install/naviguard_slam/lib/python3.12/site-packages:${PYTHONPATH} /usr/bin/python3 -W ignore:setup.py install is deprecated -W ignore:easy_install command is deprecated setup.py develop --editable --build-directory /home/maxx/naviguard_ws/build/naviguard_slam/build --no-deps symlink_data
[2.841s] DEBUG:colcon.colcon_core.event_handler.log_command:Invoking command in '/home/maxx/naviguard_ws/build/naviguard_recovery': PYTHONPATH=/home/maxx/naviguard_ws/build/naviguard_recovery/prefix_override:/home/maxx/.local/lib/python3.12/site-packages/colcon_core/task/python/colcon_distutils_commands:/home/maxx/naviguard_ws/install/naviguard_recovery/lib/python3.12/site-packages:${PYTHONPATH} /usr/bin/python3 -W ignore:setup.py install is deprecated -W ignore:easy_install command is deprecated setup.py develop --editable --build-directory /home/maxx/naviguard_ws/build/naviguard_recovery/build --no-deps symlink_data
[2.864s] DEBUG:colcon.colcon_core.task.python.build:Available setuptools 'develop' options: --force-installation-into-system-dir, --local-snapshots-ok, --no-user-cfg, --find-links, --version, --script-dir, --install-dir, --no-deps, --help, --no-find-links, --multi-version, --dry-run, --quiet, --egg-path, --site-dirs, --verbose, --install-layout, --always-copy, --prefix, --allow-hosts, --zip-ok, --build-directory, --exclude-scripts, --always-unzip, --index-url, --uninstall, --optimize, --upgrade, --editable, --user, --record
[2.869s] DEBUG:colcon.colcon_core.event_handler.log_command:Invoking command in '/home/maxx/naviguard_ws/build/naviguard_confidence': PYTHONPATH=/home/maxx/naviguard_ws/build/naviguard_confidence/prefix_override:/home/maxx/.local/lib/python3.12/site-packages/colcon_core/task/python/colcon_distutils_commands:/home/maxx/naviguard_ws/install/naviguard_confidence/lib/python3.12/site-packages:${PYTHONPATH} /usr/bin/python3 -W ignore:setup.py install is deprecated -W ignore:easy_install command is deprecated setup.py develop --editable --build-directory /home/maxx/naviguard_ws/build/naviguard_confidence/build --no-deps symlink_data
[2.870s] DEBUG:colcon.colcon_core.task.python.build:Available setuptools 'develop' options: --force-installation-into-system-dir, --local-snapshots-ok, --no-user-cfg, --find-links, --version, --script-dir, --install-dir, --no-deps, --help, --no-find-links, --multi-version, --dry-run, --quiet, --egg-path, --site-dirs, --verbose, --install-layout, --always-copy, --prefix, --allow-hosts, --zip-ok, --build-directory, --exclude-scripts, --always-unzip, --index-url, --uninstall, --optimize, --upgrade, --editable, --user, --record
[2.873s] DEBUG:colcon.colcon_core.event_handler.log_command:Invoking command in '/home/maxx/naviguard_ws/build/naviguard_perception': PYTHONPATH=/home/maxx/naviguard_ws/build/naviguard_perception/prefix_override:/home/maxx/.local/lib/python3.12/site-packages/colcon_core/task/python/colcon_distutils_commands:/home/maxx/naviguard_ws/install/naviguard_perception/lib/python3.12/site-packages:${PYTHONPATH} /usr/bin/python3 -W ignore:setup.py install is deprecated -W ignore:easy_install command is deprecated setup.py develop --editable --build-directory /home/maxx/naviguard_ws/build/naviguard_perception/build --no-deps symlink_data
[2.886s] DEBUG:colcon.colcon_core.task.python.build:Available setuptools 'develop' options: --force-installation-into-system-dir, --local-snapshots-ok, --no-user-cfg, --find-links, --version, --script-dir, --install-dir, --no-deps, --help, --no-find-links, --multi-version, --dry-run, --quiet, --egg-path, --site-dirs, --verbose, --install-layout, --always-copy, --prefix, --allow-hosts, --zip-ok, --build-directory, --exclude-scripts, --always-unzip, --index-url, --uninstall, --optimize, --upgrade, --editable, --user, --record
[2.908s] DEBUG:colcon.colcon_core.event_handler.log_command:Invoking command in '/home/maxx/naviguard_ws/build/naviguard_visual_odometry': PYTHONPATH=/home/maxx/naviguard_ws/build/naviguard_visual_odometry/prefix_override:/home/maxx/.local/lib/python3.12/site-packages/colcon_core/task/python/colcon_distutils_commands:/home/maxx/naviguard_ws/install/naviguard_visual_odometry/lib/python3.12/site-packages:${PYTHONPATH} /usr/bin/python3 -W ignore:setup.py install is deprecated -W ignore:easy_install command is deprecated setup.py develop --editable --build-directory /home/maxx/naviguard_ws/build/naviguard_visual_odometry/build --no-deps symlink_data
[3.552s] Level 1:colcon.colcon_core.shell:create_environment_hook('naviguard_sensor_sync', 'pythonpath_develop')
[3.553s] DEBUG:colcon.colcon_core.event_handler.log_command:Invoked command in '/home/maxx/naviguard_ws/build/naviguard_sensor_sync' returned '0': PYTHONPATH=/home/maxx/naviguard_ws/build/naviguard_sensor_sync/prefix_override:/home/maxx/.local/lib/python3.12/site-packages/colcon_core/task/python/colcon_distutils_commands:/home/maxx/naviguard_ws/install/naviguard_sensor_sync/lib/python3.12/site-packages:${PYTHONPATH} /usr/bin/python3 -W ignore:setup.py install is deprecated -W ignore:easy_install command is deprecated setup.py develop --editable --build-directory /home/maxx/naviguard_ws/build/naviguard_sensor_sync/build --no-deps symlink_data
[3.553s] INFO:colcon.colcon_core.shell:Creating environment hook '/home/maxx/naviguard_ws/build/naviguard_sensor_sync/share/naviguard_sensor_sync/hook/pythonpath_develop.ps1'
[3.555s] INFO:colcon.colcon_core.shell:Creating environment descriptor '/home/maxx/naviguard_ws/build/naviguard_sensor_sync/share/naviguard_sensor_sync/hook/pythonpath_develop.dsv'
[3.555s] INFO:colcon.colcon_core.shell:Creating environment hook '/home/maxx/naviguard_ws/build/naviguard_sensor_sync/share/naviguard_sensor_sync/hook/pythonpath_develop.sh'
[3.557s] Level 1:colcon.colcon_core.environment:checking '/home/maxx/naviguard_ws/install/naviguard_sensor_sync' for CMake module files
[3.558s] Level 1:colcon.colcon_core.environment:checking '/home/maxx/naviguard_ws/install/naviguard_sensor_sync' for CMake config files
[3.559s] Level 1:colcon.colcon_core.environment:checking '/home/maxx/naviguard_ws/install/naviguard_sensor_sync/lib'
[3.560s] Level 1:colcon.colcon_core.environment:checking '/home/maxx/naviguard_ws/install/naviguard_sensor_sync/bin'
[3.560s] Level 1:colcon.colcon_core.environment:checking '/home/maxx/naviguard_ws/install/naviguard_sensor_sync/lib/pkgconfig/naviguard_sensor_sync.pc'
[3.560s] Level 1:colcon.colcon_core.environment:checking '/home/maxx/naviguard_ws/install/naviguard_sensor_sync/lib/python3.12/site-packages'
[3.560s] Level 1:colcon.colcon_core.shell:create_environment_hook('naviguard_sensor_sync', 'pythonpath')
[3.560s] INFO:colcon.colcon_core.shell:Creating environment hook '/home/maxx/naviguard_ws/install/naviguard_sensor_sync/share/naviguard_sensor_sync/hook/pythonpath.ps1'
[3.561s] INFO:colcon.colcon_core.shell:Creating environment descriptor '/home/maxx/naviguard_ws/install/naviguard_sensor_sync/share/naviguard_sensor_sync/hook/pythonpath.dsv'
[3.563s] INFO:colcon.colcon_core.shell:Creating environment hook '/home/maxx/naviguard_ws/install/naviguard_sensor_sync/share/naviguard_sensor_sync/hook/pythonpath.sh'
[3.564s] Level 1:colcon.colcon_core.environment:checking '/home/maxx/naviguard_ws/install/naviguard_sensor_sync/bin'
[3.564s] Level 1:colcon.colcon_core.environment:create_environment_scripts_only(naviguard_sensor_sync)
[3.565s] INFO:colcon.colcon_core.shell:Creating package script '/home/maxx/naviguard_ws/install/naviguard_sensor_sync/share/naviguard_sensor_sync/package.ps1'
[3.573s] INFO:colcon.colcon_core.shell:Creating package descriptor '/home/maxx/naviguard_ws/install/naviguard_sensor_sync/share/naviguard_sensor_sync/package.dsv'
[3.578s] INFO:colcon.colcon_core.shell:Creating package script '/home/maxx/naviguard_ws/install/naviguard_sensor_sync/share/naviguard_sensor_sync/package.sh'
[3.581s] INFO:colcon.colcon_core.shell:Creating package script '/home/maxx/naviguard_ws/install/naviguard_sensor_sync/share/naviguard_sensor_sync/package.bash'
[3.583s] INFO:colcon.colcon_core.shell:Creating package script '/home/maxx/naviguard_ws/install/naviguard_sensor_sync/share/naviguard_sensor_sync/package.zsh'
[3.585s] Level 1:colcon.colcon_core.environment:create_file_with_runtime_dependencies(/home/maxx/naviguard_ws/install/naviguard_sensor_sync/share/colcon-core/packages/naviguard_sensor_sync)
[3.631s] Level 1:colcon.colcon_core.shell:create_environment_hook('naviguard_visual_odometry', 'pythonpath_develop')
[3.632s] INFO:colcon.colcon_core.shell:Creating environment hook '/home/maxx/naviguard_ws/build/naviguard_visual_odometry/share/naviguard_visual_odometry/hook/pythonpath_develop.ps1'
[3.633s] DEBUG:colcon.colcon_core.event_handler.log_command:Invoked command in '/home/maxx/naviguard_ws/build/naviguard_visual_odometry' returned '0': PYTHONPATH=/home/maxx/naviguard_ws/build/naviguard_visual_odometry/prefix_override:/home/maxx/.local/lib/python3.12/site-packages/colcon_core/task/python/colcon_distutils_commands:/home/maxx/naviguard_ws/install/naviguard_visual_odometry/lib/python3.12/site-packages:${PYTHONPATH} /usr/bin/python3 -W ignore:setup.py install is deprecated -W ignore:easy_install command is deprecated setup.py develop --editable --build-directory /home/maxx/naviguard_ws/build/naviguard_visual_odometry/build --no-deps symlink_data
[3.634s] INFO:colcon.colcon_core.shell:Creating environment descriptor '/home/maxx/naviguard_ws/build/naviguard_visual_odometry/share/naviguard_visual_odometry/hook/pythonpath_develop.dsv'
[3.635s] INFO:colcon.colcon_core.shell:Creating environment hook '/home/maxx/naviguard_ws/build/naviguard_visual_odometry/share/naviguard_visual_odometry/hook/pythonpath_develop.sh'
[3.636s] Level 1:colcon.colcon_core.environment:checking '/home/maxx/naviguard_ws/install/naviguard_visual_odometry' for CMake module files
[3.637s] Level 1:colcon.colcon_core.environment:checking '/home/maxx/naviguard_ws/install/naviguard_visual_odometry' for CMake config files
[3.638s] Level 1:colcon.colcon_core.environment:checking '/home/maxx/naviguard_ws/install/naviguard_visual_odometry/lib'
[3.639s] Level 1:colcon.colcon_core.environment:checking '/home/maxx/naviguard_ws/install/naviguard_visual_odometry/bin'
[3.639s] Level 1:colcon.colcon_core.environment:checking '/home/maxx/naviguard_ws/install/naviguard_visual_odometry/lib/pkgconfig/naviguard_visual_odometry.pc'
[3.639s] Level 1:colcon.colcon_core.environment:checking '/home/maxx/naviguard_ws/install/naviguard_visual_odometry/lib/python3.12/site-packages'
[3.639s] Level 1:colcon.colcon_core.shell:create_environment_hook('naviguard_visual_odometry', 'pythonpath')
[3.640s] INFO:colcon.colcon_core.shell:Creating environment hook '/home/maxx/naviguard_ws/install/naviguard_visual_odometry/share/naviguard_visual_odometry/hook/pythonpath.ps1'
[3.641s] INFO:colcon.colcon_core.shell:Creating environment descriptor '/home/maxx/naviguard_ws/install/naviguard_visual_odometry/share/naviguard_visual_odometry/hook/pythonpath.dsv'
[3.641s] INFO:colcon.colcon_core.shell:Creating environment hook '/home/maxx/naviguard_ws/install/naviguard_visual_odometry/share/naviguard_visual_odometry/hook/pythonpath.sh'
[3.643s] Level 1:colcon.colcon_core.environment:checking '/home/maxx/naviguard_ws/install/naviguard_visual_odometry/bin'
[3.643s] Level 1:colcon.colcon_core.environment:create_environment_scripts_only(naviguard_visual_odometry)
[3.643s] INFO:colcon.colcon_core.shell:Creating package script '/home/maxx/naviguard_ws/install/naviguard_visual_odometry/share/naviguard_visual_odometry/package.ps1'
[3.644s] INFO:colcon.colcon_core.shell:Creating package descriptor '/home/maxx/naviguard_ws/install/naviguard_visual_odometry/share/naviguard_visual_odometry/package.dsv'
[3.645s] INFO:colcon.colcon_core.shell:Creating package script '/home/maxx/naviguard_ws/install/naviguard_visual_odometry/share/naviguard_visual_odometry/package.sh'
[3.646s] INFO:colcon.colcon_core.shell:Creating package script '/home/maxx/naviguard_ws/install/naviguard_visual_odometry/share/naviguard_visual_odometry/package.bash'
[3.646s] INFO:colcon.colcon_core.shell:Creating package script '/home/maxx/naviguard_ws/install/naviguard_visual_odometry/share/naviguard_visual_odometry/package.zsh'
[3.646s] Level 1:colcon.colcon_core.environment:create_file_with_runtime_dependencies(/home/maxx/naviguard_ws/install/naviguard_visual_odometry/share/colcon-core/packages/naviguard_visual_odometry)
[3.656s] Level 1:colcon.colcon_core.shell:create_environment_hook('naviguard_state_estimation', 'pythonpath_develop')
[3.657s] INFO:colcon.colcon_core.shell:Creating environment hook '/home/maxx/naviguard_ws/build/naviguard_state_estimation/share/naviguard_state_estimation/hook/pythonpath_develop.ps1'
[3.657s] DEBUG:colcon.colcon_core.event_handler.log_command:Invoked command in '/home/maxx/naviguard_ws/build/naviguard_state_estimation' returned '0': PYTHONPATH=/home/maxx/naviguard_ws/build/naviguard_state_estimation/prefix_override:/home/maxx/.local/lib/python3.12/site-packages/colcon_core/task/python/colcon_distutils_commands:/home/maxx/naviguard_ws/install/naviguard_state_estimation/lib/python3.12/site-packages:${PYTHONPATH} /usr/bin/python3 -W ignore:setup.py install is deprecated -W ignore:easy_install command is deprecated setup.py develop --editable --build-directory /home/maxx/naviguard_ws/build/naviguard_state_estimation/build --no-deps symlink_data
[3.660s] INFO:colcon.colcon_core.shell:Creating environment descriptor '/home/maxx/naviguard_ws/build/naviguard_state_estimation/share/naviguard_state_estimation/hook/pythonpath_develop.dsv'
[3.661s] INFO:colcon.colcon_core.shell:Creating environment hook '/home/maxx/naviguard_ws/build/naviguard_state_estimation/share/naviguard_state_estimation/hook/pythonpath_develop.sh'
[3.662s] Level 1:colcon.colcon_core.environment:checking '/home/maxx/naviguard_ws/install/naviguard_state_estimation' for CMake module files
[3.662s] Level 1:colcon.colcon_core.environment:checking '/home/maxx/naviguard_ws/install/naviguard_state_estimation' for CMake config files
[3.663s] Level 1:colcon.colcon_core.environment:checking '/home/maxx/naviguard_ws/install/naviguard_state_estimation/lib'
[3.663s] Level 1:colcon.colcon_core.environment:checking '/home/maxx/naviguard_ws/install/naviguard_state_estimation/bin'
[3.663s] Level 1:colcon.colcon_core.environment:checking '/home/maxx/naviguard_ws/install/naviguard_state_estimation/lib/pkgconfig/naviguard_state_estimation.pc'
[3.663s] Level 1:colcon.colcon_core.environment:checking '/home/maxx/naviguard_ws/install/naviguard_state_estimation/lib/python3.12/site-packages'
[3.663s] Level 1:colcon.colcon_core.shell:create_environment_hook('naviguard_state_estimation', 'pythonpath')
[3.663s] INFO:colcon.colcon_core.shell:Creating environment hook '/home/maxx/naviguard_ws/install/naviguard_state_estimation/share/naviguard_state_estimation/hook/pythonpath.ps1'
[3.664s] INFO:colcon.colcon_core.shell:Creating environment descriptor '/home/maxx/naviguard_ws/install/naviguard_state_estimation/share/naviguard_state_estimation/hook/pythonpath.dsv'
[3.664s] INFO:colcon.colcon_core.shell:Creating environment hook '/home/maxx/naviguard_ws/install/naviguard_state_estimation/share/naviguard_state_estimation/hook/pythonpath.sh'
[3.665s] Level 1:colcon.colcon_core.environment:checking '/home/maxx/naviguard_ws/install/naviguard_state_estimation/bin'
[3.665s] Level 1:colcon.colcon_core.environment:create_environment_scripts_only(naviguard_state_estimation)
[3.666s] INFO:colcon.colcon_core.shell:Creating package script '/home/maxx/naviguard_ws/install/naviguard_state_estimation/share/naviguard_state_estimation/package.ps1'
[3.667s] INFO:colcon.colcon_core.shell:Creating package descriptor '/home/maxx/naviguard_ws/install/naviguard_state_estimation/share/naviguard_state_estimation/package.dsv'
[3.668s] INFO:colcon.colcon_core.shell:Creating package script '/home/maxx/naviguard_ws/install/naviguard_state_estimation/share/naviguard_state_estimation/package.sh'
[3.670s] INFO:colcon.colcon_core.shell:Creating package script '/home/maxx/naviguard_ws/install/naviguard_state_estimation/share/naviguard_state_estimation/package.bash'
[3.671s] INFO:colcon.colcon_core.shell:Creating package script '/home/maxx/naviguard_ws/install/naviguard_state_estimation/share/naviguard_state_estimation/package.zsh'
[3.673s] Level 1:colcon.colcon_core.environment:create_file_with_runtime_dependencies(/home/maxx/naviguard_ws/install/naviguard_state_estimation/share/colcon-core/packages/naviguard_state_estimation)
[3.678s] Level 1:colcon.colcon_core.shell:create_environment_hook('naviguard_slam', 'pythonpath_develop')
[3.678s] INFO:colcon.colcon_core.shell:Creating environment hook '/home/maxx/naviguard_ws/build/naviguard_slam/share/naviguard_slam/hook/pythonpath_develop.ps1'
[3.680s] DEBUG:colcon.colcon_core.event_handler.log_command:Invoked command in '/home/maxx/naviguard_ws/build/naviguard_slam' returned '0': PYTHONPATH=/home/maxx/naviguard_ws/build/naviguard_slam/prefix_override:/home/maxx/.local/lib/python3.12/site-packages/colcon_core/task/python/colcon_distutils_commands:/home/maxx/naviguard_ws/install/naviguard_slam/lib/python3.12/site-packages:${PYTHONPATH} /usr/bin/python3 -W ignore:setup.py install is deprecated -W ignore:easy_install command is deprecated setup.py develop --editable --build-directory /home/maxx/naviguard_ws/build/naviguard_slam/build --no-deps symlink_data
[3.681s] INFO:colcon.colcon_core.shell:Creating environment descriptor '/home/maxx/naviguard_ws/build/naviguard_slam/share/naviguard_slam/hook/pythonpath_develop.dsv'
[3.681s] INFO:colcon.colcon_core.shell:Creating environment hook '/home/maxx/naviguard_ws/build/naviguard_slam/share/naviguard_slam/hook/pythonpath_develop.sh'
[3.682s] Level 1:colcon.colcon_core.environment:checking '/home/maxx/naviguard_ws/install/naviguard_slam' for CMake module files
[3.682s] Level 1:colcon.colcon_core.environment:checking '/home/maxx/naviguard_ws/install/naviguard_slam' for CMake config files
[3.683s] Level 1:colcon.colcon_core.environment:checking '/home/maxx/naviguard_ws/install/naviguard_slam/lib'
[3.683s] Level 1:colcon.colcon_core.environment:checking '/home/maxx/naviguard_ws/install/naviguard_slam/bin'
[3.683s] Level 1:colcon.colcon_core.environment:checking '/home/maxx/naviguard_ws/install/naviguard_slam/lib/pkgconfig/naviguard_slam.pc'
[3.683s] Level 1:colcon.colcon_core.environment:checking '/home/maxx/naviguard_ws/install/naviguard_slam/lib/python3.12/site-packages'
[3.683s] Level 1:colcon.colcon_core.shell:create_environment_hook('naviguard_slam', 'pythonpath')
[3.684s] INFO:colcon.colcon_core.shell:Creating environment hook '/home/maxx/naviguard_ws/install/naviguard_slam/share/naviguard_slam/hook/pythonpath.ps1'
[3.684s] INFO:colcon.colcon_core.shell:Creating environment descriptor '/home/maxx/naviguard_ws/install/naviguard_slam/share/naviguard_slam/hook/pythonpath.dsv'
[3.685s] INFO:colcon.colcon_core.shell:Creating environment hook '/home/maxx/naviguard_ws/install/naviguard_slam/share/naviguard_slam/hook/pythonpath.sh'
[3.685s] Level 1:colcon.colcon_core.environment:checking '/home/maxx/naviguard_ws/install/naviguard_slam/bin'
[3.686s] Level 1:colcon.colcon_core.environment:create_environment_scripts_only(naviguard_slam)
[3.686s] INFO:colcon.colcon_core.shell:Creating package script '/home/maxx/naviguard_ws/install/naviguard_slam/share/naviguard_slam/package.ps1'
[3.687s] INFO:colcon.colcon_core.shell:Creating package descriptor '/home/maxx/naviguard_ws/install/naviguard_slam/share/naviguard_slam/package.dsv'
[3.687s] INFO:colcon.colcon_core.shell:Creating package script '/home/maxx/naviguard_ws/install/naviguard_slam/share/naviguard_slam/package.sh'
[3.688s] INFO:colcon.colcon_core.shell:Creating package script '/home/maxx/naviguard_ws/install/naviguard_slam/share/naviguard_slam/package.bash'
[3.688s] INFO:colcon.colcon_core.shell:Creating package script '/home/maxx/naviguard_ws/install/naviguard_slam/share/naviguard_slam/package.zsh'
[3.688s] Level 1:colcon.colcon_core.environment:create_file_with_runtime_dependencies(/home/maxx/naviguard_ws/install/naviguard_slam/share/colcon-core/packages/naviguard_slam)
[3.690s] Level 1:colcon.colcon_core.shell:create_environment_hook('naviguard_navigation', 'pythonpath_develop')
[3.690s] INFO:colcon.colcon_core.shell:Creating environment hook '/home/maxx/naviguard_ws/build/naviguard_navigation/share/naviguard_navigation/hook/pythonpath_develop.ps1'
[3.691s] INFO:colcon.colcon_core.shell:Creating environment descriptor '/home/maxx/naviguard_ws/build/naviguard_navigation/share/naviguard_navigation/hook/pythonpath_develop.dsv'
[3.692s] DEBUG:colcon.colcon_core.event_handler.log_command:Invoked command in '/home/maxx/naviguard_ws/build/naviguard_navigation' returned '0': PYTHONPATH=/home/maxx/naviguard_ws/build/naviguard_navigation/prefix_override:/home/maxx/.local/lib/python3.12/site-packages/colcon_core/task/python/colcon_distutils_commands:/home/maxx/naviguard_ws/install/naviguard_navigation/lib/python3.12/site-packages:${PYTHONPATH} /usr/bin/python3 -W ignore:setup.py install is deprecated -W ignore:easy_install command is deprecated setup.py develop --editable --build-directory /home/maxx/naviguard_ws/build/naviguard_navigation/build --no-deps symlink_data
[3.693s] INFO:colcon.colcon_core.shell:Creating environment hook '/home/maxx/naviguard_ws/build/naviguard_navigation/share/naviguard_navigation/hook/pythonpath_develop.sh'
[3.694s] Level 1:colcon.colcon_core.environment:checking '/home/maxx/naviguard_ws/install/naviguard_navigation' for CMake module files
[3.695s] Level 1:colcon.colcon_core.environment:checking '/home/maxx/naviguard_ws/install/naviguard_navigation' for CMake config files
[3.696s] Level 1:colcon.colcon_core.environment:checking '/home/maxx/naviguard_ws/install/naviguard_navigation/lib'
[3.696s] Level 1:colcon.colcon_core.environment:checking '/home/maxx/naviguard_ws/install/naviguard_navigation/bin'
[3.696s] Level 1:colcon.colcon_core.environment:checking '/home/maxx/naviguard_ws/install/naviguard_navigation/lib/pkgconfig/naviguard_navigation.pc'
[3.696s] Level 1:colcon.colcon_core.environment:checking '/home/maxx/naviguard_ws/install/naviguard_navigation/lib/python3.12/site-packages'
[3.696s] Level 1:colcon.colcon_core.shell:create_environment_hook('naviguard_navigation', 'pythonpath')
[3.697s] INFO:colcon.colcon_core.shell:Creating environment hook '/home/maxx/naviguard_ws/install/naviguard_navigation/share/naviguard_navigation/hook/pythonpath.ps1'
[3.697s] INFO:colcon.colcon_core.shell:Creating environment descriptor '/home/maxx/naviguard_ws/install/naviguard_navigation/share/naviguard_navigation/hook/pythonpath.dsv'
[3.698s] INFO:colcon.colcon_core.shell:Creating environment hook '/home/maxx/naviguard_ws/install/naviguard_navigation/share/naviguard_navigation/hook/pythonpath.sh'
[3.699s] Level 1:colcon.colcon_core.environment:checking '/home/maxx/naviguard_ws/install/naviguard_navigation/bin'
[3.699s] Level 1:colcon.colcon_core.environment:create_environment_scripts_only(naviguard_navigation)
[3.699s] INFO:colcon.colcon_core.shell:Creating package script '/home/maxx/naviguard_ws/install/naviguard_navigation/share/naviguard_navigation/package.ps1'
[3.700s] INFO:colcon.colcon_core.shell:Creating package descriptor '/home/maxx/naviguard_ws/install/naviguard_navigation/share/naviguard_navigation/package.dsv'
[3.700s] INFO:colcon.colcon_core.shell:Creating package script '/home/maxx/naviguard_ws/install/naviguard_navigation/share/naviguard_navigation/package.sh'
[3.701s] INFO:colcon.colcon_core.shell:Creating package script '/home/maxx/naviguard_ws/install/naviguard_navigation/share/naviguard_navigation/package.bash'
[3.701s] INFO:colcon.colcon_core.shell:Creating package script '/home/maxx/naviguard_ws/install/naviguard_navigation/share/naviguard_navigation/package.zsh'
[3.701s] Level 1:colcon.colcon_core.environment:create_file_with_runtime_dependencies(/home/maxx/naviguard_ws/install/naviguard_navigation/share/colcon-core/packages/naviguard_navigation)
[3.703s] Level 1:colcon.colcon_core.shell:create_environment_hook('naviguard_perception', 'pythonpath_develop')
[3.703s] INFO:colcon.colcon_core.shell:Creating environment hook '/home/maxx/naviguard_ws/build/naviguard_perception/share/naviguard_perception/hook/pythonpath_develop.ps1'
[3.704s] DEBUG:colcon.colcon_core.event_handler.log_command:Invoked command in '/home/maxx/naviguard_ws/build/naviguard_perception' returned '0': PYTHONPATH=/home/maxx/naviguard_ws/build/naviguard_perception/prefix_override:/home/maxx/.local/lib/python3.12/site-packages/colcon_core/task/python/colcon_distutils_commands:/home/maxx/naviguard_ws/install/naviguard_perception/lib/python3.12/site-packages:${PYTHONPATH} /usr/bin/python3 -W ignore:setup.py install is deprecated -W ignore:easy_install command is deprecated setup.py develop --editable --build-directory /home/maxx/naviguard_ws/build/naviguard_perception/build --no-deps symlink_data
[3.704s] INFO:colcon.colcon_core.shell:Creating environment descriptor '/home/maxx/naviguard_ws/build/naviguard_perception/share/naviguard_perception/hook/pythonpath_develop.dsv'
[3.705s] INFO:colcon.colcon_core.shell:Creating environment hook '/home/maxx/naviguard_ws/build/naviguard_perception/share/naviguard_perception/hook/pythonpath_develop.sh'
[3.705s] Level 1:colcon.colcon_core.environment:checking '/home/maxx/naviguard_ws/install/naviguard_perception' for CMake module files
[3.706s] Level 1:colcon.colcon_core.environment:checking '/home/maxx/naviguard_ws/install/naviguard_perception' for CMake config files
[3.706s] Level 1:colcon.colcon_core.environment:checking '/home/maxx/naviguard_ws/install/naviguard_perception/lib'
[3.706s] Level 1:colcon.colcon_core.environment:checking '/home/maxx/naviguard_ws/install/naviguard_perception/bin'
[3.707s] Level 1:colcon.colcon_core.environment:checking '/home/maxx/naviguard_ws/install/naviguard_perception/lib/pkgconfig/naviguard_perception.pc'
[3.707s] Level 1:colcon.colcon_core.environment:checking '/home/maxx/naviguard_ws/install/naviguard_perception/lib/python3.12/site-packages'
[3.707s] Level 1:colcon.colcon_core.shell:create_environment_hook('naviguard_perception', 'pythonpath')
[3.707s] INFO:colcon.colcon_core.shell:Creating environment hook '/home/maxx/naviguard_ws/install/naviguard_perception/share/naviguard_perception/hook/pythonpath.ps1'
[3.707s] INFO:colcon.colcon_core.shell:Creating environment descriptor '/home/maxx/naviguard_ws/install/naviguard_perception/share/naviguard_perception/hook/pythonpath.dsv'
[3.708s] INFO:colcon.colcon_core.shell:Creating environment hook '/home/maxx/naviguard_ws/install/naviguard_perception/share/naviguard_perception/hook/pythonpath.sh'
[3.709s] Level 1:colcon.colcon_core.environment:checking '/home/maxx/naviguard_ws/install/naviguard_perception/bin'
[3.709s] Level 1:colcon.colcon_core.environment:create_environment_scripts_only(naviguard_perception)
[3.709s] INFO:colcon.colcon_core.shell:Creating package script '/home/maxx/naviguard_ws/install/naviguard_perception/share/naviguard_perception/package.ps1'
[3.710s] INFO:colcon.colcon_core.shell:Creating package descriptor '/home/maxx/naviguard_ws/install/naviguard_perception/share/naviguard_perception/package.dsv'
[3.710s] INFO:colcon.colcon_core.shell:Creating package script '/home/maxx/naviguard_ws/install/naviguard_perception/share/naviguard_perception/package.sh'
[3.710s] INFO:colcon.colcon_core.shell:Creating package script '/home/maxx/naviguard_ws/install/naviguard_perception/share/naviguard_perception/package.bash'
[3.711s] INFO:colcon.colcon_core.shell:Creating package script '/home/maxx/naviguard_ws/install/naviguard_perception/share/naviguard_perception/package.zsh'
[3.711s] Level 1:colcon.colcon_core.environment:create_file_with_runtime_dependencies(/home/maxx/naviguard_ws/install/naviguard_perception/share/colcon-core/packages/naviguard_perception)
[3.712s] Level 1:colcon.colcon_core.shell:create_environment_hook('naviguard_recovery', 'pythonpath_develop')
[3.713s] INFO:colcon.colcon_core.shell:Creating environment hook '/home/maxx/naviguard_ws/build/naviguard_recovery/share/naviguard_recovery/hook/pythonpath_develop.ps1'
[3.714s] DEBUG:colcon.colcon_core.event_handler.log_command:Invoked command in '/home/maxx/naviguard_ws/build/naviguard_recovery' returned '0': PYTHONPATH=/home/maxx/naviguard_ws/build/naviguard_recovery/prefix_override:/home/maxx/.local/lib/python3.12/site-packages/colcon_core/task/python/colcon_distutils_commands:/home/maxx/naviguard_ws/install/naviguard_recovery/lib/python3.12/site-packages:${PYTHONPATH} /usr/bin/python3 -W ignore:setup.py install is deprecated -W ignore:easy_install command is deprecated setup.py develop --editable --build-directory /home/maxx/naviguard_ws/build/naviguard_recovery/build --no-deps symlink_data
[3.714s] INFO:colcon.colcon_core.shell:Creating environment descriptor '/home/maxx/naviguard_ws/build/naviguard_recovery/share/naviguard_recovery/hook/pythonpath_develop.dsv'
[3.715s] INFO:colcon.colcon_core.shell:Creating environment hook '/home/maxx/naviguard_ws/build/naviguard_recovery/share/naviguard_recovery/hook/pythonpath_develop.sh'
[3.715s] Level 1:colcon.colcon_core.environment:checking '/home/maxx/naviguard_ws/install/naviguard_recovery' for CMake module files
[3.716s] Level 1:colcon.colcon_core.environment:checking '/home/maxx/naviguard_ws/install/naviguard_recovery' for CMake config files
[3.716s] Level 1:colcon.colcon_core.environment:checking '/home/maxx/naviguard_ws/install/naviguard_recovery/lib'
[3.716s] Level 1:colcon.colcon_core.environment:checking '/home/maxx/naviguard_ws/install/naviguard_recovery/bin'
[3.716s] Level 1:colcon.colcon_core.environment:checking '/home/maxx/naviguard_ws/install/naviguard_recovery/lib/pkgconfig/naviguard_recovery.pc'
[3.716s] Level 1:colcon.colcon_core.environment:checking '/home/maxx/naviguard_ws/install/naviguard_recovery/lib/python3.12/site-packages'
[3.717s] Level 1:colcon.colcon_core.shell:create_environment_hook('naviguard_recovery', 'pythonpath')
[3.717s] INFO:colcon.colcon_core.shell:Creating environment hook '/home/maxx/naviguard_ws/install/naviguard_recovery/share/naviguard_recovery/hook/pythonpath.ps1'
[3.718s] INFO:colcon.colcon_core.shell:Creating environment descriptor '/home/maxx/naviguard_ws/install/naviguard_recovery/share/naviguard_recovery/hook/pythonpath.dsv'
[3.718s] INFO:colcon.colcon_core.shell:Creating environment hook '/home/maxx/naviguard_ws/install/naviguard_recovery/share/naviguard_recovery/hook/pythonpath.sh'
[3.719s] Level 1:colcon.colcon_core.environment:checking '/home/maxx/naviguard_ws/install/naviguard_recovery/bin'
[3.719s] Level 1:colcon.colcon_core.environment:create_environment_scripts_only(naviguard_recovery)
[3.719s] INFO:colcon.colcon_core.shell:Creating package script '/home/maxx/naviguard_ws/install/naviguard_recovery/share/naviguard_recovery/package.ps1'
[3.720s] INFO:colcon.colcon_core.shell:Creating package descriptor '/home/maxx/naviguard_ws/install/naviguard_recovery/share/naviguard_recovery/package.dsv'
[3.720s] INFO:colcon.colcon_core.shell:Creating package script '/home/maxx/naviguard_ws/install/naviguard_recovery/share/naviguard_recovery/package.sh'
[3.721s] INFO:colcon.colcon_core.shell:Creating package script '/home/maxx/naviguard_ws/install/naviguard_recovery/share/naviguard_recovery/package.bash'
[3.721s] INFO:colcon.colcon_core.shell:Creating package script '/home/maxx/naviguard_ws/install/naviguard_recovery/share/naviguard_recovery/package.zsh'
[3.721s] Level 1:colcon.colcon_core.environment:create_file_with_runtime_dependencies(/home/maxx/naviguard_ws/install/naviguard_recovery/share/colcon-core/packages/naviguard_recovery)
[3.723s] Level 1:colcon.colcon_core.shell:create_environment_hook('naviguard_confidence', 'pythonpath_develop')
[3.723s] INFO:colcon.colcon_core.shell:Creating environment hook '/home/maxx/naviguard_ws/build/naviguard_confidence/share/naviguard_confidence/hook/pythonpath_develop.ps1'
[3.724s] DEBUG:colcon.colcon_core.event_handler.log_command:Invoked command in '/home/maxx/naviguard_ws/build/naviguard_confidence' returned '0': PYTHONPATH=/home/maxx/naviguard_ws/build/naviguard_confidence/prefix_override:/home/maxx/.local/lib/python3.12/site-packages/colcon_core/task/python/colcon_distutils_commands:/home/maxx/naviguard_ws/install/naviguard_confidence/lib/python3.12/site-packages:${PYTHONPATH} /usr/bin/python3 -W ignore:setup.py install is deprecated -W ignore:easy_install command is deprecated setup.py develop --editable --build-directory /home/maxx/naviguard_ws/build/naviguard_confidence/build --no-deps symlink_data
[3.724s] INFO:colcon.colcon_core.shell:Creating environment descriptor '/home/maxx/naviguard_ws/build/naviguard_confidence/share/naviguard_confidence/hook/pythonpath_develop.dsv'
[3.725s] INFO:colcon.colcon_core.shell:Creating environment hook '/home/maxx/naviguard_ws/build/naviguard_confidence/share/naviguard_confidence/hook/pythonpath_develop.sh'
[3.725s] Level 1:colcon.colcon_core.environment:checking '/home/maxx/naviguard_ws/install/naviguard_confidence' for CMake module files
[3.726s] Level 1:colcon.colcon_core.environment:checking '/home/maxx/naviguard_ws/install/naviguard_confidence' for CMake config files
[3.726s] Level 1:colcon.colcon_core.environment:checking '/home/maxx/naviguard_ws/install/naviguard_confidence/lib'
[3.726s] Level 1:colcon.colcon_core.environment:checking '/home/maxx/naviguard_ws/install/naviguard_confidence/bin'
[3.726s] Level 1:colcon.colcon_core.environment:checking '/home/maxx/naviguard_ws/install/naviguard_confidence/lib/pkgconfig/naviguard_confidence.pc'
[3.726s] Level 1:colcon.colcon_core.environment:checking '/home/maxx/naviguard_ws/install/naviguard_confidence/lib/python3.12/site-packages'
[3.727s] Level 1:colcon.colcon_core.shell:create_environment_hook('naviguard_confidence', 'pythonpath')
[3.727s] INFO:colcon.colcon_core.shell:Creating environment hook '/home/maxx/naviguard_ws/install/naviguard_confidence/share/naviguard_confidence/hook/pythonpath.ps1'
[3.727s] INFO:colcon.colcon_core.shell:Creating environment descriptor '/home/maxx/naviguard_ws/install/naviguard_confidence/share/naviguard_confidence/hook/pythonpath.dsv'
[3.727s] INFO:colcon.colcon_core.shell:Creating environment hook '/home/maxx/naviguard_ws/install/naviguard_confidence/share/naviguard_confidence/hook/pythonpath.sh'
[3.728s] Level 1:colcon.colcon_core.environment:checking '/home/maxx/naviguard_ws/install/naviguard_confidence/bin'
[3.728s] Level 1:colcon.colcon_core.environment:create_environment_scripts_only(naviguard_confidence)
[3.728s] INFO:colcon.colcon_core.shell:Creating package script '/home/maxx/naviguard_ws/install/naviguard_confidence/share/naviguard_confidence/package.ps1'
[3.729s] INFO:colcon.colcon_core.shell:Creating package descriptor '/home/maxx/naviguard_ws/install/naviguard_confidence/share/naviguard_confidence/package.dsv'
[3.730s] INFO:colcon.colcon_core.shell:Creating package script '/home/maxx/naviguard_ws/install/naviguard_confidence/share/naviguard_confidence/package.sh'
[3.731s] INFO:colcon.colcon_core.shell:Creating package script '/home/maxx/naviguard_ws/install/naviguard_confidence/share/naviguard_confidence/package.bash'
[3.731s] INFO:colcon.colcon_core.shell:Creating package script '/home/maxx/naviguard_ws/install/naviguard_confidence/share/naviguard_confidence/package.zsh'
[3.732s] Level 1:colcon.colcon_core.environment:create_file_with_runtime_dependencies(/home/maxx/naviguard_ws/install/naviguard_confidence/share/colcon-core/packages/naviguard_confidence)
[3.732s] DEBUG:colcon.colcon_parallel_executor.executor.parallel:closing loop
[3.736s] DEBUG:colcon.colcon_parallel_executor.executor.parallel:loop closed
[3.736s] DEBUG:colcon.colcon_parallel_executor.executor.parallel:run_until_complete finished with '0'
[3.736s] DEBUG:colcon.colcon_core.event_reactor:joining thread
[3.789s] INFO:colcon.colcon_core.plugin_system:Skipping extension 'colcon_notification.desktop_notification.notify_send': Could not find 'notify-send'
[3.789s] INFO:colcon.colcon_core.plugin_system:Skipping extension 'colcon_notification.desktop_notification.terminal_notifier': Not used on non-Darwin systems
[3.789s] INFO:colcon.colcon_core.plugin_system:Skipping extension 'colcon_notification.desktop_notification.win32': Not used on non-Windows systems
[3.789s] INFO:colcon.colcon_notification.desktop_notification:Sending desktop notification using 'notify2'
[3.790s] DEBUG:colcon.colcon_notification.desktop_notification.notify2:Failed to initialize notify2: org.freedesktop.DBus.Error.ServiceUnknown: The name org.freedesktop.Notifications was not provided by any .service files
[3.790s] DEBUG:colcon.colcon_core.event_reactor:joined thread
[3.790s] INFO:colcon.colcon_core.shell:Creating prefix script '/home/maxx/naviguard_ws/install/local_setup.ps1'
[3.791s] INFO:colcon.colcon_core.shell:Creating prefix util module '/home/maxx/naviguard_ws/install/_local_setup_util_ps1.py'
[3.791s] INFO:colcon.colcon_core.shell:Creating prefix chain script '/home/maxx/naviguard_ws/install/setup.ps1'
[3.792s] INFO:colcon.colcon_core.shell:Creating prefix script '/home/maxx/naviguard_ws/install/local_setup.sh'
[3.792s] INFO:colcon.colcon_core.shell:Creating prefix util module '/home/maxx/naviguard_ws/install/_local_setup_util_sh.py'
[3.793s] INFO:colcon.colcon_core.shell:Creating prefix chain script '/home/maxx/naviguard_ws/install/setup.sh'
[3.793s] INFO:colcon.colcon_core.shell:Creating prefix script '/home/maxx/naviguard_ws/install/local_setup.bash'
[3.794s] INFO:colcon.colcon_core.shell:Creating prefix chain script '/home/maxx/naviguard_ws/install/setup.bash'
[3.794s] INFO:colcon.colcon_core.shell:Creating prefix script '/home/maxx/naviguard_ws/install/local_setup.zsh'
[3.794s] INFO:colcon.colcon_core.shell:Creating prefix chain script '/home/maxx/naviguard_ws/install/setup.zsh'
