[0.181s] DEBUG:colcon:Command line arguments: ['/home/maxx/.local/bin/colcon', 'build', '--symlink-install']
[0.181s] DEBUG:colcon:Parsed command line arguments: Namespace(log_base=None, log_level=None, verb_name='build', build_base='build', install_base='install', merge_install=False, symlink_install=True, test_result_base=None, continue_on_error=False, executor='parallel', parallel_workers=12, event_handlers=None, ignore_user_meta=False, metas=['./colcon.meta'], base_paths=['.'], packages_ignore=None, packages_ignore_regex=None, paths=None, packages_up_to=None, packages_up_to_regex=None, packages_above=None, packages_above_and_dependencies=None, packages_above_depth=None, packages_select_by_dep=None, packages_skip_by_dep=None, packages_skip_up_to=None, packages_select_build_failed=False, packages_skip_build_finished=False, packages_select_test_failures=False, packages_skip_test_passed=False, packages_select=None, packages_skip=None, packages_select_regex=None, packages_skip_regex=None, packages_start=None, packages_end=None, cmake_args=None, cmake_target=None, cmake_target_skip_unavailable=False, cmake_clean_cache=False, cmake_clean_first=False, cmake_force_configure=False, ament_cmake_args=None, catkin_cmake_args=None, catkin_skip_building_tests=False, verb_parser=<colcon_defaults.argument_parser.defaults.DefaultArgumentsDecorator object at 0x7ecdab933170>, verb_extension=<colcon_core.verb.build.BuildVerb object at 0x7ecdabacfef0>, main=<bound method BuildVerb.main of <colcon_core.verb.build.BuildVerb object at 0x7ecdabacfef0>>)
[0.208s] Level 1:colcon.colcon_core.package_discovery:discover_packages(colcon_meta) check parameters
[0.208s] Level 1:colcon.colcon_core.package_discovery:discover_packages(recursive) check parameters
[0.208s] Level 1:colcon.colcon_core.package_discovery:discover_packages(ignore) check parameters
[0.208s] Level 1:colcon.colcon_core.package_discovery:discover_packages(path) check parameters
[0.208s] Level 1:colcon.colcon_core.package_discovery:discover_packages(colcon_meta) discover
[0.208s] Level 1:colcon.colcon_core.package_discovery:discover_packages(recursive) discover
[0.208s] INFO:colcon.colcon_core.package_discovery:Crawling recursively for packages in '/home/maxx/naviguard_ws'
[0.208s] Level 1:colcon.colcon_core.package_identification:_identify(.) by extensions ['ignore', 'ignore_ament_install']
[0.208s] Level 1:colcon.colcon_core.package_identification:_identify(.) by extension 'ignore'
[0.208s] Level 1:colcon.colcon_core.package_identification:_identify(.) by extension 'ignore_ament_install'
[0.208s] Level 1:colcon.colcon_core.package_identification:_identify(.) by extensions ['colcon_pkg']
[0.209s] Level 1:colcon.colcon_core.package_identification:_identify(.) by extension 'colcon_pkg'
[0.209s] Level 1:colcon.colcon_core.package_identification:_identify(.) by extensions ['colcon_meta']
[0.209s] Level 1:colcon.colcon_core.package_identification:_identify(.) by extension 'colcon_meta'
[0.209s] Level 1:colcon.colcon_core.package_identification:_identify(.) by extensions ['ros']
[0.209s] Level 1:colcon.colcon_core.package_identification:_identify(.) by extension 'ros'
[0.229s] Level 1:colcon.colcon_core.package_identification:_identify(.) by extensions ['cmake', 'python']
[0.229s] Level 1:colcon.colcon_core.package_identification:_identify(.) by extension 'cmake'
[0.229s] Level 1:colcon.colcon_core.package_identification:_identify(.) by extension 'python'
[0.229s] Level 1:colcon.colcon_core.package_identification:_identify(.) by extensions ['python_setup_py']
[0.229s] Level 1:colcon.colcon_core.package_identification:_identify(.) by extension 'python_setup_py'
[0.229s] Level 1:colcon.colcon_core.package_identification:_identify(build) by extensions ['ignore', 'ignore_ament_install']
[0.229s] Level 1:colcon.colcon_core.package_identification:_identify(build) by extension 'ignore'
[0.229s] Level 1:colcon.colcon_core.package_identification:_identify(build) ignored
[0.230s] Level 1:colcon.colcon_core.package_identification:_identify(docs) by extensions ['ignore', 'ignore_ament_install']
[0.230s] Level 1:colcon.colcon_core.package_identification:_identify(docs) by extension 'ignore'
[0.230s] Level 1:colcon.colcon_core.package_identification:_identify(docs) by extension 'ignore_ament_install'
[0.230s] Level 1:colcon.colcon_core.package_identification:_identify(docs) by extensions ['colcon_pkg']
[0.230s] Level 1:colcon.colcon_core.package_identification:_identify(docs) by extension 'colcon_pkg'
[0.230s] Level 1:colcon.colcon_core.package_identification:_identify(docs) by extensions ['colcon_meta']
[0.230s] Level 1:colcon.colcon_core.package_identification:_identify(docs) by extension 'colcon_meta'
[0.230s] Level 1:colcon.colcon_core.package_identification:_identify(docs) by extensions ['ros']
[0.230s] Level 1:colcon.colcon_core.package_identification:_identify(docs) by extension 'ros'
[0.230s] Level 1:colcon.colcon_core.package_identification:_identify(docs) by extensions ['cmake', 'python']
[0.230s] Level 1:colcon.colcon_core.package_identification:_identify(docs) by extension 'cmake'
[0.230s] Level 1:colcon.colcon_core.package_identification:_identify(docs) by extension 'python'
[0.230s] Level 1:colcon.colcon_core.package_identification:_identify(docs) by extensions ['python_setup_py']
[0.230s] Level 1:colcon.colcon_core.package_identification:_identify(docs) by extension 'python_setup_py'
[0.230s] Level 1:colcon.colcon_core.package_identification:_identify(install) by extensions ['ignore', 'ignore_ament_install']
[0.230s] Level 1:colcon.colcon_core.package_identification:_identify(install) by extension 'ignore'
[0.230s] Level 1:colcon.colcon_core.package_identification:_identify(install) ignored
[0.230s] Level 1:colcon.colcon_core.package_identification:_identify(log) by extensions ['ignore', 'ignore_ament_install']
[0.230s] Level 1:colcon.colcon_core.package_identification:_identify(log) by extension 'ignore'
[0.230s] Level 1:colcon.colcon_core.package_identification:_identify(log) ignored
[0.230s] Level 1:colcon.colcon_core.package_identification:_identify(scripts) by extensions ['ignore', 'ignore_ament_install']
[0.230s] Level 1:colcon.colcon_core.package_identification:_identify(scripts) by extension 'ignore'
[0.230s] Level 1:colcon.colcon_core.package_identification:_identify(scripts) by extension 'ignore_ament_install'
[0.231s] Level 1:colcon.colcon_core.package_identification:_identify(scripts) by extensions ['colcon_pkg']
[0.231s] Level 1:colcon.colcon_core.package_identification:_identify(scripts) by extension 'colcon_pkg'
[0.233s] Level 1:colcon.colcon_core.package_identification:_identify(scripts) by extensions ['colcon_meta']
[0.233s] Level 1:colcon.colcon_core.package_identification:_identify(scripts) by extension 'colcon_meta'
[0.233s] Level 1:colcon.colcon_core.package_identification:_identify(scripts) by extensions ['ros']
[0.233s] Level 1:colcon.colcon_core.package_identification:_identify(scripts) by extension 'ros'
[0.233s] Level 1:colcon.colcon_core.package_identification:_identify(scripts) by extensions ['cmake', 'python']
[0.233s] Level 1:colcon.colcon_core.package_identification:_identify(scripts) by extension 'cmake'
[0.233s] Level 1:colcon.colcon_core.package_identification:_identify(scripts) by extension 'python'
[0.233s] Level 1:colcon.colcon_core.package_identification:_identify(scripts) by extensions ['python_setup_py']
[0.233s] Level 1:colcon.colcon_core.package_identification:_identify(scripts) by extension 'python_setup_py'
[0.233s] Level 1:colcon.colcon_core.package_identification:_identify(src) by extensions ['ignore', 'ignore_ament_install']
[0.234s] Level 1:colcon.colcon_core.package_identification:_identify(src) by extension 'ignore'
[0.234s] Level 1:colcon.colcon_core.package_identification:_identify(src) by extension 'ignore_ament_install'
[0.234s] Level 1:colcon.colcon_core.package_identification:_identify(src) by extensions ['colcon_pkg']
[0.234s] Level 1:colcon.colcon_core.package_identification:_identify(src) by extension 'colcon_pkg'
[0.235s] Level 1:colcon.colcon_core.package_identification:_identify(src) by extensions ['colcon_meta']
[0.235s] Level 1:colcon.colcon_core.package_identification:_identify(src) by extension 'colcon_meta'
[0.235s] Level 1:colcon.colcon_core.package_identification:_identify(src) by extensions ['ros']
[0.235s] Level 1:colcon.colcon_core.package_identification:_identify(src) by extension 'ros'
[0.235s] Level 1:colcon.colcon_core.package_identification:_identify(src) by extensions ['cmake', 'python']
[0.235s] Level 1:colcon.colcon_core.package_identification:_identify(src) by extension 'cmake'
[0.235s] Level 1:colcon.colcon_core.package_identification:_identify(src) by extension 'python'
[0.235s] Level 1:colcon.colcon_core.package_identification:_identify(src) by extensions ['python_setup_py']
[0.235s] Level 1:colcon.colcon_core.package_identification:_identify(src) by extension 'python_setup_py'
[0.235s] Level 1:colcon.colcon_core.package_identification:_identify(src/naviguard_confidence) by extensions ['ignore', 'ignore_ament_install']
[0.235s] Level 1:colcon.colcon_core.package_identification:_identify(src/naviguard_confidence) by extension 'ignore'
[0.235s] Level 1:colcon.colcon_core.package_identification:_identify(src/naviguard_confidence) by extension 'ignore_ament_install'
[0.235s] Level 1:colcon.colcon_core.package_identification:_identify(src/naviguard_confidence) by extensions ['colcon_pkg']
[0.235s] Level 1:colcon.colcon_core.package_identification:_identify(src/naviguard_confidence) by extension 'colcon_pkg'
[0.235s] Level 1:colcon.colcon_core.package_identification:_identify(src/naviguard_confidence) by extensions ['colcon_meta']
[0.235s] Level 1:colcon.colcon_core.package_identification:_identify(src/naviguard_confidence) by extension 'colcon_meta'
[0.235s] Level 1:colcon.colcon_core.package_identification:_identify(src/naviguard_confidence) by extensions ['ros']
[0.235s] Level 1:colcon.colcon_core.package_identification:_identify(src/naviguard_confidence) by extension 'ros'
[0.240s] DEBUG:colcon.colcon_core.package_identification:Package 'src/naviguard_confidence' with type 'ros.ament_python' and name 'naviguard_confidence'
[0.241s] Level 1:colcon.colcon_core.package_identification:_identify(src/naviguard_description) by extensions ['ignore', 'ignore_ament_install']
[0.241s] Level 1:colcon.colcon_core.package_identification:_identify(src/naviguard_description) by extension 'ignore'
[0.241s] Level 1:colcon.colcon_core.package_identification:_identify(src/naviguard_description) by extension 'ignore_ament_install'
[0.241s] Level 1:colcon.colcon_core.package_identification:_identify(src/naviguard_description) by extensions ['colcon_pkg']
[0.241s] Level 1:colcon.colcon_core.package_identification:_identify(src/naviguard_description) by extension 'colcon_pkg'
[0.241s] Level 1:colcon.colcon_core.package_identification:_identify(src/naviguard_description) by extensions ['colcon_meta']
[0.241s] Level 1:colcon.colcon_core.package_identification:_identify(src/naviguard_description) by extension 'colcon_meta'
[0.241s] Level 1:colcon.colcon_core.package_identification:_identify(src/naviguard_description) by extensions ['ros']
[0.241s] Level 1:colcon.colcon_core.package_identification:_identify(src/naviguard_description) by extension 'ros'
[0.242s] DEBUG:colcon.colcon_core.package_identification:Package 'src/naviguard_description' with type 'ros.ament_cmake' and name 'naviguard_description'
[0.242s] Level 1:colcon.colcon_core.package_identification:_identify(src/naviguard_navigation) by extensions ['ignore', 'ignore_ament_install']
[0.242s] Level 1:colcon.colcon_core.package_identification:_identify(src/naviguard_navigation) by extension 'ignore'
[0.242s] Level 1:colcon.colcon_core.package_identification:_identify(src/naviguard_navigation) by extension 'ignore_ament_install'
[0.243s] Level 1:colcon.colcon_core.package_identification:_identify(src/naviguard_navigation) by extensions ['colcon_pkg']
[0.243s] Level 1:colcon.colcon_core.package_identification:_identify(src/naviguard_navigation) by extension 'colcon_pkg'
[0.243s] Level 1:colcon.colcon_core.package_identification:_identify(src/naviguard_navigation) by extensions ['colcon_meta']
[0.243s] Level 1:colcon.colcon_core.package_identification:_identify(src/naviguard_navigation) by extension 'colcon_meta'
[0.243s] Level 1:colcon.colcon_core.package_identification:_identify(src/naviguard_navigation) by extensions ['ros']
[0.243s] Level 1:colcon.colcon_core.package_identification:_identify(src/naviguard_navigation) by extension 'ros'
[0.243s] DEBUG:colcon.colcon_core.package_identification:Package 'src/naviguard_navigation' with type 'ros.ament_python' and name 'naviguard_navigation'
[0.244s] Level 1:colcon.colcon_core.package_identification:_identify(src/naviguard_perception) by extensions ['ignore', 'ignore_ament_install']
[0.244s] Level 1:colcon.colcon_core.package_identification:_identify(src/naviguard_perception) by extension 'ignore'
[0.244s] Level 1:colcon.colcon_core.package_identification:_identify(src/naviguard_perception) by extension 'ignore_ament_install'
[0.244s] Level 1:colcon.colcon_core.package_identification:_identify(src/naviguard_perception) by extensions ['colcon_pkg']
[0.244s] Level 1:colcon.colcon_core.package_identification:_identify(src/naviguard_perception) by extension 'colcon_pkg'
[0.244s] Level 1:colcon.colcon_core.package_identification:_identify(src/naviguard_perception) by extensions ['colcon_meta']
[0.244s] Level 1:colcon.colcon_core.package_identification:_identify(src/naviguard_perception) by extension 'colcon_meta'
[0.244s] Level 1:colcon.colcon_core.package_identification:_identify(src/naviguard_perception) by extensions ['ros']
[0.244s] Level 1:colcon.colcon_core.package_identification:_identify(src/naviguard_perception) by extension 'ros'
[0.244s] DEBUG:colcon.colcon_core.package_identification:Package 'src/naviguard_perception' with type 'ros.ament_python' and name 'naviguard_perception'
[0.244s] Level 1:colcon.colcon_core.package_identification:_identify(src/naviguard_recovery) by extensions ['ignore', 'ignore_ament_install']
[0.244s] Level 1:colcon.colcon_core.package_identification:_identify(src/naviguard_recovery) by extension 'ignore'
[0.244s] Level 1:colcon.colcon_core.package_identification:_identify(src/naviguard_recovery) by extension 'ignore_ament_install'
[0.244s] Level 1:colcon.colcon_core.package_identification:_identify(src/naviguard_recovery) by extensions ['colcon_pkg']
[0.244s] Level 1:colcon.colcon_core.package_identification:_identify(src/naviguard_recovery) by extension 'colcon_pkg'
[0.244s] Level 1:colcon.colcon_core.package_identification:_identify(src/naviguard_recovery) by extensions ['colcon_meta']
[0.244s] Level 1:colcon.colcon_core.package_identification:_identify(src/naviguard_recovery) by extension 'colcon_meta'
[0.244s] Level 1:colcon.colcon_core.package_identification:_identify(src/naviguard_recovery) by extensions ['ros']
[0.244s] Level 1:colcon.colcon_core.package_identification:_identify(src/naviguard_recovery) by extension 'ros'
[0.245s] DEBUG:colcon.colcon_core.package_identification:Package 'src/naviguard_recovery' with type 'ros.ament_python' and name 'naviguard_recovery'
[0.245s] Level 1:colcon.colcon_core.package_identification:_identify(src/naviguard_sensor_sync) by extensions ['ignore', 'ignore_ament_install']
[0.245s] Level 1:colcon.colcon_core.package_identification:_identify(src/naviguard_sensor_sync) by extension 'ignore'
[0.245s] Level 1:colcon.colcon_core.package_identification:_identify(src/naviguard_sensor_sync) by extension 'ignore_ament_install'
[0.245s] Level 1:colcon.colcon_core.package_identification:_identify(src/naviguard_sensor_sync) by extensions ['colcon_pkg']
[0.245s] Level 1:colcon.colcon_core.package_identification:_identify(src/naviguard_sensor_sync) by extension 'colcon_pkg'
[0.245s] Level 1:colcon.colcon_core.package_identification:_identify(src/naviguard_sensor_sync) by extensions ['colcon_meta']
[0.245s] Level 1:colcon.colcon_core.package_identification:_identify(src/naviguard_sensor_sync) by extension 'colcon_meta'
[0.245s] Level 1:colcon.colcon_core.package_identification:_identify(src/naviguard_sensor_sync) by extensions ['ros']
[0.245s] Level 1:colcon.colcon_core.package_identification:_identify(src/naviguard_sensor_sync) by extension 'ros'
[0.246s] DEBUG:colcon.colcon_core.package_identification:Package 'src/naviguard_sensor_sync' with type 'ros.ament_python' and name 'naviguard_sensor_sync'
[0.246s] Level 1:colcon.colcon_core.package_identification:_identify(src/naviguard_slam) by extensions ['ignore', 'ignore_ament_install']
[0.246s] Level 1:colcon.colcon_core.package_identification:_identify(src/naviguard_slam) by extension 'ignore'
[0.246s] Level 1:colcon.colcon_core.package_identification:_identify(src/naviguard_slam) by extension 'ignore_ament_install'
[0.246s] Level 1:colcon.colcon_core.package_identification:_identify(src/naviguard_slam) by extensions ['colcon_pkg']
[0.246s] Level 1:colcon.colcon_core.package_identification:_identify(src/naviguard_slam) by extension 'colcon_pkg'
[0.246s] Level 1:colcon.colcon_core.package_identification:_identify(src/naviguard_slam) by extensions ['colcon_meta']
[0.246s] Level 1:colcon.colcon_core.package_identification:_identify(src/naviguard_slam) by extension 'colcon_meta'
[0.246s] Level 1:colcon.colcon_core.package_identification:_identify(src/naviguard_slam) by extensions ['ros']
[0.246s] Level 1:colcon.colcon_core.package_identification:_identify(src/naviguard_slam) by extension 'ros'
[0.247s] DEBUG:colcon.colcon_core.package_identification:Package 'src/naviguard_slam' with type 'ros.ament_python' and name 'naviguard_slam'
[0.247s] Level 1:colcon.colcon_core.package_identification:_identify(src/naviguard_state_estimation) by extensions ['ignore', 'ignore_ament_install']
[0.247s] Level 1:colcon.colcon_core.package_identification:_identify(src/naviguard_state_estimation) by extension 'ignore'
[0.247s] Level 1:colcon.colcon_core.package_identification:_identify(src/naviguard_state_estimation) by extension 'ignore_ament_install'
[0.247s] Level 1:colcon.colcon_core.package_identification:_identify(src/naviguard_state_estimation) by extensions ['colcon_pkg']
[0.247s] Level 1:colcon.colcon_core.package_identification:_identify(src/naviguard_state_estimation) by extension 'colcon_pkg'
[0.247s] Level 1:colcon.colcon_core.package_identification:_identify(src/naviguard_state_estimation) by extensions ['colcon_meta']
[0.247s] Level 1:colcon.colcon_core.package_identification:_identify(src/naviguard_state_estimation) by extension 'colcon_meta'
[0.247s] Level 1:colcon.colcon_core.package_identification:_identify(src/naviguard_state_estimation) by extensions ['ros']
[0.247s] Level 1:colcon.colcon_core.package_identification:_identify(src/naviguard_state_estimation) by extension 'ros'
[0.247s] DEBUG:colcon.colcon_core.package_identification:Package 'src/naviguard_state_estimation' with type 'ros.ament_python' and name 'naviguard_state_estimation'
[0.247s] Level 1:colcon.colcon_core.package_identification:_identify(src/naviguard_visual_odometry) by extensions ['ignore', 'ignore_ament_install']
[0.247s] Level 1:colcon.colcon_core.package_identification:_identify(src/naviguard_visual_odometry) by extension 'ignore'
[0.247s] Level 1:colcon.colcon_core.package_identification:_identify(src/naviguard_visual_odometry) by extension 'ignore_ament_install'
[0.247s] Level 1:colcon.colcon_core.package_identification:_identify(src/naviguard_visual_odometry) by extensions ['colcon_pkg']
[0.247s] Level 1:colcon.colcon_core.package_identification:_identify(src/naviguard_visual_odometry) by extension 'colcon_pkg'
[0.248s] Level 1:colcon.colcon_core.package_identification:_identify(src/naviguard_visual_odometry) by extensions ['colcon_meta']
[0.248s] Level 1:colcon.colcon_core.package_identification:_identify(src/naviguard_visual_odometry) by extension 'colcon_meta'
[0.248s] Level 1:colcon.colcon_core.package_identification:_identify(src/naviguard_visual_odometry) by extensions ['ros']
[0.248s] Level 1:colcon.colcon_core.package_identification:_identify(src/naviguard_visual_odometry) by extension 'ros'
[0.248s] DEBUG:colcon.colcon_core.package_identification:Package 'src/naviguard_visual_odometry' with type 'ros.ament_python' and name 'naviguard_visual_odometry'
[0.248s] Level 1:colcon.colcon_core.package_discovery:discover_packages(recursive) using defaults
[0.248s] Level 1:colcon.colcon_core.package_discovery:discover_packages(ignore) discover
[0.248s] Level 1:colcon.colcon_core.package_discovery:discover_packages(ignore) using defaults
[0.248s] Level 1:colcon.colcon_core.package_discovery:discover_packages(path) discover
[0.248s] Level 1:colcon.colcon_core.package_discovery:discover_packages(path) using defaults
[0.262s] Level 5:colcon.colcon_core.verb:set package 'naviguard_confidence' build argument 'cmake_args' from command line to 'None'
[0.262s] Level 5:colcon.colcon_core.verb:set package 'naviguard_confidence' build argument 'cmake_target' from command line to 'None'
[0.262s] Level 5:colcon.colcon_core.verb:set package 'naviguard_confidence' build argument 'cmake_target_skip_unavailable' from command line to 'False'
[0.262s] Level 5:colcon.colcon_core.verb:set package 'naviguard_confidence' build argument 'cmake_clean_cache' from command line to 'False'
[0.262s] Level 5:colcon.colcon_core.verb:set package 'naviguard_confidence' build argument 'cmake_clean_first' from command line to 'False'
[0.262s] Level 5:colcon.colcon_core.verb:set package 'naviguard_confidence' build argument 'cmake_force_configure' from command line to 'False'
[0.262s] Level 5:colcon.colcon_core.verb:set package 'naviguard_confidence' build argument 'ament_cmake_args' from command line to 'None'
[0.262s] Level 5:colcon.colcon_core.verb:set package 'naviguard_confidence' build argument 'catkin_cmake_args' from command line to 'None'
[0.262s] Level 5:colcon.colcon_core.verb:set package 'naviguard_confidence' build argument 'catkin_skip_building_tests' from command line to 'False'
[0.263s] DEBUG:colcon.colcon_core.verb:Building package 'naviguard_confidence' with the following arguments: {'ament_cmake_args': None, 'build_base': '/home/maxx/naviguard_ws/build/naviguard_confidence', 'catkin_cmake_args': None, 'catkin_skip_building_tests': False, 'cmake_args': None, 'cmake_clean_cache': False, 'cmake_clean_first': False, 'cmake_force_configure': False, 'cmake_target': None, 'cmake_target_skip_unavailable': False, 'install_base': '/home/maxx/naviguard_ws/install/naviguard_confidence', 'merge_install': False, 'path': '/home/maxx/naviguard_ws/src/naviguard_confidence', 'symlink_install': True, 'test_result_base': None}
[0.263s] Level 5:colcon.colcon_core.verb:set package 'naviguard_description' build argument 'cmake_args' from command line to 'None'
[0.263s] Level 5:colcon.colcon_core.verb:set package 'naviguard_description' build argument 'cmake_target' from command line to 'None'
[0.263s] Level 5:colcon.colcon_core.verb:set package 'naviguard_description' build argument 'cmake_target_skip_unavailable' from command line to 'False'
[0.263s] Level 5:colcon.colcon_core.verb:set package 'naviguard_description' build argument 'cmake_clean_cache' from command line to 'False'
[0.263s] Level 5:colcon.colcon_core.verb:set package 'naviguard_description' build argument 'cmake_clean_first' from command line to 'False'
[0.263s] Level 5:colcon.colcon_core.verb:set package 'naviguard_description' build argument 'cmake_force_configure' from command line to 'False'
[0.263s] Level 5:colcon.colcon_core.verb:set package 'naviguard_description' build argument 'ament_cmake_args' from command line to 'None'
[0.263s] Level 5:colcon.colcon_core.verb:set package 'naviguard_description' build argument 'catkin_cmake_args' from command line to 'None'
[0.263s] Level 5:colcon.colcon_core.verb:set package 'naviguard_description' build argument 'catkin_skip_building_tests' from command line to 'False'
[0.263s] DEBUG:colcon.colcon_core.verb:Building package 'naviguard_description' with the following arguments: {'ament_cmake_args': None, 'build_base': '/home/maxx/naviguard_ws/build/naviguard_description', 'catkin_cmake_args': None, 'catkin_skip_building_tests': False, 'cmake_args': None, 'cmake_clean_cache': False, 'cmake_clean_first': False, 'cmake_force_configure': False, 'cmake_target': None, 'cmake_target_skip_unavailable': False, 'install_base': '/home/maxx/naviguard_ws/install/naviguard_description', 'merge_install': False, 'path': '/home/maxx/naviguard_ws/src/naviguard_description', 'symlink_install': True, 'test_result_base': None}
[0.263s] Level 5:colcon.colcon_core.verb:set package 'naviguard_navigation' build argument 'cmake_args' from command line to 'None'
[0.263s] Level 5:colcon.colcon_core.verb:set package 'naviguard_navigation' build argument 'cmake_target' from command line to 'None'
[0.263s] Level 5:colcon.colcon_core.verb:set package 'naviguard_navigation' build argument 'cmake_target_skip_unavailable' from command line to 'False'
[0.263s] Level 5:colcon.colcon_core.verb:set package 'naviguard_navigation' build argument 'cmake_clean_cache' from command line to 'False'
[0.263s] Level 5:colcon.colcon_core.verb:set package 'naviguard_navigation' build argument 'cmake_clean_first' from command line to 'False'
[0.263s] Level 5:colcon.colcon_core.verb:set package 'naviguard_navigation' build argument 'cmake_force_configure' from command line to 'False'
[0.263s] Level 5:colcon.colcon_core.verb:set package 'naviguard_navigation' build argument 'ament_cmake_args' from command line to 'None'
[0.263s] Level 5:colcon.colcon_core.verb:set package 'naviguard_navigation' build argument 'catkin_cmake_args' from command line to 'None'
[0.263s] Level 5:colcon.colcon_core.verb:set package 'naviguard_navigation' build argument 'catkin_skip_building_tests' from command line to 'False'
[0.263s] DEBUG:colcon.colcon_core.verb:Building package 'naviguard_navigation' with the following arguments: {'ament_cmake_args': None, 'build_base': '/home/maxx/naviguard_ws/build/naviguard_navigation', 'catkin_cmake_args': None, 'catkin_skip_building_tests': False, 'cmake_args': None, 'cmake_clean_cache': False, 'cmake_clean_first': False, 'cmake_force_configure': False, 'cmake_target': None, 'cmake_target_skip_unavailable': False, 'install_base': '/home/maxx/naviguard_ws/install/naviguard_navigation', 'merge_install': False, 'path': '/home/maxx/naviguard_ws/src/naviguard_navigation', 'symlink_install': True, 'test_result_base': None}
[0.263s] Level 5:colcon.colcon_core.verb:set package 'naviguard_perception' build argument 'cmake_args' from command line to 'None'
[0.263s] Level 5:colcon.colcon_core.verb:set package 'naviguard_perception' build argument 'cmake_target' from command line to 'None'
[0.263s] Level 5:colcon.colcon_core.verb:set package 'naviguard_perception' build argument 'cmake_target_skip_unavailable' from command line to 'False'
[0.263s] Level 5:colcon.colcon_core.verb:set package 'naviguard_perception' build argument 'cmake_clean_cache' from command line to 'False'
[0.263s] Level 5:colcon.colcon_core.verb:set package 'naviguard_perception' build argument 'cmake_clean_first' from command line to 'False'
[0.263s] Level 5:colcon.colcon_core.verb:set package 'naviguard_perception' build argument 'cmake_force_configure' from command line to 'False'
[0.263s] Level 5:colcon.colcon_core.verb:set package 'naviguard_perception' build argument 'ament_cmake_args' from command line to 'None'
[0.263s] Level 5:colcon.colcon_core.verb:set package 'naviguard_perception' build argument 'catkin_cmake_args' from command line to 'None'
[0.263s] Level 5:colcon.colcon_core.verb:set package 'naviguard_perception' build argument 'catkin_skip_building_tests' from command line to 'False'
[0.263s] DEBUG:colcon.colcon_core.verb:Building package 'naviguard_perception' with the following arguments: {'ament_cmake_args': None, 'build_base': '/home/maxx/naviguard_ws/build/naviguard_perception', 'catkin_cmake_args': None, 'catkin_skip_building_tests': False, 'cmake_args': None, 'cmake_clean_cache': False, 'cmake_clean_first': False, 'cmake_force_configure': False, 'cmake_target': None, 'cmake_target_skip_unavailable': False, 'install_base': '/home/maxx/naviguard_ws/install/naviguard_perception', 'merge_install': False, 'path': '/home/maxx/naviguard_ws/src/naviguard_perception', 'symlink_install': True, 'test_result_base': None}
[0.263s] Level 5:colcon.colcon_core.verb:set package 'naviguard_recovery' build argument 'cmake_args' from command line to 'None'
[0.263s] Level 5:colcon.colcon_core.verb:set package 'naviguard_recovery' build argument 'cmake_target' from command line to 'None'
[0.263s] Level 5:colcon.colcon_core.verb:set package 'naviguard_recovery' build argument 'cmake_target_skip_unavailable' from command line to 'False'
[0.263s] Level 5:colcon.colcon_core.verb:set package 'naviguard_recovery' build argument 'cmake_clean_cache' from command line to 'False'
[0.263s] Level 5:colcon.colcon_core.verb:set package 'naviguard_recovery' build argument 'cmake_clean_first' from command line to 'False'
[0.263s] Level 5:colcon.colcon_core.verb:set package 'naviguard_recovery' build argument 'cmake_force_configure' from command line to 'False'
[0.263s] Level 5:colcon.colcon_core.verb:set package 'naviguard_recovery' build argument 'ament_cmake_args' from command line to 'None'
[0.263s] Level 5:colcon.colcon_core.verb:set package 'naviguard_recovery' build argument 'catkin_cmake_args' from command line to 'None'
[0.263s] Level 5:colcon.colcon_core.verb:set package 'naviguard_recovery' build argument 'catkin_skip_building_tests' from command line to 'False'
[0.263s] DEBUG:colcon.colcon_core.verb:Building package 'naviguard_recovery' with the following arguments: {'ament_cmake_args': None, 'build_base': '/home/maxx/naviguard_ws/build/naviguard_recovery', 'catkin_cmake_args': None, 'catkin_skip_building_tests': False, 'cmake_args': None, 'cmake_clean_cache': False, 'cmake_clean_first': False, 'cmake_force_configure': False, 'cmake_target': None, 'cmake_target_skip_unavailable': False, 'install_base': '/home/maxx/naviguard_ws/install/naviguard_recovery', 'merge_install': False, 'path': '/home/maxx/naviguard_ws/src/naviguard_recovery', 'symlink_install': True, 'test_result_base': None}
[0.264s] Level 5:colcon.colcon_core.verb:set package 'naviguard_sensor_sync' build argument 'cmake_args' from command line to 'None'
[0.264s] Level 5:colcon.colcon_core.verb:set package 'naviguard_sensor_sync' build argument 'cmake_target' from command line to 'None'
[0.264s] Level 5:colcon.colcon_core.verb:set package 'naviguard_sensor_sync' build argument 'cmake_target_skip_unavailable' from command line to 'False'
[0.264s] Level 5:colcon.colcon_core.verb:set package 'naviguard_sensor_sync' build argument 'cmake_clean_cache' from command line to 'False'
[0.264s] Level 5:colcon.colcon_core.verb:set package 'naviguard_sensor_sync' build argument 'cmake_clean_first' from command line to 'False'
[0.264s] Level 5:colcon.colcon_core.verb:set package 'naviguard_sensor_sync' build argument 'cmake_force_configure' from command line to 'False'
[0.264s] Level 5:colcon.colcon_core.verb:set package 'naviguard_sensor_sync' build argument 'ament_cmake_args' from command line to 'None'
[0.264s] Level 5:colcon.colcon_core.verb:set package 'naviguard_sensor_sync' build argument 'catkin_cmake_args' from command line to 'None'
[0.264s] Level 5:colcon.colcon_core.verb:set package 'naviguard_sensor_sync' build argument 'catkin_skip_building_tests' from command line to 'False'
[0.264s] DEBUG:colcon.colcon_core.verb:Building package 'naviguard_sensor_sync' with the following arguments: {'ament_cmake_args': None, 'build_base': '/home/maxx/naviguard_ws/build/naviguard_sensor_sync', 'catkin_cmake_args': None, 'catkin_skip_building_tests': False, 'cmake_args': None, 'cmake_clean_cache': False, 'cmake_clean_first': False, 'cmake_force_configure': False, 'cmake_target': None, 'cmake_target_skip_unavailable': False, 'install_base': '/home/maxx/naviguard_ws/install/naviguard_sensor_sync', 'merge_install': False, 'path': '/home/maxx/naviguard_ws/src/naviguard_sensor_sync', 'symlink_install': True, 'test_result_base': None}
[0.264s] Level 5:colcon.colcon_core.verb:set package 'naviguard_slam' build argument 'cmake_args' from command line to 'None'
[0.264s] Level 5:colcon.colcon_core.verb:set package 'naviguard_slam' build argument 'cmake_target' from command line to 'None'
[0.264s] Level 5:colcon.colcon_core.verb:set package 'naviguard_slam' build argument 'cmake_target_skip_unavailable' from command line to 'False'
[0.264s] Level 5:colcon.colcon_core.verb:set package 'naviguard_slam' build argument 'cmake_clean_cache' from command line to 'False'
[0.264s] Level 5:colcon.colcon_core.verb:set package 'naviguard_slam' build argument 'cmake_clean_first' from command line to 'False'
[0.264s] Level 5:colcon.colcon_core.verb:set package 'naviguard_slam' build argument 'cmake_force_configure' from command line to 'False'
[0.264s] Level 5:colcon.colcon_core.verb:set package 'naviguard_slam' build argument 'ament_cmake_args' from command line to 'None'
[0.264s] Level 5:colcon.colcon_core.verb:set package 'naviguard_slam' build argument 'catkin_cmake_args' from command line to 'None'
[0.264s] Level 5:colcon.colcon_core.verb:set package 'naviguard_slam' build argument 'catkin_skip_building_tests' from command line to 'False'
[0.264s] DEBUG:colcon.colcon_core.verb:Building package 'naviguard_slam' with the following arguments: {'ament_cmake_args': None, 'build_base': '/home/maxx/naviguard_ws/build/naviguard_slam', 'catkin_cmake_args': None, 'catkin_skip_building_tests': False, 'cmake_args': None, 'cmake_clean_cache': False, 'cmake_clean_first': False, 'cmake_force_configure': False, 'cmake_target': None, 'cmake_target_skip_unavailable': False, 'install_base': '/home/maxx/naviguard_ws/install/naviguard_slam', 'merge_install': False, 'path': '/home/maxx/naviguard_ws/src/naviguard_slam', 'symlink_install': True, 'test_result_base': None}
[0.264s] Level 5:colcon.colcon_core.verb:set package 'naviguard_state_estimation' build argument 'cmake_args' from command line to 'None'
[0.264s] Level 5:colcon.colcon_core.verb:set package 'naviguard_state_estimation' build argument 'cmake_target' from command line to 'None'
[0.264s] Level 5:colcon.colcon_core.verb:set package 'naviguard_state_estimation' build argument 'cmake_target_skip_unavailable' from command line to 'False'
[0.264s] Level 5:colcon.colcon_core.verb:set package 'naviguard_state_estimation' build argument 'cmake_clean_cache' from command line to 'False'
[0.264s] Level 5:colcon.colcon_core.verb:set package 'naviguard_state_estimation' build argument 'cmake_clean_first' from command line to 'False'
[0.264s] Level 5:colcon.colcon_core.verb:set package 'naviguard_state_estimation' build argument 'cmake_force_configure' from command line to 'False'
[0.264s] Level 5:colcon.colcon_core.verb:set package 'naviguard_state_estimation' build argument 'ament_cmake_args' from command line to 'None'
[0.264s] Level 5:colcon.colcon_core.verb:set package 'naviguard_state_estimation' build argument 'catkin_cmake_args' from command line to 'None'
[0.264s] Level 5:colcon.colcon_core.verb:set package 'naviguard_state_estimation' build argument 'catkin_skip_building_tests' from command line to 'False'
[0.264s] DEBUG:colcon.colcon_core.verb:Building package 'naviguard_state_estimation' with the following arguments: {'ament_cmake_args': None, 'build_base': '/home/maxx/naviguard_ws/build/naviguard_state_estimation', 'catkin_cmake_args': None, 'catkin_skip_building_tests': False, 'cmake_args': None, 'cmake_clean_cache': False, 'cmake_clean_first': False, 'cmake_force_configure': False, 'cmake_target': None, 'cmake_target_skip_unavailable': False, 'install_base': '/home/maxx/naviguard_ws/install/naviguard_state_estimation', 'merge_install': False, 'path': '/home/maxx/naviguard_ws/src/naviguard_state_estimation', 'symlink_install': True, 'test_result_base': None}
[0.264s] Level 5:colcon.colcon_core.verb:set package 'naviguard_visual_odometry' build argument 'cmake_args' from command line to 'None'
[0.264s] Level 5:colcon.colcon_core.verb:set package 'naviguard_visual_odometry' build argument 'cmake_target' from command line to 'None'
[0.264s] Level 5:colcon.colcon_core.verb:set package 'naviguard_visual_odometry' build argument 'cmake_target_skip_unavailable' from command line to 'False'
[0.264s] Level 5:colcon.colcon_core.verb:set package 'naviguard_visual_odometry' build argument 'cmake_clean_cache' from command line to 'False'
[0.264s] Level 5:colcon.colcon_core.verb:set package 'naviguard_visual_odometry' build argument 'cmake_clean_first' from command line to 'False'
[0.264s] Level 5:colcon.colcon_core.verb:set package 'naviguard_visual_odometry' build argument 'cmake_force_configure' from command line to 'False'
[0.264s] Level 5:colcon.colcon_core.verb:set package 'naviguard_visual_odometry' build argument 'ament_cmake_args' from command line to 'None'
[0.264s] Level 5:colcon.colcon_core.verb:set package 'naviguard_visual_odometry' build argument 'catkin_cmake_args' from command line to 'None'
[0.264s] Level 5:colcon.colcon_core.verb:set package 'naviguard_visual_odometry' build argument 'catkin_skip_building_tests' from command line to 'False'
[0.264s] DEBUG:colcon.colcon_core.verb:Building package 'naviguard_visual_odometry' with the following arguments: {'ament_cmake_args': None, 'build_base': '/home/maxx/naviguard_ws/build/naviguard_visual_odometry', 'catkin_cmake_args': None, 'catkin_skip_building_tests': False, 'cmake_args': None, 'cmake_clean_cache': False, 'cmake_clean_first': False, 'cmake_force_configure': False, 'cmake_target': None, 'cmake_target_skip_unavailable': False, 'install_base': '/home/maxx/naviguard_ws/install/naviguard_visual_odometry', 'merge_install': False, 'path': '/home/maxx/naviguard_ws/src/naviguard_visual_odometry', 'symlink_install': True, 'test_result_base': None}
[0.264s] INFO:colcon.colcon_core.executor:Executing jobs using 'parallel' executor
[0.265s] DEBUG:colcon.colcon_parallel_executor.executor.parallel:run_until_complete
[0.265s] INFO:colcon.colcon_ros.task.ament_python.build:Building ROS package in '/home/maxx/naviguard_ws/src/naviguard_confidence' with build type 'ament_python'
[0.266s] Level 1:colcon.colcon_core.shell:create_environment_hook('naviguard_confidence', 'ament_prefix_path')
[0.267s] INFO:colcon.colcon_core.plugin_system:Skipping extension 'colcon_core.shell.bat': Not used on non-Windows systems
[0.267s] INFO:colcon.colcon_core.shell:Creating environment hook '/home/maxx/naviguard_ws/install/naviguard_confidence/share/naviguard_confidence/hook/ament_prefix_path.ps1'
[0.268s] INFO:colcon.colcon_core.shell:Creating environment descriptor '/home/maxx/naviguard_ws/install/naviguard_confidence/share/naviguard_confidence/hook/ament_prefix_path.dsv'
[0.268s] INFO:colcon.colcon_core.shell:Creating environment hook '/home/maxx/naviguard_ws/install/naviguard_confidence/share/naviguard_confidence/hook/ament_prefix_path.sh'
[0.269s] INFO:colcon.colcon_core.shell:Skip shell extension 'powershell' for command environment: Not usable outside of PowerShell
[0.269s] DEBUG:colcon.colcon_core.shell:Skip shell extension 'dsv' for command environment
[0.272s] INFO:colcon.colcon_ros.task.ament_cmake.build:Building ROS package in '/home/maxx/naviguard_ws/src/naviguard_description' with build type 'ament_cmake'
[0.272s] INFO:colcon.colcon_cmake.task.cmake.build:Building CMake package in '/home/maxx/naviguard_ws/src/naviguard_description'
[0.272s] INFO:colcon.colcon_core.shell:Skip shell extension 'powershell' for command environment: Not usable outside of PowerShell
[0.273s] DEBUG:colcon.colcon_core.shell:Skip shell extension 'dsv' for command environment
[0.276s] INFO:colcon.colcon_ros.task.ament_python.build:Building ROS package in '/home/maxx/naviguard_ws/src/naviguard_navigation' with build type 'ament_python'
[0.276s] Level 1:colcon.colcon_core.shell:create_environment_hook('naviguard_navigation', 'ament_prefix_path')
[0.276s] INFO:colcon.colcon_core.shell:Creating environment hook '/home/maxx/naviguard_ws/install/naviguard_navigation/share/naviguard_navigation/hook/ament_prefix_path.ps1'
[0.277s] INFO:colcon.colcon_core.shell:Creating environment descriptor '/home/maxx/naviguard_ws/install/naviguard_navigation/share/naviguard_navigation/hook/ament_prefix_path.dsv'
[0.277s] INFO:colcon.colcon_core.shell:Creating environment hook '/home/maxx/naviguard_ws/install/naviguard_navigation/share/naviguard_navigation/hook/ament_prefix_path.sh'
[0.278s] INFO:colcon.colcon_core.shell:Skip shell extension 'powershell' for command environment: Not usable outside of PowerShell
[0.278s] DEBUG:colcon.colcon_core.shell:Skip shell extension 'dsv' for command environment
[0.280s] INFO:colcon.colcon_ros.task.ament_python.build:Building ROS package in '/home/maxx/naviguard_ws/src/naviguard_perception' with build type 'ament_python'
[0.281s] Level 1:colcon.colcon_core.shell:create_environment_hook('naviguard_perception', 'ament_prefix_path')
[0.281s] INFO:colcon.colcon_core.shell:Creating environment hook '/home/maxx/naviguard_ws/install/naviguard_perception/share/naviguard_perception/hook/ament_prefix_path.ps1'
[0.281s] INFO:colcon.colcon_core.shell:Creating environment descriptor '/home/maxx/naviguard_ws/install/naviguard_perception/share/naviguard_perception/hook/ament_prefix_path.dsv'
[0.282s] INFO:colcon.colcon_core.shell:Creating environment hook '/home/maxx/naviguard_ws/install/naviguard_perception/share/naviguard_perception/hook/ament_prefix_path.sh'
[0.282s] INFO:colcon.colcon_core.shell:Skip shell extension 'powershell' for command environment: Not usable outside of PowerShell
[0.283s] DEBUG:colcon.colcon_core.shell:Skip shell extension 'dsv' for command environment
[0.285s] INFO:colcon.colcon_ros.task.ament_python.build:Building ROS package in '/home/maxx/naviguard_ws/src/naviguard_recovery' with build type 'ament_python'
[0.285s] Level 1:colcon.colcon_core.shell:create_environment_hook('naviguard_recovery', 'ament_prefix_path')
[0.285s] INFO:colcon.colcon_core.shell:Creating environment hook '/home/maxx/naviguard_ws/install/naviguard_recovery/share/naviguard_recovery/hook/ament_prefix_path.ps1'
[0.287s] INFO:colcon.colcon_core.shell:Creating environment descriptor '/home/maxx/naviguard_ws/install/naviguard_recovery/share/naviguard_recovery/hook/ament_prefix_path.dsv'
[0.287s] INFO:colcon.colcon_core.shell:Creating environment hook '/home/maxx/naviguard_ws/install/naviguard_recovery/share/naviguard_recovery/hook/ament_prefix_path.sh'
[0.288s] INFO:colcon.colcon_core.shell:Skip shell extension 'powershell' for command environment: Not usable outside of PowerShell
[0.288s] DEBUG:colcon.colcon_core.shell:Skip shell extension 'dsv' for command environment
[0.291s] INFO:colcon.colcon_ros.task.ament_python.build:Building ROS package in '/home/maxx/naviguard_ws/src/naviguard_sensor_sync' with build type 'ament_python'
[0.291s] Level 1:colcon.colcon_core.shell:create_environment_hook('naviguard_sensor_sync', 'ament_prefix_path')
[0.292s] INFO:colcon.colcon_core.shell:Creating environment hook '/home/maxx/naviguard_ws/install/naviguard_sensor_sync/share/naviguard_sensor_sync/hook/ament_prefix_path.ps1'
[0.292s] INFO:colcon.colcon_core.shell:Creating environment descriptor '/home/maxx/naviguard_ws/install/naviguard_sensor_sync/share/naviguard_sensor_sync/hook/ament_prefix_path.dsv'
[0.293s] INFO:colcon.colcon_core.shell:Creating environment hook '/home/maxx/naviguard_ws/install/naviguard_sensor_sync/share/naviguard_sensor_sync/hook/ament_prefix_path.sh'
[0.294s] INFO:colcon.colcon_core.shell:Skip shell extension 'powershell' for command environment: Not usable outside of PowerShell
[0.294s] DEBUG:colcon.colcon_core.shell:Skip shell extension 'dsv' for command environment
[0.297s] INFO:colcon.colcon_ros.task.ament_python.build:Building ROS package in '/home/maxx/naviguard_ws/src/naviguard_slam' with build type 'ament_python'
[0.297s] Level 1:colcon.colcon_core.shell:create_environment_hook('naviguard_slam', 'ament_prefix_path')
[0.297s] INFO:colcon.colcon_core.shell:Creating environment hook '/home/maxx/naviguard_ws/install/naviguard_slam/share/naviguard_slam/hook/ament_prefix_path.ps1'
[0.298s] INFO:colcon.colcon_core.shell:Creating environment descriptor '/home/maxx/naviguard_ws/install/naviguard_slam/share/naviguard_slam/hook/ament_prefix_path.dsv'
[0.298s] INFO:colcon.colcon_core.shell:Creating environment hook '/home/maxx/naviguard_ws/install/naviguard_slam/share/naviguard_slam/hook/ament_prefix_path.sh'
[0.299s] INFO:colcon.colcon_core.shell:Skip shell extension 'powershell' for command environment: Not usable outside of PowerShell
[0.299s] DEBUG:colcon.colcon_core.shell:Skip shell extension 'dsv' for command environment
[0.301s] INFO:colcon.colcon_ros.task.ament_python.build:Building ROS package in '/home/maxx/naviguard_ws/src/naviguard_state_estimation' with build type 'ament_python'
[0.302s] Level 1:colcon.colcon_core.shell:create_environment_hook('naviguard_state_estimation', 'ament_prefix_path')
[0.302s] INFO:colcon.colcon_core.shell:Creating environment hook '/home/maxx/naviguard_ws/install/naviguard_state_estimation/share/naviguard_state_estimation/hook/ament_prefix_path.ps1'
[0.303s] INFO:colcon.colcon_core.shell:Creating environment descriptor '/home/maxx/naviguard_ws/install/naviguard_state_estimation/share/naviguard_state_estimation/hook/ament_prefix_path.dsv'
[0.303s] INFO:colcon.colcon_core.shell:Creating environment hook '/home/maxx/naviguard_ws/install/naviguard_state_estimation/share/naviguard_state_estimation/hook/ament_prefix_path.sh'
[0.304s] INFO:colcon.colcon_core.shell:Skip shell extension 'powershell' for command environment: Not usable outside of PowerShell
[0.304s] DEBUG:colcon.colcon_core.shell:Skip shell extension 'dsv' for command environment
[0.306s] INFO:colcon.colcon_ros.task.ament_python.build:Building ROS package in '/home/maxx/naviguard_ws/src/naviguard_visual_odometry' with build type 'ament_python'
[0.306s] Level 1:colcon.colcon_core.shell:create_environment_hook('naviguard_visual_odometry', 'ament_prefix_path')
[0.307s] INFO:colcon.colcon_core.shell:Creating environment hook '/home/maxx/naviguard_ws/install/naviguard_visual_odometry/share/naviguard_visual_odometry/hook/ament_prefix_path.ps1'
[0.308s] INFO:colcon.colcon_core.shell:Creating environment descriptor '/home/maxx/naviguard_ws/install/naviguard_visual_odometry/share/naviguard_visual_odometry/hook/ament_prefix_path.dsv'
[0.308s] INFO:colcon.colcon_core.shell:Creating environment hook '/home/maxx/naviguard_ws/install/naviguard_visual_odometry/share/naviguard_visual_odometry/hook/ament_prefix_path.sh'
[0.309s] INFO:colcon.colcon_core.shell:Skip shell extension 'powershell' for command environment: Not usable outside of PowerShell
[0.309s] DEBUG:colcon.colcon_core.shell:Skip shell extension 'dsv' for command environment
[0.476s] INFO:colcon.colcon_core.task.python.build:Building Python package in '/home/maxx/naviguard_ws/src/naviguard_confidence'
[0.476s] INFO:colcon.colcon_core.shell:Skip shell extension 'powershell' for command environment: Not usable outside of PowerShell
[0.476s] DEBUG:colcon.colcon_core.shell:Skip shell extension 'dsv' for command environment
[0.484s] DEBUG:colcon.colcon_core.event_handler.log_command:Invoking command in '/home/maxx/naviguard_ws/build/naviguard_description': CMAKE_PREFIX_PATH=${CMAKE_PREFIX_PATH}:/opt/ros/jazzy /usr/bin/cmake --build /home/maxx/naviguard_ws/build/naviguard_description -- -j12 -l12
[0.633s] INFO:colcon.colcon_core.task.python.build:Building Python package in '/home/maxx/naviguard_ws/src/naviguard_navigation'
[0.633s] INFO:colcon.colcon_core.shell:Skip shell extension 'powershell' for command environment: Not usable outside of PowerShell
[0.633s] DEBUG:colcon.colcon_core.shell:Skip shell extension 'dsv' for command environment
[0.794s] INFO:colcon.colcon_core.task.python.build:Building Python package in '/home/maxx/naviguard_ws/src/naviguard_perception'
[0.794s] INFO:colcon.colcon_core.shell:Skip shell extension 'powershell' for command environment: Not usable outside of PowerShell
[0.794s] DEBUG:colcon.colcon_core.shell:Skip shell extension 'dsv' for command environment
[0.945s] INFO:colcon.colcon_core.task.python.build:Building Python package in '/home/maxx/naviguard_ws/src/naviguard_recovery'
[0.946s] INFO:colcon.colcon_core.shell:Skip shell extension 'powershell' for command environment: Not usable outside of PowerShell
[0.946s] DEBUG:colcon.colcon_core.shell:Skip shell extension 'dsv' for command environment
[1.104s] INFO:colcon.colcon_core.task.python.build:Building Python package in '/home/maxx/naviguard_ws/src/naviguard_sensor_sync'
[1.104s] INFO:colcon.colcon_core.shell:Skip shell extension 'powershell' for command environment: Not usable outside of PowerShell
[1.104s] DEBUG:colcon.colcon_core.shell:Skip shell extension 'dsv' for command environment
[1.258s] INFO:colcon.colcon_core.task.python.build:Building Python package in '/home/maxx/naviguard_ws/src/naviguard_slam'
[1.258s] INFO:colcon.colcon_core.shell:Skip shell extension 'powershell' for command environment: Not usable outside of PowerShell
[1.258s] DEBUG:colcon.colcon_core.shell:Skip shell extension 'dsv' for command environment
[1.419s] INFO:colcon.colcon_core.task.python.build:Building Python package in '/home/maxx/naviguard_ws/src/naviguard_state_estimation'
[1.419s] INFO:colcon.colcon_core.shell:Skip shell extension 'powershell' for command environment: Not usable outside of PowerShell
[1.419s] DEBUG:colcon.colcon_core.shell:Skip shell extension 'dsv' for command environment
[1.586s] INFO:colcon.colcon_core.task.python.build:Building Python package in '/home/maxx/naviguard_ws/src/naviguard_visual_odometry'
[1.586s] INFO:colcon.colcon_core.shell:Skip shell extension 'powershell' for command environment: Not usable outside of PowerShell
[1.586s] DEBUG:colcon.colcon_core.shell:Skip shell extension 'dsv' for command environment
[1.591s] DEBUG:colcon.colcon_core.event_handler.log_command:Invoked command in '/home/maxx/naviguard_ws/build/naviguard_description' returned '0': CMAKE_PREFIX_PATH=${CMAKE_PREFIX_PATH}:/opt/ros/jazzy /usr/bin/cmake --build /home/maxx/naviguard_ws/build/naviguard_description -- -j12 -l12
[1.601s] DEBUG:colcon.colcon_core.event_handler.log_command:Invoking command in '/home/maxx/naviguard_ws/build/naviguard_description': CMAKE_PREFIX_PATH=${CMAKE_PREFIX_PATH}:/opt/ros/jazzy /usr/bin/cmake --install /home/maxx/naviguard_ws/build/naviguard_description
[1.630s] Level 1:colcon.colcon_core.environment:create_environment_scripts_only(naviguard_description)
[1.632s] DEBUG:colcon.colcon_core.event_handler.log_command:Invoked command in '/home/maxx/naviguard_ws/build/naviguard_description' returned '0': CMAKE_PREFIX_PATH=${CMAKE_PREFIX_PATH}:/opt/ros/jazzy /usr/bin/cmake --install /home/maxx/naviguard_ws/build/naviguard_description
[1.634s] Level 1:colcon.colcon_core.environment:checking '/home/maxx/naviguard_ws/install/naviguard_description' for CMake module files
[1.635s] Level 1:colcon.colcon_core.environment:checking '/home/maxx/naviguard_ws/install/naviguard_description' for CMake config files
[1.635s] Level 1:colcon.colcon_core.shell:create_environment_hook('naviguard_description', 'cmake_prefix_path')
[1.635s] INFO:colcon.colcon_core.shell:Creating environment hook '/home/maxx/naviguard_ws/install/naviguard_description/share/naviguard_description/hook/cmake_prefix_path.ps1'
[1.636s] INFO:colcon.colcon_core.shell:Creating environment descriptor '/home/maxx/naviguard_ws/install/naviguard_description/share/naviguard_description/hook/cmake_prefix_path.dsv'
[1.636s] INFO:colcon.colcon_core.shell:Creating environment hook '/home/maxx/naviguard_ws/install/naviguard_description/share/naviguard_description/hook/cmake_prefix_path.sh'
[1.637s] Level 1:colcon.colcon_core.environment:checking '/home/maxx/naviguard_ws/install/naviguard_description/bin'
[1.637s] Level 1:colcon.colcon_core.environment:checking '/home/maxx/naviguard_ws/install/naviguard_description/lib/pkgconfig/naviguard_description.pc'
[1.638s] Level 1:colcon.colcon_core.environment:checking '/home/maxx/naviguard_ws/install/naviguard_description/lib/python3.12/site-packages'
[1.638s] Level 1:colcon.colcon_core.environment:checking '/home/maxx/naviguard_ws/install/naviguard_description/bin'
[1.638s] INFO:colcon.colcon_core.shell:Creating package script '/home/maxx/naviguard_ws/install/naviguard_description/share/naviguard_description/package.ps1'
[1.640s] INFO:colcon.colcon_core.shell:Creating package descriptor '/home/maxx/naviguard_ws/install/naviguard_description/share/naviguard_description/package.dsv'
[1.640s] INFO:colcon.colcon_core.shell:Creating package script '/home/maxx/naviguard_ws/install/naviguard_description/share/naviguard_description/package.sh'
[1.642s] INFO:colcon.colcon_core.shell:Creating package script '/home/maxx/naviguard_ws/install/naviguard_description/share/naviguard_description/package.bash'
[1.643s] INFO:colcon.colcon_core.shell:Creating package script '/home/maxx/naviguard_ws/install/naviguard_description/share/naviguard_description/package.zsh'
[1.643s] Level 1:colcon.colcon_core.environment:create_file_with_runtime_dependencies(/home/maxx/naviguard_ws/install/naviguard_description/share/colcon-core/packages/naviguard_description)
[1.644s] Level 1:colcon.colcon_core.environment:create_environment_scripts_only(naviguard_description)
[1.645s] Level 1:colcon.colcon_core.environment:checking '/home/maxx/naviguard_ws/install/naviguard_description' for CMake module files
[1.645s] Level 1:colcon.colcon_core.environment:checking '/home/maxx/naviguard_ws/install/naviguard_description' for CMake config files
[1.645s] Level 1:colcon.colcon_core.shell:create_environment_hook('naviguard_description', 'cmake_prefix_path')
[1.646s] INFO:colcon.colcon_core.shell:Creating environment hook '/home/maxx/naviguard_ws/install/naviguard_description/share/naviguard_description/hook/cmake_prefix_path.ps1'
[1.646s] INFO:colcon.colcon_core.shell:Creating environment descriptor '/home/maxx/naviguard_ws/install/naviguard_description/share/naviguard_description/hook/cmake_prefix_path.dsv'
[1.647s] INFO:colcon.colcon_core.shell:Creating environment hook '/home/maxx/naviguard_ws/install/naviguard_description/share/naviguard_description/hook/cmake_prefix_path.sh'
[1.648s] Level 1:colcon.colcon_core.environment:checking '/home/maxx/naviguard_ws/install/naviguard_description/bin'
[1.648s] Level 1:colcon.colcon_core.environment:checking '/home/maxx/naviguard_ws/install/naviguard_description/lib/pkgconfig/naviguard_description.pc'
[1.648s] Level 1:colcon.colcon_core.environment:checking '/home/maxx/naviguard_ws/install/naviguard_description/lib/python3.12/site-packages'
[1.648s] Level 1:colcon.colcon_core.environment:checking '/home/maxx/naviguard_ws/install/naviguard_description/bin'
[1.649s] INFO:colcon.colcon_core.shell:Creating package script '/home/maxx/naviguard_ws/install/naviguard_description/share/naviguard_description/package.ps1'
[1.650s] INFO:colcon.colcon_core.shell:Creating package descriptor '/home/maxx/naviguard_ws/install/naviguard_description/share/naviguard_description/package.dsv'
[1.650s] INFO:colcon.colcon_core.shell:Creating package script '/home/maxx/naviguard_ws/install/naviguard_description/share/naviguard_description/package.sh'
[1.651s] INFO:colcon.colcon_core.shell:Creating package script '/home/maxx/naviguard_ws/install/naviguard_description/share/naviguard_description/package.bash'
[1.652s] INFO:colcon.colcon_core.shell:Creating package script '/home/maxx/naviguard_ws/install/naviguard_description/share/naviguard_description/package.zsh'
[1.652s] Level 1:colcon.colcon_core.environment:create_file_with_runtime_dependencies(/home/maxx/naviguard_ws/install/naviguard_description/share/colcon-core/packages/naviguard_description)
[2.419s] DEBUG:colcon.colcon_core.task.python.build:Available setuptools commands: install_egg_info, install_scripts, check, build_scripts, test, init_catalog, build_py, upload, update_catalog, editable_wheel, egg_info, upload_docs, symlink_data, install_headers, extract_messages, compile_catalog, saveopts, install_data, rotate, clean, build_clib, build_ext, install_lib, develop, dist_info, bdist, install, alias, easy_install, build, bdist_egg, bdist_dumb, bdist_wheel, setopt, sdist, bdist_rpm, register
[2.422s] DEBUG:colcon.colcon_core.task.python.build:Available setuptools commands: install_egg_info, install_scripts, check, build_scripts, test, init_catalog, build_py, upload, update_catalog, editable_wheel, egg_info, upload_docs, symlink_data, install_headers, extract_messages, compile_catalog, saveopts, install_data, rotate, clean, build_clib, build_ext, install_lib, develop, dist_info, bdist, install, alias, easy_install, build, bdist_egg, bdist_dumb, bdist_wheel, setopt, sdist, bdist_rpm, register
[2.437s] DEBUG:colcon.colcon_core.task.python.build:Available setuptools commands: install_egg_info, install_scripts, check, build_scripts, test, init_catalog, build_py, upload, update_catalog, editable_wheel, egg_info, upload_docs, symlink_data, install_headers, extract_messages, compile_catalog, saveopts, install_data, rotate, clean, build_clib, build_ext, install_lib, develop, dist_info, bdist, install, alias, easy_install, build, bdist_egg, bdist_dumb, bdist_wheel, setopt, sdist, bdist_rpm, register
[2.439s] DEBUG:colcon.colcon_core.task.python.build:Available setuptools commands: install_egg_info, install_scripts, check, build_scripts, test, init_catalog, build_py, upload, update_catalog, editable_wheel, egg_info, upload_docs, symlink_data, install_headers, extract_messages, compile_catalog, saveopts, install_data, rotate, clean, build_clib, build_ext, install_lib, develop, dist_info, bdist, install, alias, easy_install, build, bdist_egg, bdist_dumb, bdist_wheel, setopt, sdist, bdist_rpm, register
[2.464s] DEBUG:colcon.colcon_core.task.python.build:Available setuptools commands: install_egg_info, install_scripts, check, build_scripts, test, init_catalog, build_py, upload, update_catalog, editable_wheel, egg_info, upload_docs, symlink_data, install_headers, extract_messages, compile_catalog, saveopts, install_data, rotate, clean, build_clib, build_ext, install_lib, develop, dist_info, bdist, install, alias, easy_install, build, bdist_egg, bdist_dumb, bdist_wheel, setopt, sdist, bdist_rpm, register
[2.467s] DEBUG:colcon.colcon_core.task.python.build:Available setuptools commands: install_egg_info, install_scripts, check, build_scripts, test, init_catalog, build_py, upload, update_catalog, editable_wheel, egg_info, upload_docs, symlink_data, install_headers, extract_messages, compile_catalog, saveopts, install_data, rotate, clean, build_clib, build_ext, install_lib, develop, dist_info, bdist, install, alias, easy_install, build, bdist_egg, bdist_dumb, bdist_wheel, setopt, sdist, bdist_rpm, register
[2.480s] DEBUG:colcon.colcon_core.task.python.build:Available setuptools commands: install_egg_info, install_scripts, check, build_scripts, test, init_catalog, build_py, upload, update_catalog, editable_wheel, egg_info, upload_docs, symlink_data, install_headers, extract_messages, compile_catalog, saveopts, install_data, rotate, clean, build_clib, build_ext, install_lib, develop, dist_info, bdist, install, alias, easy_install, build, bdist_egg, bdist_dumb, bdist_wheel, setopt, sdist, bdist_rpm, register
[2.493s] DEBUG:colcon.colcon_core.task.python.build:Available setuptools commands: install_egg_info, install_scripts, check, build_scripts, test, init_catalog, build_py, upload, update_catalog, editable_wheel, egg_info, upload_docs, symlink_data, install_headers, extract_messages, compile_catalog, saveopts, install_data, rotate, clean, build_clib, build_ext, install_lib, develop, dist_info, bdist, install, alias, easy_install, build, bdist_egg, bdist_dumb, bdist_wheel, setopt, sdist, bdist_rpm, register
[2.872s] DEBUG:colcon.colcon_core.task.python.build:Available setuptools 'develop' options: --upgrade, --help, --local-snapshots-ok, --no-user-cfg, --user, --build-directory, --install-dir, --find-links, --always-unzip, --site-dirs, --prefix, --no-deps, --index-url, --verbose, --script-dir, --force-installation-into-system-dir, --zip-ok, --allow-hosts, --exclude-scripts, --egg-path, --no-find-links, --uninstall, --editable, --install-layout, --always-copy, --multi-version, --optimize, --version, --quiet, --record, --dry-run
[2.877s] DEBUG:colcon.colcon_core.event_handler.log_command:Invoking command in '/home/maxx/naviguard_ws/build/naviguard_confidence': PYTHONPATH=/home/maxx/naviguard_ws/build/naviguard_confidence/prefix_override:/home/maxx/.local/lib/python3.12/site-packages/colcon_core/task/python/colcon_distutils_commands:/home/maxx/naviguard_ws/install/naviguard_confidence/lib/python3.12/site-packages:${PYTHONPATH} /usr/bin/python3 -W ignore:setup.py install is deprecated -W ignore:easy_install command is deprecated setup.py develop --editable --build-directory /home/maxx/naviguard_ws/build/naviguard_confidence/build --no-deps symlink_data
[2.881s] DEBUG:colcon.colcon_core.task.python.build:Available setuptools 'develop' options: --upgrade, --help, --local-snapshots-ok, --no-user-cfg, --user, --build-directory, --install-dir, --find-links, --always-unzip, --site-dirs, --prefix, --no-deps, --index-url, --verbose, --script-dir, --force-installation-into-system-dir, --zip-ok, --allow-hosts, --exclude-scripts, --egg-path, --no-find-links, --uninstall, --editable, --install-layout, --always-copy, --multi-version, --optimize, --version, --quiet, --record, --dry-run
[2.884s] DEBUG:colcon.colcon_core.event_handler.log_command:Invoking command in '/home/maxx/naviguard_ws/build/naviguard_visual_odometry': PYTHONPATH=/home/maxx/naviguard_ws/build/naviguard_visual_odometry/prefix_override:/home/maxx/.local/lib/python3.12/site-packages/colcon_core/task/python/colcon_distutils_commands:/home/maxx/naviguard_ws/install/naviguard_visual_odometry/lib/python3.12/site-packages:${PYTHONPATH} /usr/bin/python3 -W ignore:setup.py install is deprecated -W ignore:easy_install command is deprecated setup.py develop --editable --build-directory /home/maxx/naviguard_ws/build/naviguard_visual_odometry/build --no-deps symlink_data
[2.895s] DEBUG:colcon.colcon_core.task.python.build:Available setuptools 'develop' options: --upgrade, --help, --local-snapshots-ok, --no-user-cfg, --user, --build-directory, --install-dir, --find-links, --always-unzip, --site-dirs, --prefix, --no-deps, --index-url, --verbose, --script-dir, --force-installation-into-system-dir, --zip-ok, --allow-hosts, --exclude-scripts, --egg-path, --no-find-links, --uninstall, --editable, --install-layout, --always-copy, --multi-version, --optimize, --version, --quiet, --record, --dry-run
[2.898s] DEBUG:colcon.colcon_core.event_handler.log_command:Invoking command in '/home/maxx/naviguard_ws/build/naviguard_state_estimation': PYTHONPATH=/home/maxx/naviguard_ws/build/naviguard_state_estimation/prefix_override:/home/maxx/.local/lib/python3.12/site-packages/colcon_core/task/python/colcon_distutils_commands:/home/maxx/naviguard_ws/install/naviguard_state_estimation/lib/python3.12/site-packages:${PYTHONPATH} /usr/bin/python3 -W ignore:setup.py install is deprecated -W ignore:easy_install command is deprecated setup.py develop --editable --build-directory /home/maxx/naviguard_ws/build/naviguard_state_estimation/build --no-deps symlink_data
[2.929s] DEBUG:colcon.colcon_core.task.python.build:Available setuptools 'develop' options: --upgrade, --help, --local-snapshots-ok, --no-user-cfg, --user, --build-directory, --install-dir, --find-links, --always-unzip, --site-dirs, --prefix, --no-deps, --index-url, --verbose, --script-dir, --force-installation-into-system-dir, --zip-ok, --allow-hosts, --exclude-scripts, --egg-path, --no-find-links, --uninstall, --editable, --install-layout, --always-copy, --multi-version, --optimize, --version, --quiet, --record, --dry-run
[2.934s] DEBUG:colcon.colcon_core.event_handler.log_command:Invoking command in '/home/maxx/naviguard_ws/build/naviguard_navigation': PYTHONPATH=/home/maxx/naviguard_ws/build/naviguard_navigation/prefix_override:/home/maxx/.local/lib/python3.12/site-packages/colcon_core/task/python/colcon_distutils_commands:/home/maxx/naviguard_ws/install/naviguard_navigation/lib/python3.12/site-packages:${PYTHONPATH} /usr/bin/python3 -W ignore:setup.py install is deprecated -W ignore:easy_install command is deprecated setup.py develop --editable --build-directory /home/maxx/naviguard_ws/build/naviguard_navigation/build --no-deps symlink_data
[2.946s] DEBUG:colcon.colcon_core.task.python.build:Available setuptools 'develop' options: --upgrade, --help, --local-snapshots-ok, --no-user-cfg, --user, --build-directory, --install-dir, --find-links, --always-unzip, --site-dirs, --prefix, --no-deps, --index-url, --verbose, --script-dir, --force-installation-into-system-dir, --zip-ok, --allow-hosts, --exclude-scripts, --egg-path, --no-find-links, --uninstall, --editable, --install-layout, --always-copy, --multi-version, --optimize, --version, --quiet, --record, --dry-run
[2.949s] DEBUG:colcon.colcon_core.task.python.build:Available setuptools 'develop' options: --upgrade, --help, --local-snapshots-ok, --no-user-cfg, --user, --build-directory, --install-dir, --find-links, --always-unzip, --site-dirs, --prefix, --no-deps, --index-url, --verbose, --script-dir, --force-installation-into-system-dir, --zip-ok, --allow-hosts, --exclude-scripts, --egg-path, --no-find-links, --uninstall, --editable, --install-layout, --always-copy, --multi-version, --optimize, --version, --quiet, --record, --dry-run
[2.952s] DEBUG:colcon.colcon_core.event_handler.log_command:Invoking command in '/home/maxx/naviguard_ws/build/naviguard_perception': PYTHONPATH=/home/maxx/naviguard_ws/build/naviguard_perception/prefix_override:/home/maxx/.local/lib/python3.12/site-packages/colcon_core/task/python/colcon_distutils_commands:/home/maxx/naviguard_ws/install/naviguard_perception/lib/python3.12/site-packages:${PYTHONPATH} /usr/bin/python3 -W ignore:setup.py install is deprecated -W ignore:easy_install command is deprecated setup.py develop --editable --build-directory /home/maxx/naviguard_ws/build/naviguard_perception/build --no-deps symlink_data
[2.955s] DEBUG:colcon.colcon_core.task.python.build:Available setuptools 'develop' options: --upgrade, --help, --local-snapshots-ok, --no-user-cfg, --user, --build-directory, --install-dir, --find-links, --always-unzip, --site-dirs, --prefix, --no-deps, --index-url, --verbose, --script-dir, --force-installation-into-system-dir, --zip-ok, --allow-hosts, --exclude-scripts, --egg-path, --no-find-links, --uninstall, --editable, --install-layout, --always-copy, --multi-version, --optimize, --version, --quiet, --record, --dry-run
[2.958s] DEBUG:colcon.colcon_core.event_handler.log_command:Invoking command in '/home/maxx/naviguard_ws/build/naviguard_recovery': PYTHONPATH=/home/maxx/naviguard_ws/build/naviguard_recovery/prefix_override:/home/maxx/.local/lib/python3.12/site-packages/colcon_core/task/python/colcon_distutils_commands:/home/maxx/naviguard_ws/install/naviguard_recovery/lib/python3.12/site-packages:${PYTHONPATH} /usr/bin/python3 -W ignore:setup.py install is deprecated -W ignore:easy_install command is deprecated setup.py develop --editable --build-directory /home/maxx/naviguard_ws/build/naviguard_recovery/build --no-deps symlink_data
[2.961s] DEBUG:colcon.colcon_core.event_handler.log_command:Invoking command in '/home/maxx/naviguard_ws/build/naviguard_slam': PYTHONPATH=/home/maxx/naviguard_ws/build/naviguard_slam/prefix_override:/home/maxx/.local/lib/python3.12/site-packages/colcon_core/task/python/colcon_distutils_commands:/home/maxx/naviguard_ws/install/naviguard_slam/lib/python3.12/site-packages:${PYTHONPATH} /usr/bin/python3 -W ignore:setup.py install is deprecated -W ignore:easy_install command is deprecated setup.py develop --editable --build-directory /home/maxx/naviguard_ws/build/naviguard_slam/build --no-deps symlink_data
[2.963s] DEBUG:colcon.colcon_core.task.python.build:Available setuptools 'develop' options: --upgrade, --help, --local-snapshots-ok, --no-user-cfg, --user, --build-directory, --install-dir, --find-links, --always-unzip, --site-dirs, --prefix, --no-deps, --index-url, --verbose, --script-dir, --force-installation-into-system-dir, --zip-ok, --allow-hosts, --exclude-scripts, --egg-path, --no-find-links, --uninstall, --editable, --install-layout, --always-copy, --multi-version, --optimize, --version, --quiet, --record, --dry-run
[2.966s] DEBUG:colcon.colcon_core.event_handler.log_command:Invoking command in '/home/maxx/naviguard_ws/build/naviguard_sensor_sync': PYTHONPATH=/home/maxx/naviguard_ws/build/naviguard_sensor_sync/prefix_override:/home/maxx/.local/lib/python3.12/site-packages/colcon_core/task/python/colcon_distutils_commands:/home/maxx/naviguard_ws/install/naviguard_sensor_sync/lib/python3.12/site-packages:${PYTHONPATH} /usr/bin/python3 -W ignore:setup.py install is deprecated -W ignore:easy_install command is deprecated setup.py develop --editable --build-directory /home/maxx/naviguard_ws/build/naviguard_sensor_sync/build --no-deps symlink_data
[3.573s] Level 1:colcon.colcon_core.shell:create_environment_hook('naviguard_confidence', 'pythonpath_develop')
[3.574s] DEBUG:colcon.colcon_core.event_handler.log_command:Invoked command in '/home/maxx/naviguard_ws/build/naviguard_confidence' returned '0': PYTHONPATH=/home/maxx/naviguard_ws/build/naviguard_confidence/prefix_override:/home/maxx/.local/lib/python3.12/site-packages/colcon_core/task/python/colcon_distutils_commands:/home/maxx/naviguard_ws/install/naviguard_confidence/lib/python3.12/site-packages:${PYTHONPATH} /usr/bin/python3 -W ignore:setup.py install is deprecated -W ignore:easy_install command is deprecated setup.py develop --editable --build-directory /home/maxx/naviguard_ws/build/naviguard_confidence/build --no-deps symlink_data
[3.574s] INFO:colcon.colcon_core.shell:Creating environment hook '/home/maxx/naviguard_ws/build/naviguard_confidence/share/naviguard_confidence/hook/pythonpath_develop.ps1'
[3.575s] INFO:colcon.colcon_core.shell:Creating environment descriptor '/home/maxx/naviguard_ws/build/naviguard_confidence/share/naviguard_confidence/hook/pythonpath_develop.dsv'
[3.576s] INFO:colcon.colcon_core.shell:Creating environment hook '/home/maxx/naviguard_ws/build/naviguard_confidence/share/naviguard_confidence/hook/pythonpath_develop.sh'
[3.577s] Level 1:colcon.colcon_core.environment:checking '/home/maxx/naviguard_ws/install/naviguard_confidence' for CMake module files
[3.577s] Level 1:colcon.colcon_core.environment:checking '/home/maxx/naviguard_ws/install/naviguard_confidence' for CMake config files
[3.578s] Level 1:colcon.colcon_core.environment:checking '/home/maxx/naviguard_ws/install/naviguard_confidence/lib'
[3.578s] Level 1:colcon.colcon_core.environment:checking '/home/maxx/naviguard_ws/install/naviguard_confidence/bin'
[3.579s] Level 1:colcon.colcon_core.environment:checking '/home/maxx/naviguard_ws/install/naviguard_confidence/lib/pkgconfig/naviguard_confidence.pc'
[3.579s] Level 1:colcon.colcon_core.environment:checking '/home/maxx/naviguard_ws/install/naviguard_confidence/lib/python3.12/site-packages'
[3.579s] Level 1:colcon.colcon_core.shell:create_environment_hook('naviguard_confidence', 'pythonpath')
[3.579s] INFO:colcon.colcon_core.shell:Creating environment hook '/home/maxx/naviguard_ws/install/naviguard_confidence/share/naviguard_confidence/hook/pythonpath.ps1'
[3.581s] INFO:colcon.colcon_core.shell:Creating environment descriptor '/home/maxx/naviguard_ws/install/naviguard_confidence/share/naviguard_confidence/hook/pythonpath.dsv'
[3.583s] INFO:colcon.colcon_core.shell:Creating environment hook '/home/maxx/naviguard_ws/install/naviguard_confidence/share/naviguard_confidence/hook/pythonpath.sh'
[3.585s] Level 1:colcon.colcon_core.environment:checking '/home/maxx/naviguard_ws/install/naviguard_confidence/bin'
[3.585s] Level 1:colcon.colcon_core.environment:create_environment_scripts_only(naviguard_confidence)
[3.586s] INFO:colcon.colcon_core.shell:Creating package script '/home/maxx/naviguard_ws/install/naviguard_confidence/share/naviguard_confidence/package.ps1'
[3.590s] INFO:colcon.colcon_core.shell:Creating package descriptor '/home/maxx/naviguard_ws/install/naviguard_confidence/share/naviguard_confidence/package.dsv'
[3.592s] INFO:colcon.colcon_core.shell:Creating package script '/home/maxx/naviguard_ws/install/naviguard_confidence/share/naviguard_confidence/package.sh'
[3.594s] INFO:colcon.colcon_core.shell:Creating package script '/home/maxx/naviguard_ws/install/naviguard_confidence/share/naviguard_confidence/package.bash'
[3.595s] INFO:colcon.colcon_core.shell:Creating package script '/home/maxx/naviguard_ws/install/naviguard_confidence/share/naviguard_confidence/package.zsh'
[3.596s] Level 1:colcon.colcon_core.environment:create_file_with_runtime_dependencies(/home/maxx/naviguard_ws/install/naviguard_confidence/share/colcon-core/packages/naviguard_confidence)
[3.599s] Level 1:colcon.colcon_core.shell:create_environment_hook('naviguard_visual_odometry', 'pythonpath_develop')
[3.600s] DEBUG:colcon.colcon_core.event_handler.log_command:Invoked command in '/home/maxx/naviguard_ws/build/naviguard_visual_odometry' returned '0': PYTHONPATH=/home/maxx/naviguard_ws/build/naviguard_visual_odometry/prefix_override:/home/maxx/.local/lib/python3.12/site-packages/colcon_core/task/python/colcon_distutils_commands:/home/maxx/naviguard_ws/install/naviguard_visual_odometry/lib/python3.12/site-packages:${PYTHONPATH} /usr/bin/python3 -W ignore:setup.py install is deprecated -W ignore:easy_install command is deprecated setup.py develop --editable --build-directory /home/maxx/naviguard_ws/build/naviguard_visual_odometry/build --no-deps symlink_data
[3.601s] INFO:colcon.colcon_core.shell:Creating environment hook '/home/maxx/naviguard_ws/build/naviguard_visual_odometry/share/naviguard_visual_odometry/hook/pythonpath_develop.ps1'
[3.603s] INFO:colcon.colcon_core.shell:Creating environment descriptor '/home/maxx/naviguard_ws/build/naviguard_visual_odometry/share/naviguard_visual_odometry/hook/pythonpath_develop.dsv'
[3.609s] INFO:colcon.colcon_core.shell:Creating environment hook '/home/maxx/naviguard_ws/build/naviguard_visual_odometry/share/naviguard_visual_odometry/hook/pythonpath_develop.sh'
[3.611s] Level 1:colcon.colcon_core.environment:checking '/home/maxx/naviguard_ws/install/naviguard_visual_odometry' for CMake module files
[3.612s] Level 1:colcon.colcon_core.environment:checking '/home/maxx/naviguard_ws/install/naviguard_visual_odometry' for CMake config files
[3.613s] Level 1:colcon.colcon_core.environment:checking '/home/maxx/naviguard_ws/install/naviguard_visual_odometry/lib'
[3.613s] Level 1:colcon.colcon_core.environment:checking '/home/maxx/naviguard_ws/install/naviguard_visual_odometry/bin'
[3.613s] Level 1:colcon.colcon_core.environment:checking '/home/maxx/naviguard_ws/install/naviguard_visual_odometry/lib/pkgconfig/naviguard_visual_odometry.pc'
[3.619s] Level 1:colcon.colcon_core.environment:checking '/home/maxx/naviguard_ws/install/naviguard_visual_odometry/lib/python3.12/site-packages'
[3.620s] Level 1:colcon.colcon_core.shell:create_environment_hook('naviguard_visual_odometry', 'pythonpath')
[3.620s] INFO:colcon.colcon_core.shell:Creating environment hook '/home/maxx/naviguard_ws/install/naviguard_visual_odometry/share/naviguard_visual_odometry/hook/pythonpath.ps1'
[3.623s] INFO:colcon.colcon_core.shell:Creating environment descriptor '/home/maxx/naviguard_ws/install/naviguard_visual_odometry/share/naviguard_visual_odometry/hook/pythonpath.dsv'
[3.625s] INFO:colcon.colcon_core.shell:Creating environment hook '/home/maxx/naviguard_ws/install/naviguard_visual_odometry/share/naviguard_visual_odometry/hook/pythonpath.sh'
[3.626s] Level 1:colcon.colcon_core.environment:checking '/home/maxx/naviguard_ws/install/naviguard_visual_odometry/bin'
[3.627s] Level 1:colcon.colcon_core.environment:create_environment_scripts_only(naviguard_visual_odometry)
[3.627s] INFO:colcon.colcon_core.shell:Creating package script '/home/maxx/naviguard_ws/install/naviguard_visual_odometry/share/naviguard_visual_odometry/package.ps1'
[3.628s] INFO:colcon.colcon_core.shell:Creating package descriptor '/home/maxx/naviguard_ws/install/naviguard_visual_odometry/share/naviguard_visual_odometry/package.dsv'
[3.629s] INFO:colcon.colcon_core.shell:Creating package script '/home/maxx/naviguard_ws/install/naviguard_visual_odometry/share/naviguard_visual_odometry/package.sh'
[3.630s] INFO:colcon.colcon_core.shell:Creating package script '/home/maxx/naviguard_ws/install/naviguard_visual_odometry/share/naviguard_visual_odometry/package.bash'
[3.631s] INFO:colcon.colcon_core.shell:Creating package script '/home/maxx/naviguard_ws/install/naviguard_visual_odometry/share/naviguard_visual_odometry/package.zsh'
[3.631s] Level 1:colcon.colcon_core.environment:create_file_with_runtime_dependencies(/home/maxx/naviguard_ws/install/naviguard_visual_odometry/share/colcon-core/packages/naviguard_visual_odometry)
[3.667s] Level 1:colcon.colcon_core.shell:create_environment_hook('naviguard_perception', 'pythonpath_develop')
[3.667s] DEBUG:colcon.colcon_core.event_handler.log_command:Invoked command in '/home/maxx/naviguard_ws/build/naviguard_perception' returned '0': PYTHONPATH=/home/maxx/naviguard_ws/build/naviguard_perception/prefix_override:/home/maxx/.local/lib/python3.12/site-packages/colcon_core/task/python/colcon_distutils_commands:/home/maxx/naviguard_ws/install/naviguard_perception/lib/python3.12/site-packages:${PYTHONPATH} /usr/bin/python3 -W ignore:setup.py install is deprecated -W ignore:easy_install command is deprecated setup.py develop --editable --build-directory /home/maxx/naviguard_ws/build/naviguard_perception/build --no-deps symlink_data
[3.668s] INFO:colcon.colcon_core.shell:Creating environment hook '/home/maxx/naviguard_ws/build/naviguard_perception/share/naviguard_perception/hook/pythonpath_develop.ps1'
[3.670s] INFO:colcon.colcon_core.shell:Creating environment descriptor '/home/maxx/naviguard_ws/build/naviguard_perception/share/naviguard_perception/hook/pythonpath_develop.dsv'
[3.671s] INFO:colcon.colcon_core.shell:Creating environment hook '/home/maxx/naviguard_ws/build/naviguard_perception/share/naviguard_perception/hook/pythonpath_develop.sh'
[3.672s] Level 1:colcon.colcon_core.environment:checking '/home/maxx/naviguard_ws/install/naviguard_perception' for CMake module files
[3.673s] Level 1:colcon.colcon_core.environment:checking '/home/maxx/naviguard_ws/install/naviguard_perception' for CMake config files
[3.674s] Level 1:colcon.colcon_core.environment:checking '/home/maxx/naviguard_ws/install/naviguard_perception/lib'
[3.674s] Level 1:colcon.colcon_core.environment:checking '/home/maxx/naviguard_ws/install/naviguard_perception/bin'
[3.674s] Level 1:colcon.colcon_core.environment:checking '/home/maxx/naviguard_ws/install/naviguard_perception/lib/pkgconfig/naviguard_perception.pc'
[3.675s] Level 1:colcon.colcon_core.environment:checking '/home/maxx/naviguard_ws/install/naviguard_perception/lib/python3.12/site-packages'
[3.675s] Level 1:colcon.colcon_core.shell:create_environment_hook('naviguard_perception', 'pythonpath')
[3.675s] INFO:colcon.colcon_core.shell:Creating environment hook '/home/maxx/naviguard_ws/install/naviguard_perception/share/naviguard_perception/hook/pythonpath.ps1'
[3.676s] INFO:colcon.colcon_core.shell:Creating environment descriptor '/home/maxx/naviguard_ws/install/naviguard_perception/share/naviguard_perception/hook/pythonpath.dsv'
[3.676s] INFO:colcon.colcon_core.shell:Creating environment hook '/home/maxx/naviguard_ws/install/naviguard_perception/share/naviguard_perception/hook/pythonpath.sh'
[3.677s] Level 1:colcon.colcon_core.environment:checking '/home/maxx/naviguard_ws/install/naviguard_perception/bin'
[3.677s] Level 1:colcon.colcon_core.environment:create_environment_scripts_only(naviguard_perception)
[3.677s] INFO:colcon.colcon_core.shell:Creating package script '/home/maxx/naviguard_ws/install/naviguard_perception/share/naviguard_perception/package.ps1'
[3.678s] INFO:colcon.colcon_core.shell:Creating package descriptor '/home/maxx/naviguard_ws/install/naviguard_perception/share/naviguard_perception/package.dsv'
[3.678s] INFO:colcon.colcon_core.shell:Creating package script '/home/maxx/naviguard_ws/install/naviguard_perception/share/naviguard_perception/package.sh'
[3.679s] INFO:colcon.colcon_core.shell:Creating package script '/home/maxx/naviguard_ws/install/naviguard_perception/share/naviguard_perception/package.bash'
[3.679s] INFO:colcon.colcon_core.shell:Creating package script '/home/maxx/naviguard_ws/install/naviguard_perception/share/naviguard_perception/package.zsh'
[3.679s] Level 1:colcon.colcon_core.environment:create_file_with_runtime_dependencies(/home/maxx/naviguard_ws/install/naviguard_perception/share/colcon-core/packages/naviguard_perception)
[3.683s] Level 1:colcon.colcon_core.shell:create_environment_hook('naviguard_state_estimation', 'pythonpath_develop')
[3.683s] INFO:colcon.colcon_core.shell:Creating environment hook '/home/maxx/naviguard_ws/build/naviguard_state_estimation/share/naviguard_state_estimation/hook/pythonpath_develop.ps1'
[3.685s] DEBUG:colcon.colcon_core.event_handler.log_command:Invoked command in '/home/maxx/naviguard_ws/build/naviguard_state_estimation' returned '0': PYTHONPATH=/home/maxx/naviguard_ws/build/naviguard_state_estimation/prefix_override:/home/maxx/.local/lib/python3.12/site-packages/colcon_core/task/python/colcon_distutils_commands:/home/maxx/naviguard_ws/install/naviguard_state_estimation/lib/python3.12/site-packages:${PYTHONPATH} /usr/bin/python3 -W ignore:setup.py install is deprecated -W ignore:easy_install command is deprecated setup.py develop --editable --build-directory /home/maxx/naviguard_ws/build/naviguard_state_estimation/build --no-deps symlink_data
[3.685s] INFO:colcon.colcon_core.shell:Creating environment descriptor '/home/maxx/naviguard_ws/build/naviguard_state_estimation/share/naviguard_state_estimation/hook/pythonpath_develop.dsv'
[3.686s] INFO:colcon.colcon_core.shell:Creating environment hook '/home/maxx/naviguard_ws/build/naviguard_state_estimation/share/naviguard_state_estimation/hook/pythonpath_develop.sh'
[3.687s] Level 1:colcon.colcon_core.environment:checking '/home/maxx/naviguard_ws/install/naviguard_state_estimation' for CMake module files
[3.688s] Level 1:colcon.colcon_core.environment:checking '/home/maxx/naviguard_ws/install/naviguard_state_estimation' for CMake config files
[3.689s] Level 1:colcon.colcon_core.environment:checking '/home/maxx/naviguard_ws/install/naviguard_state_estimation/lib'
[3.690s] Level 1:colcon.colcon_core.environment:checking '/home/maxx/naviguard_ws/install/naviguard_state_estimation/bin'
[3.690s] Level 1:colcon.colcon_core.environment:checking '/home/maxx/naviguard_ws/install/naviguard_state_estimation/lib/pkgconfig/naviguard_state_estimation.pc'
[3.690s] Level 1:colcon.colcon_core.environment:checking '/home/maxx/naviguard_ws/install/naviguard_state_estimation/lib/python3.12/site-packages'
[3.690s] Level 1:colcon.colcon_core.shell:create_environment_hook('naviguard_state_estimation', 'pythonpath')
[3.691s] INFO:colcon.colcon_core.shell:Creating environment hook '/home/maxx/naviguard_ws/install/naviguard_state_estimation/share/naviguard_state_estimation/hook/pythonpath.ps1'
[3.692s] INFO:colcon.colcon_core.shell:Creating environment descriptor '/home/maxx/naviguard_ws/install/naviguard_state_estimation/share/naviguard_state_estimation/hook/pythonpath.dsv'
[3.692s] INFO:colcon.colcon_core.shell:Creating environment hook '/home/maxx/naviguard_ws/install/naviguard_state_estimation/share/naviguard_state_estimation/hook/pythonpath.sh'
[3.693s] Level 1:colcon.colcon_core.environment:checking '/home/maxx/naviguard_ws/install/naviguard_state_estimation/bin'
[3.694s] Level 1:colcon.colcon_core.environment:create_environment_scripts_only(naviguard_state_estimation)
[3.694s] INFO:colcon.colcon_core.shell:Creating package script '/home/maxx/naviguard_ws/install/naviguard_state_estimation/share/naviguard_state_estimation/package.ps1'
[3.695s] INFO:colcon.colcon_core.shell:Creating package descriptor '/home/maxx/naviguard_ws/install/naviguard_state_estimation/share/naviguard_state_estimation/package.dsv'
[3.696s] INFO:colcon.colcon_core.shell:Creating package script '/home/maxx/naviguard_ws/install/naviguard_state_estimation/share/naviguard_state_estimation/package.sh'
[3.696s] INFO:colcon.colcon_core.shell:Creating package script '/home/maxx/naviguard_ws/install/naviguard_state_estimation/share/naviguard_state_estimation/package.bash'
[3.697s] INFO:colcon.colcon_core.shell:Creating package script '/home/maxx/naviguard_ws/install/naviguard_state_estimation/share/naviguard_state_estimation/package.zsh'
[3.698s] Level 1:colcon.colcon_core.environment:create_file_with_runtime_dependencies(/home/maxx/naviguard_ws/install/naviguard_state_estimation/share/colcon-core/packages/naviguard_state_estimation)
[3.702s] Level 1:colcon.colcon_core.shell:create_environment_hook('naviguard_slam', 'pythonpath_develop')
[3.703s] INFO:colcon.colcon_core.shell:Creating environment hook '/home/maxx/naviguard_ws/build/naviguard_slam/share/naviguard_slam/hook/pythonpath_develop.ps1'
[3.710s] DEBUG:colcon.colcon_core.event_handler.log_command:Invoked command in '/home/maxx/naviguard_ws/build/naviguard_slam' returned '0': PYTHONPATH=/home/maxx/naviguard_ws/build/naviguard_slam/prefix_override:/home/maxx/.local/lib/python3.12/site-packages/colcon_core/task/python/colcon_distutils_commands:/home/maxx/naviguard_ws/install/naviguard_slam/lib/python3.12/site-packages:${PYTHONPATH} /usr/bin/python3 -W ignore:setup.py install is deprecated -W ignore:easy_install command is deprecated setup.py develop --editable --build-directory /home/maxx/naviguard_ws/build/naviguard_slam/build --no-deps symlink_data
[3.712s] INFO:colcon.colcon_core.shell:Creating environment descriptor '/home/maxx/naviguard_ws/build/naviguard_slam/share/naviguard_slam/hook/pythonpath_develop.dsv'
[3.713s] INFO:colcon.colcon_core.shell:Creating environment hook '/home/maxx/naviguard_ws/build/naviguard_slam/share/naviguard_slam/hook/pythonpath_develop.sh'
[3.713s] Level 1:colcon.colcon_core.environment:checking '/home/maxx/naviguard_ws/install/naviguard_slam' for CMake module files
[3.714s] Level 1:colcon.colcon_core.environment:checking '/home/maxx/naviguard_ws/install/naviguard_slam' for CMake config files
[3.715s] Level 1:colcon.colcon_core.environment:checking '/home/maxx/naviguard_ws/install/naviguard_slam/lib'
[3.715s] Level 1:colcon.colcon_core.environment:checking '/home/maxx/naviguard_ws/install/naviguard_slam/bin'
[3.716s] Level 1:colcon.colcon_core.environment:checking '/home/maxx/naviguard_ws/install/naviguard_slam/lib/pkgconfig/naviguard_slam.pc'
[3.716s] Level 1:colcon.colcon_core.environment:checking '/home/maxx/naviguard_ws/install/naviguard_slam/lib/python3.12/site-packages'
[3.716s] Level 1:colcon.colcon_core.shell:create_environment_hook('naviguard_slam', 'pythonpath')
[3.716s] INFO:colcon.colcon_core.shell:Creating environment hook '/home/maxx/naviguard_ws/install/naviguard_slam/share/naviguard_slam/hook/pythonpath.ps1'
[3.718s] INFO:colcon.colcon_core.shell:Creating environment descriptor '/home/maxx/naviguard_ws/install/naviguard_slam/share/naviguard_slam/hook/pythonpath.dsv'
[3.718s] INFO:colcon.colcon_core.shell:Creating environment hook '/home/maxx/naviguard_ws/install/naviguard_slam/share/naviguard_slam/hook/pythonpath.sh'
[3.719s] Level 1:colcon.colcon_core.environment:checking '/home/maxx/naviguard_ws/install/naviguard_slam/bin'
[3.719s] Level 1:colcon.colcon_core.environment:create_environment_scripts_only(naviguard_slam)
[3.719s] INFO:colcon.colcon_core.shell:Creating package script '/home/maxx/naviguard_ws/install/naviguard_slam/share/naviguard_slam/package.ps1'
[3.720s] INFO:colcon.colcon_core.shell:Creating package descriptor '/home/maxx/naviguard_ws/install/naviguard_slam/share/naviguard_slam/package.dsv'
[3.721s] INFO:colcon.colcon_core.shell:Creating package script '/home/maxx/naviguard_ws/install/naviguard_slam/share/naviguard_slam/package.sh'
[3.721s] INFO:colcon.colcon_core.shell:Creating package script '/home/maxx/naviguard_ws/install/naviguard_slam/share/naviguard_slam/package.bash'
[3.722s] INFO:colcon.colcon_core.shell:Creating package script '/home/maxx/naviguard_ws/install/naviguard_slam/share/naviguard_slam/package.zsh'
[3.722s] Level 1:colcon.colcon_core.environment:create_file_with_runtime_dependencies(/home/maxx/naviguard_ws/install/naviguard_slam/share/colcon-core/packages/naviguard_slam)
[3.725s] Level 1:colcon.colcon_core.shell:create_environment_hook('naviguard_sensor_sync', 'pythonpath_develop')
[3.726s] INFO:colcon.colcon_core.shell:Creating environment hook '/home/maxx/naviguard_ws/build/naviguard_sensor_sync/share/naviguard_sensor_sync/hook/pythonpath_develop.ps1'
[3.726s] DEBUG:colcon.colcon_core.event_handler.log_command:Invoked command in '/home/maxx/naviguard_ws/build/naviguard_sensor_sync' returned '0': PYTHONPATH=/home/maxx/naviguard_ws/build/naviguard_sensor_sync/prefix_override:/home/maxx/.local/lib/python3.12/site-packages/colcon_core/task/python/colcon_distutils_commands:/home/maxx/naviguard_ws/install/naviguard_sensor_sync/lib/python3.12/site-packages:${PYTHONPATH} /usr/bin/python3 -W ignore:setup.py install is deprecated -W ignore:easy_install command is deprecated setup.py develop --editable --build-directory /home/maxx/naviguard_ws/build/naviguard_sensor_sync/build --no-deps symlink_data
[3.727s] INFO:colcon.colcon_core.shell:Creating environment descriptor '/home/maxx/naviguard_ws/build/naviguard_sensor_sync/share/naviguard_sensor_sync/hook/pythonpath_develop.dsv'
[3.727s] INFO:colcon.colcon_core.shell:Creating environment hook '/home/maxx/naviguard_ws/build/naviguard_sensor_sync/share/naviguard_sensor_sync/hook/pythonpath_develop.sh'
[3.728s] Level 1:colcon.colcon_core.environment:checking '/home/maxx/naviguard_ws/install/naviguard_sensor_sync' for CMake module files
[3.728s] Level 1:colcon.colcon_core.environment:checking '/home/maxx/naviguard_ws/install/naviguard_sensor_sync' for CMake config files
[3.728s] Level 1:colcon.colcon_core.environment:checking '/home/maxx/naviguard_ws/install/naviguard_sensor_sync/lib'
[3.728s] Level 1:colcon.colcon_core.environment:checking '/home/maxx/naviguard_ws/install/naviguard_sensor_sync/bin'
[3.729s] Level 1:colcon.colcon_core.environment:checking '/home/maxx/naviguard_ws/install/naviguard_sensor_sync/lib/pkgconfig/naviguard_sensor_sync.pc'
[3.729s] Level 1:colcon.colcon_core.environment:checking '/home/maxx/naviguard_ws/install/naviguard_sensor_sync/lib/python3.12/site-packages'
[3.729s] Level 1:colcon.colcon_core.shell:create_environment_hook('naviguard_sensor_sync', 'pythonpath')
[3.729s] INFO:colcon.colcon_core.shell:Creating environment hook '/home/maxx/naviguard_ws/install/naviguard_sensor_sync/share/naviguard_sensor_sync/hook/pythonpath.ps1'
[3.729s] INFO:colcon.colcon_core.shell:Creating environment descriptor '/home/maxx/naviguard_ws/install/naviguard_sensor_sync/share/naviguard_sensor_sync/hook/pythonpath.dsv'
[3.730s] INFO:colcon.colcon_core.shell:Creating environment hook '/home/maxx/naviguard_ws/install/naviguard_sensor_sync/share/naviguard_sensor_sync/hook/pythonpath.sh'
[3.731s] Level 1:colcon.colcon_core.environment:checking '/home/maxx/naviguard_ws/install/naviguard_sensor_sync/bin'
[3.731s] Level 1:colcon.colcon_core.environment:create_environment_scripts_only(naviguard_sensor_sync)
[3.731s] INFO:colcon.colcon_core.shell:Creating package script '/home/maxx/naviguard_ws/install/naviguard_sensor_sync/share/naviguard_sensor_sync/package.ps1'
[3.731s] INFO:colcon.colcon_core.shell:Creating package descriptor '/home/maxx/naviguard_ws/install/naviguard_sensor_sync/share/naviguard_sensor_sync/package.dsv'
[3.732s] INFO:colcon.colcon_core.shell:Creating package script '/home/maxx/naviguard_ws/install/naviguard_sensor_sync/share/naviguard_sensor_sync/package.sh'
[3.732s] INFO:colcon.colcon_core.shell:Creating package script '/home/maxx/naviguard_ws/install/naviguard_sensor_sync/share/naviguard_sensor_sync/package.bash'
[3.732s] INFO:colcon.colcon_core.shell:Creating package script '/home/maxx/naviguard_ws/install/naviguard_sensor_sync/share/naviguard_sensor_sync/package.zsh'
[3.733s] Level 1:colcon.colcon_core.environment:create_file_with_runtime_dependencies(/home/maxx/naviguard_ws/install/naviguard_sensor_sync/share/colcon-core/packages/naviguard_sensor_sync)
[3.733s] Level 1:colcon.colcon_core.shell:create_environment_hook('naviguard_navigation', 'pythonpath_develop')
[3.734s] INFO:colcon.colcon_core.shell:Creating environment hook '/home/maxx/naviguard_ws/build/naviguard_navigation/share/naviguard_navigation/hook/pythonpath_develop.ps1'
[3.735s] INFO:colcon.colcon_core.shell:Creating environment descriptor '/home/maxx/naviguard_ws/build/naviguard_navigation/share/naviguard_navigation/hook/pythonpath_develop.dsv'
[3.736s] DEBUG:colcon.colcon_core.event_handler.log_command:Invoked command in '/home/maxx/naviguard_ws/build/naviguard_navigation' returned '0': PYTHONPATH=/home/maxx/naviguard_ws/build/naviguard_navigation/prefix_override:/home/maxx/.local/lib/python3.12/site-packages/colcon_core/task/python/colcon_distutils_commands:/home/maxx/naviguard_ws/install/naviguard_navigation/lib/python3.12/site-packages:${PYTHONPATH} /usr/bin/python3 -W ignore:setup.py install is deprecated -W ignore:easy_install command is deprecated setup.py develop --editable --build-directory /home/maxx/naviguard_ws/build/naviguard_navigation/build --no-deps symlink_data
[3.736s] INFO:colcon.colcon_core.shell:Creating environment hook '/home/maxx/naviguard_ws/build/naviguard_navigation/share/naviguard_navigation/hook/pythonpath_develop.sh'
[3.737s] Level 1:colcon.colcon_core.environment:checking '/home/maxx/naviguard_ws/install/naviguard_navigation' for CMake module files
[3.738s] Level 1:colcon.colcon_core.environment:checking '/home/maxx/naviguard_ws/install/naviguard_navigation' for CMake config files
[3.738s] Level 1:colcon.colcon_core.environment:checking '/home/maxx/naviguard_ws/install/naviguard_navigation/lib'
[3.738s] Level 1:colcon.colcon_core.environment:checking '/home/maxx/naviguard_ws/install/naviguard_navigation/bin'
[3.738s] Level 1:colcon.colcon_core.environment:checking '/home/maxx/naviguard_ws/install/naviguard_navigation/lib/pkgconfig/naviguard_navigation.pc'
[3.739s] Level 1:colcon.colcon_core.environment:checking '/home/maxx/naviguard_ws/install/naviguard_navigation/lib/python3.12/site-packages'
[3.739s] Level 1:colcon.colcon_core.shell:create_environment_hook('naviguard_navigation', 'pythonpath')
[3.739s] INFO:colcon.colcon_core.shell:Creating environment hook '/home/maxx/naviguard_ws/install/naviguard_navigation/share/naviguard_navigation/hook/pythonpath.ps1'
[3.739s] INFO:colcon.colcon_core.shell:Creating environment descriptor '/home/maxx/naviguard_ws/install/naviguard_navigation/share/naviguard_navigation/hook/pythonpath.dsv'
[3.740s] INFO:colcon.colcon_core.shell:Creating environment hook '/home/maxx/naviguard_ws/install/naviguard_navigation/share/naviguard_navigation/hook/pythonpath.sh'
[3.740s] Level 1:colcon.colcon_core.environment:checking '/home/maxx/naviguard_ws/install/naviguard_navigation/bin'
[3.740s] Level 1:colcon.colcon_core.environment:create_environment_scripts_only(naviguard_navigation)
[3.741s] INFO:colcon.colcon_core.shell:Creating package script '/home/maxx/naviguard_ws/install/naviguard_navigation/share/naviguard_navigation/package.ps1'
[3.741s] INFO:colcon.colcon_core.shell:Creating package descriptor '/home/maxx/naviguard_ws/install/naviguard_navigation/share/naviguard_navigation/package.dsv'
[3.741s] INFO:colcon.colcon_core.shell:Creating package script '/home/maxx/naviguard_ws/install/naviguard_navigation/share/naviguard_navigation/package.sh'
[3.742s] INFO:colcon.colcon_core.shell:Creating package script '/home/maxx/naviguard_ws/install/naviguard_navigation/share/naviguard_navigation/package.bash'
[3.742s] INFO:colcon.colcon_core.shell:Creating package script '/home/maxx/naviguard_ws/install/naviguard_navigation/share/naviguard_navigation/package.zsh'
[3.742s] Level 1:colcon.colcon_core.environment:create_file_with_runtime_dependencies(/home/maxx/naviguard_ws/install/naviguard_navigation/share/colcon-core/packages/naviguard_navigation)
[3.744s] Level 1:colcon.colcon_core.shell:create_environment_hook('naviguard_recovery', 'pythonpath_develop')
[3.745s] INFO:colcon.colcon_core.shell:Creating environment hook '/home/maxx/naviguard_ws/build/naviguard_recovery/share/naviguard_recovery/hook/pythonpath_develop.ps1'
[3.745s] DEBUG:colcon.colcon_core.event_handler.log_command:Invoked command in '/home/maxx/naviguard_ws/build/naviguard_recovery' returned '0': PYTHONPATH=/home/maxx/naviguard_ws/build/naviguard_recovery/prefix_override:/home/maxx/.local/lib/python3.12/site-packages/colcon_core/task/python/colcon_distutils_commands:/home/maxx/naviguard_ws/install/naviguard_recovery/lib/python3.12/site-packages:${PYTHONPATH} /usr/bin/python3 -W ignore:setup.py install is deprecated -W ignore:easy_install command is deprecated setup.py develop --editable --build-directory /home/maxx/naviguard_ws/build/naviguard_recovery/build --no-deps symlink_data
[3.746s] INFO:colcon.colcon_core.shell:Creating environment descriptor '/home/maxx/naviguard_ws/build/naviguard_recovery/share/naviguard_recovery/hook/pythonpath_develop.dsv'
[3.746s] INFO:colcon.colcon_core.shell:Creating environment hook '/home/maxx/naviguard_ws/build/naviguard_recovery/share/naviguard_recovery/hook/pythonpath_develop.sh'
[3.747s] Level 1:colcon.colcon_core.environment:checking '/home/maxx/naviguard_ws/install/naviguard_recovery' for CMake module files
[3.747s] Level 1:colcon.colcon_core.environment:checking '/home/maxx/naviguard_ws/install/naviguard_recovery' for CMake config files
[3.747s] Level 1:colcon.colcon_core.environment:checking '/home/maxx/naviguard_ws/install/naviguard_recovery/lib'
[3.747s] Level 1:colcon.colcon_core.environment:checking '/home/maxx/naviguard_ws/install/naviguard_recovery/bin'
[3.747s] Level 1:colcon.colcon_core.environment:checking '/home/maxx/naviguard_ws/install/naviguard_recovery/lib/pkgconfig/naviguard_recovery.pc'
[3.748s] Level 1:colcon.colcon_core.environment:checking '/home/maxx/naviguard_ws/install/naviguard_recovery/lib/python3.12/site-packages'
[3.748s] Level 1:colcon.colcon_core.shell:create_environment_hook('naviguard_recovery', 'pythonpath')
[3.748s] INFO:colcon.colcon_core.shell:Creating environment hook '/home/maxx/naviguard_ws/install/naviguard_recovery/share/naviguard_recovery/hook/pythonpath.ps1'
[3.748s] INFO:colcon.colcon_core.shell:Creating environment descriptor '/home/maxx/naviguard_ws/install/naviguard_recovery/share/naviguard_recovery/hook/pythonpath.dsv'
[3.749s] INFO:colcon.colcon_core.shell:Creating environment hook '/home/maxx/naviguard_ws/install/naviguard_recovery/share/naviguard_recovery/hook/pythonpath.sh'
[3.749s] Level 1:colcon.colcon_core.environment:checking '/home/maxx/naviguard_ws/install/naviguard_recovery/bin'
[3.749s] Level 1:colcon.colcon_core.environment:create_environment_scripts_only(naviguard_recovery)
[3.749s] INFO:colcon.colcon_core.shell:Creating package script '/home/maxx/naviguard_ws/install/naviguard_recovery/share/naviguard_recovery/package.ps1'
[3.750s] INFO:colcon.colcon_core.shell:Creating package descriptor '/home/maxx/naviguard_ws/install/naviguard_recovery/share/naviguard_recovery/package.dsv'
[3.750s] INFO:colcon.colcon_core.shell:Creating package script '/home/maxx/naviguard_ws/install/naviguard_recovery/share/naviguard_recovery/package.sh'
[3.751s] INFO:colcon.colcon_core.shell:Creating package script '/home/maxx/naviguard_ws/install/naviguard_recovery/share/naviguard_recovery/package.bash'
[3.751s] INFO:colcon.colcon_core.shell:Creating package script '/home/maxx/naviguard_ws/install/naviguard_recovery/share/naviguard_recovery/package.zsh'
[3.751s] Level 1:colcon.colcon_core.environment:create_file_with_runtime_dependencies(/home/maxx/naviguard_ws/install/naviguard_recovery/share/colcon-core/packages/naviguard_recovery)
[3.752s] DEBUG:colcon.colcon_parallel_executor.executor.parallel:closing loop
[3.752s] DEBUG:colcon.colcon_parallel_executor.executor.parallel:loop closed
[3.752s] DEBUG:colcon.colcon_parallel_executor.executor.parallel:run_until_complete finished with '0'
[3.752s] DEBUG:colcon.colcon_core.event_reactor:joining thread
[3.802s] INFO:colcon.colcon_core.plugin_system:Skipping extension 'colcon_notification.desktop_notification.notify_send': Could not find 'notify-send'
[3.802s] INFO:colcon.colcon_core.plugin_system:Skipping extension 'colcon_notification.desktop_notification.terminal_notifier': Not used on non-Darwin systems
[3.802s] INFO:colcon.colcon_core.plugin_system:Skipping extension 'colcon_notification.desktop_notification.win32': Not used on non-Windows systems
[3.802s] INFO:colcon.colcon_notification.desktop_notification:Sending desktop notification using 'notify2'
[3.803s] DEBUG:colcon.colcon_notification.desktop_notification.notify2:Failed to initialize notify2: org.freedesktop.DBus.Error.ServiceUnknown: The name org.freedesktop.Notifications was not provided by any .service files
[3.803s] DEBUG:colcon.colcon_core.event_reactor:joined thread
[3.803s] INFO:colcon.colcon_core.shell:Creating prefix script '/home/maxx/naviguard_ws/install/local_setup.ps1'
[3.804s] INFO:colcon.colcon_core.shell:Creating prefix util module '/home/maxx/naviguard_ws/install/_local_setup_util_ps1.py'
[3.804s] INFO:colcon.colcon_core.shell:Creating prefix chain script '/home/maxx/naviguard_ws/install/setup.ps1'
[3.805s] INFO:colcon.colcon_core.shell:Creating prefix script '/home/maxx/naviguard_ws/install/local_setup.sh'
[3.805s] INFO:colcon.colcon_core.shell:Creating prefix util module '/home/maxx/naviguard_ws/install/_local_setup_util_sh.py'
[3.806s] INFO:colcon.colcon_core.shell:Creating prefix chain script '/home/maxx/naviguard_ws/install/setup.sh'
[3.806s] INFO:colcon.colcon_core.shell:Creating prefix script '/home/maxx/naviguard_ws/install/local_setup.bash'
[3.807s] INFO:colcon.colcon_core.shell:Creating prefix chain script '/home/maxx/naviguard_ws/install/setup.bash'
[3.807s] INFO:colcon.colcon_core.shell:Creating prefix script '/home/maxx/naviguard_ws/install/local_setup.zsh'
[3.807s] INFO:colcon.colcon_core.shell:Creating prefix chain script '/home/maxx/naviguard_ws/install/setup.zsh'
