[0.239s] DEBUG:colcon:Command line arguments: ['/home/maxx/.local/bin/colcon', 'build', '--symlink-install']
[0.239s] DEBUG:colcon:Parsed command line arguments: Namespace(log_base=None, log_level=None, verb_name='build', build_base='build', install_base='install', merge_install=False, symlink_install=True, test_result_base=None, continue_on_error=False, executor='parallel', parallel_workers=12, event_handlers=None, ignore_user_meta=False, metas=['./colcon.meta'], base_paths=['.'], packages_ignore=None, packages_ignore_regex=None, paths=None, packages_up_to=None, packages_up_to_regex=None, packages_above=None, packages_above_and_dependencies=None, packages_above_depth=None, packages_select_by_dep=None, packages_skip_by_dep=None, packages_skip_up_to=None, packages_select_build_failed=False, packages_skip_build_finished=False, packages_select_test_failures=False, packages_skip_test_passed=False, packages_select=None, packages_skip=None, packages_select_regex=None, packages_skip_regex=None, packages_start=None, packages_end=None, cmake_args=None, cmake_target=None, cmake_target_skip_unavailable=False, cmake_clean_cache=False, cmake_clean_first=False, cmake_force_configure=False, ament_cmake_args=None, catkin_cmake_args=None, catkin_skip_building_tests=False, verb_parser=<colcon_defaults.argument_parser.defaults.DefaultArgumentsDecorator object at 0x73e03e15ed50>, verb_extension=<colcon_core.verb.build.BuildVerb object at 0x73e03e15e5a0>, main=<bound method BuildVerb.main of <colcon_core.verb.build.BuildVerb object at 0x73e03e15e5a0>>)
[0.270s] Level 1:colcon.colcon_core.package_discovery:discover_packages(colcon_meta) check parameters
[0.270s] Level 1:colcon.colcon_core.package_discovery:discover_packages(recursive) check parameters
[0.270s] Level 1:colcon.colcon_core.package_discovery:discover_packages(ignore) check parameters
[0.270s] Level 1:colcon.colcon_core.package_discovery:discover_packages(path) check parameters
[0.270s] Level 1:colcon.colcon_core.package_discovery:discover_packages(colcon_meta) discover
[0.270s] Level 1:colcon.colcon_core.package_discovery:discover_packages(recursive) discover
[0.270s] INFO:colcon.colcon_core.package_discovery:Crawling recursively for packages in '/home/maxx/naviguard_ws'
[0.270s] Level 1:colcon.colcon_core.package_identification:_identify(.) by extensions ['ignore', 'ignore_ament_install']
[0.270s] Level 1:colcon.colcon_core.package_identification:_identify(.) by extension 'ignore'
[0.270s] Level 1:colcon.colcon_core.package_identification:_identify(.) by extension 'ignore_ament_install'
[0.270s] Level 1:colcon.colcon_core.package_identification:_identify(.) by extensions ['colcon_pkg']
[0.270s] Level 1:colcon.colcon_core.package_identification:_identify(.) by extension 'colcon_pkg'
[0.270s] Level 1:colcon.colcon_core.package_identification:_identify(.) by extensions ['colcon_meta']
[0.270s] Level 1:colcon.colcon_core.package_identification:_identify(.) by extension 'colcon_meta'
[0.270s] Level 1:colcon.colcon_core.package_identification:_identify(.) by extensions ['ros']
[0.270s] Level 1:colcon.colcon_core.package_identification:_identify(.) by extension 'ros'
[0.286s] Level 1:colcon.colcon_core.package_identification:_identify(.) by extensions ['cmake', 'python']
[0.286s] Level 1:colcon.colcon_core.package_identification:_identify(.) by extension 'cmake'
[0.286s] Level 1:colcon.colcon_core.package_identification:_identify(.) by extension 'python'
[0.286s] Level 1:colcon.colcon_core.package_identification:_identify(.) by extensions ['python_setup_py']
[0.286s] Level 1:colcon.colcon_core.package_identification:_identify(.) by extension 'python_setup_py'
[0.286s] Level 1:colcon.colcon_core.package_identification:_identify(build) by extensions ['ignore', 'ignore_ament_install']
[0.287s] Level 1:colcon.colcon_core.package_identification:_identify(build) by extension 'ignore'
[0.287s] Level 1:colcon.colcon_core.package_identification:_identify(build) ignored
[0.287s] Level 1:colcon.colcon_core.package_identification:_identify(docs) by extensions ['ignore', 'ignore_ament_install']
[0.287s] Level 1:colcon.colcon_core.package_identification:_identify(docs) by extension 'ignore'
[0.287s] Level 1:colcon.colcon_core.package_identification:_identify(docs) by extension 'ignore_ament_install'
[0.287s] Level 1:colcon.colcon_core.package_identification:_identify(docs) by extensions ['colcon_pkg']
[0.287s] Level 1:colcon.colcon_core.package_identification:_identify(docs) by extension 'colcon_pkg'
[0.287s] Level 1:colcon.colcon_core.package_identification:_identify(docs) by extensions ['colcon_meta']
[0.287s] Level 1:colcon.colcon_core.package_identification:_identify(docs) by extension 'colcon_meta'
[0.287s] Level 1:colcon.colcon_core.package_identification:_identify(docs) by extensions ['ros']
[0.287s] Level 1:colcon.colcon_core.package_identification:_identify(docs) by extension 'ros'
[0.287s] Level 1:colcon.colcon_core.package_identification:_identify(docs) by extensions ['cmake', 'python']
[0.287s] Level 1:colcon.colcon_core.package_identification:_identify(docs) by extension 'cmake'
[0.287s] Level 1:colcon.colcon_core.package_identification:_identify(docs) by extension 'python'
[0.287s] Level 1:colcon.colcon_core.package_identification:_identify(docs) by extensions ['python_setup_py']
[0.287s] Level 1:colcon.colcon_core.package_identification:_identify(docs) by extension 'python_setup_py'
[0.287s] Level 1:colcon.colcon_core.package_identification:_identify(install) by extensions ['ignore', 'ignore_ament_install']
[0.287s] Level 1:colcon.colcon_core.package_identification:_identify(install) by extension 'ignore'
[0.287s] Level 1:colcon.colcon_core.package_identification:_identify(install) ignored
[0.287s] Level 1:colcon.colcon_core.package_identification:_identify(log) by extensions ['ignore', 'ignore_ament_install']
[0.287s] Level 1:colcon.colcon_core.package_identification:_identify(log) by extension 'ignore'
[0.287s] Level 1:colcon.colcon_core.package_identification:_identify(log) ignored
[0.287s] Level 1:colcon.colcon_core.package_identification:_identify(scripts) by extensions ['ignore', 'ignore_ament_install']
[0.288s] Level 1:colcon.colcon_core.package_identification:_identify(scripts) by extension 'ignore'
[0.288s] Level 1:colcon.colcon_core.package_identification:_identify(scripts) by extension 'ignore_ament_install'
[0.288s] Level 1:colcon.colcon_core.package_identification:_identify(scripts) by extensions ['colcon_pkg']
[0.288s] Level 1:colcon.colcon_core.package_identification:_identify(scripts) by extension 'colcon_pkg'
[0.288s] Level 1:colcon.colcon_core.package_identification:_identify(scripts) by extensions ['colcon_meta']
[0.288s] Level 1:colcon.colcon_core.package_identification:_identify(scripts) by extension 'colcon_meta'
[0.288s] Level 1:colcon.colcon_core.package_identification:_identify(scripts) by extensions ['ros']
[0.288s] Level 1:colcon.colcon_core.package_identification:_identify(scripts) by extension 'ros'
[0.288s] Level 1:colcon.colcon_core.package_identification:_identify(scripts) by extensions ['cmake', 'python']
[0.288s] Level 1:colcon.colcon_core.package_identification:_identify(scripts) by extension 'cmake'
[0.288s] Level 1:colcon.colcon_core.package_identification:_identify(scripts) by extension 'python'
[0.288s] Level 1:colcon.colcon_core.package_identification:_identify(scripts) by extensions ['python_setup_py']
[0.288s] Level 1:colcon.colcon_core.package_identification:_identify(scripts) by extension 'python_setup_py'
[0.288s] Level 1:colcon.colcon_core.package_identification:_identify(src) by extensions ['ignore', 'ignore_ament_install']
[0.288s] Level 1:colcon.colcon_core.package_identification:_identify(src) by extension 'ignore'
[0.288s] Level 1:colcon.colcon_core.package_identification:_identify(src) by extension 'ignore_ament_install'
[0.288s] Level 1:colcon.colcon_core.package_identification:_identify(src) by extensions ['colcon_pkg']
[0.288s] Level 1:colcon.colcon_core.package_identification:_identify(src) by extension 'colcon_pkg'
[0.288s] Level 1:colcon.colcon_core.package_identification:_identify(src) by extensions ['colcon_meta']
[0.288s] Level 1:colcon.colcon_core.package_identification:_identify(src) by extension 'colcon_meta'
[0.288s] Level 1:colcon.colcon_core.package_identification:_identify(src) by extensions ['ros']
[0.288s] Level 1:colcon.colcon_core.package_identification:_identify(src) by extension 'ros'
[0.288s] Level 1:colcon.colcon_core.package_identification:_identify(src) by extensions ['cmake', 'python']
[0.288s] Level 1:colcon.colcon_core.package_identification:_identify(src) by extension 'cmake'
[0.288s] Level 1:colcon.colcon_core.package_identification:_identify(src) by extension 'python'
[0.288s] Level 1:colcon.colcon_core.package_identification:_identify(src) by extensions ['python_setup_py']
[0.288s] Level 1:colcon.colcon_core.package_identification:_identify(src) by extension 'python_setup_py'
[0.288s] Level 1:colcon.colcon_core.package_identification:_identify(src/naviguard_confidence) by extensions ['ignore', 'ignore_ament_install']
[0.288s] Level 1:colcon.colcon_core.package_identification:_identify(src/naviguard_confidence) by extension 'ignore'
[0.288s] Level 1:colcon.colcon_core.package_identification:_identify(src/naviguard_confidence) by extension 'ignore_ament_install'
[0.288s] Level 1:colcon.colcon_core.package_identification:_identify(src/naviguard_confidence) by extensions ['colcon_pkg']
[0.288s] Level 1:colcon.colcon_core.package_identification:_identify(src/naviguard_confidence) by extension 'colcon_pkg'
[0.288s] Level 1:colcon.colcon_core.package_identification:_identify(src/naviguard_confidence) by extensions ['colcon_meta']
[0.288s] Level 1:colcon.colcon_core.package_identification:_identify(src/naviguard_confidence) by extension 'colcon_meta'
[0.288s] Level 1:colcon.colcon_core.package_identification:_identify(src/naviguard_confidence) by extensions ['ros']
[0.288s] Level 1:colcon.colcon_core.package_identification:_identify(src/naviguard_confidence) by extension 'ros'
[0.291s] DEBUG:colcon.colcon_core.package_identification:Package 'src/naviguard_confidence' with type 'ros.ament_python' and name 'naviguard_confidence'
[0.292s] Level 1:colcon.colcon_core.package_identification:_identify(src/naviguard_dashboard) by extensions ['ignore', 'ignore_ament_install']
[0.292s] Level 1:colcon.colcon_core.package_identification:_identify(src/naviguard_dashboard) by extension 'ignore'
[0.292s] Level 1:colcon.colcon_core.package_identification:_identify(src/naviguard_dashboard) by extension 'ignore_ament_install'
[0.292s] Level 1:colcon.colcon_core.package_identification:_identify(src/naviguard_dashboard) by extensions ['colcon_pkg']
[0.292s] Level 1:colcon.colcon_core.package_identification:_identify(src/naviguard_dashboard) by extension 'colcon_pkg'
[0.292s] Level 1:colcon.colcon_core.package_identification:_identify(src/naviguard_dashboard) by extensions ['colcon_meta']
[0.292s] Level 1:colcon.colcon_core.package_identification:_identify(src/naviguard_dashboard) by extension 'colcon_meta'
[0.292s] Level 1:colcon.colcon_core.package_identification:_identify(src/naviguard_dashboard) by extensions ['ros']
[0.292s] Level 1:colcon.colcon_core.package_identification:_identify(src/naviguard_dashboard) by extension 'ros'
[0.292s] DEBUG:colcon.colcon_core.package_identification:Package 'src/naviguard_dashboard' with type 'ros.ament_python' and name 'naviguard_dashboard'
[0.292s] Level 1:colcon.colcon_core.package_identification:_identify(src/naviguard_description) by extensions ['ignore', 'ignore_ament_install']
[0.292s] Level 1:colcon.colcon_core.package_identification:_identify(src/naviguard_description) by extension 'ignore'
[0.292s] Level 1:colcon.colcon_core.package_identification:_identify(src/naviguard_description) by extension 'ignore_ament_install'
[0.293s] Level 1:colcon.colcon_core.package_identification:_identify(src/naviguard_description) by extensions ['colcon_pkg']
[0.293s] Level 1:colcon.colcon_core.package_identification:_identify(src/naviguard_description) by extension 'colcon_pkg'
[0.293s] Level 1:colcon.colcon_core.package_identification:_identify(src/naviguard_description) by extensions ['colcon_meta']
[0.293s] Level 1:colcon.colcon_core.package_identification:_identify(src/naviguard_description) by extension 'colcon_meta'
[0.293s] Level 1:colcon.colcon_core.package_identification:_identify(src/naviguard_description) by extensions ['ros']
[0.293s] Level 1:colcon.colcon_core.package_identification:_identify(src/naviguard_description) by extension 'ros'
[0.293s] DEBUG:colcon.colcon_core.package_identification:Package 'src/naviguard_description' with type 'ros.ament_cmake' and name 'naviguard_description'
[0.293s] Level 1:colcon.colcon_core.package_identification:_identify(src/naviguard_navigation) by extensions ['ignore', 'ignore_ament_install']
[0.293s] Level 1:colcon.colcon_core.package_identification:_identify(src/naviguard_navigation) by extension 'ignore'
[0.293s] Level 1:colcon.colcon_core.package_identification:_identify(src/naviguard_navigation) by extension 'ignore_ament_install'
[0.293s] Level 1:colcon.colcon_core.package_identification:_identify(src/naviguard_navigation) by extensions ['colcon_pkg']
[0.293s] Level 1:colcon.colcon_core.package_identification:_identify(src/naviguard_navigation) by extension 'colcon_pkg'
[0.293s] Level 1:colcon.colcon_core.package_identification:_identify(src/naviguard_navigation) by extensions ['colcon_meta']
[0.293s] Level 1:colcon.colcon_core.package_identification:_identify(src/naviguard_navigation) by extension 'colcon_meta'
[0.293s] Level 1:colcon.colcon_core.package_identification:_identify(src/naviguard_navigation) by extensions ['ros']
[0.293s] Level 1:colcon.colcon_core.package_identification:_identify(src/naviguard_navigation) by extension 'ros'
[0.294s] DEBUG:colcon.colcon_core.package_identification:Package 'src/naviguard_navigation' with type 'ros.ament_python' and name 'naviguard_navigation'
[0.294s] Level 1:colcon.colcon_core.package_identification:_identify(src/naviguard_perception) by extensions ['ignore', 'ignore_ament_install']
[0.294s] Level 1:colcon.colcon_core.package_identification:_identify(src/naviguard_perception) by extension 'ignore'
[0.294s] Level 1:colcon.colcon_core.package_identification:_identify(src/naviguard_perception) by extension 'ignore_ament_install'
[0.294s] Level 1:colcon.colcon_core.package_identification:_identify(src/naviguard_perception) by extensions ['colcon_pkg']
[0.294s] Level 1:colcon.colcon_core.package_identification:_identify(src/naviguard_perception) by extension 'colcon_pkg'
[0.294s] Level 1:colcon.colcon_core.package_identification:_identify(src/naviguard_perception) by extensions ['colcon_meta']
[0.294s] Level 1:colcon.colcon_core.package_identification:_identify(src/naviguard_perception) by extension 'colcon_meta'
[0.294s] Level 1:colcon.colcon_core.package_identification:_identify(src/naviguard_perception) by extensions ['ros']
[0.294s] Level 1:colcon.colcon_core.package_identification:_identify(src/naviguard_perception) by extension 'ros'
[0.294s] DEBUG:colcon.colcon_core.package_identification:Package 'src/naviguard_perception' with type 'ros.ament_python' and name 'naviguard_perception'
[0.295s] Level 1:colcon.colcon_core.package_identification:_identify(src/naviguard_recovery) by extensions ['ignore', 'ignore_ament_install']
[0.295s] Level 1:colcon.colcon_core.package_identification:_identify(src/naviguard_recovery) by extension 'ignore'
[0.295s] Level 1:colcon.colcon_core.package_identification:_identify(src/naviguard_recovery) by extension 'ignore_ament_install'
[0.295s] Level 1:colcon.colcon_core.package_identification:_identify(src/naviguard_recovery) by extensions ['colcon_pkg']
[0.295s] Level 1:colcon.colcon_core.package_identification:_identify(src/naviguard_recovery) by extension 'colcon_pkg'
[0.295s] Level 1:colcon.colcon_core.package_identification:_identify(src/naviguard_recovery) by extensions ['colcon_meta']
[0.295s] Level 1:colcon.colcon_core.package_identification:_identify(src/naviguard_recovery) by extension 'colcon_meta'
[0.295s] Level 1:colcon.colcon_core.package_identification:_identify(src/naviguard_recovery) by extensions ['ros']
[0.295s] Level 1:colcon.colcon_core.package_identification:_identify(src/naviguard_recovery) by extension 'ros'
[0.295s] DEBUG:colcon.colcon_core.package_identification:Package 'src/naviguard_recovery' with type 'ros.ament_python' and name 'naviguard_recovery'
[0.295s] Level 1:colcon.colcon_core.package_identification:_identify(src/naviguard_rellis) by extensions ['ignore', 'ignore_ament_install']
[0.295s] Level 1:colcon.colcon_core.package_identification:_identify(src/naviguard_rellis) by extension 'ignore'
[0.295s] Level 1:colcon.colcon_core.package_identification:_identify(src/naviguard_rellis) by extension 'ignore_ament_install'
[0.295s] Level 1:colcon.colcon_core.package_identification:_identify(src/naviguard_rellis) by extensions ['colcon_pkg']
[0.295s] Level 1:colcon.colcon_core.package_identification:_identify(src/naviguard_rellis) by extension 'colcon_pkg'
[0.295s] Level 1:colcon.colcon_core.package_identification:_identify(src/naviguard_rellis) by extensions ['colcon_meta']
[0.295s] Level 1:colcon.colcon_core.package_identification:_identify(src/naviguard_rellis) by extension 'colcon_meta'
[0.295s] Level 1:colcon.colcon_core.package_identification:_identify(src/naviguard_rellis) by extensions ['ros']
[0.295s] Level 1:colcon.colcon_core.package_identification:_identify(src/naviguard_rellis) by extension 'ros'
[0.296s] DEBUG:colcon.colcon_core.package_identification:Package 'src/naviguard_rellis' with type 'ros.ament_python' and name 'naviguard_rellis'
[0.296s] Level 1:colcon.colcon_core.package_identification:_identify(src/naviguard_sensor_sync) by extensions ['ignore', 'ignore_ament_install']
[0.296s] Level 1:colcon.colcon_core.package_identification:_identify(src/naviguard_sensor_sync) by extension 'ignore'
[0.296s] Level 1:colcon.colcon_core.package_identification:_identify(src/naviguard_sensor_sync) by extension 'ignore_ament_install'
[0.296s] Level 1:colcon.colcon_core.package_identification:_identify(src/naviguard_sensor_sync) by extensions ['colcon_pkg']
[0.296s] Level 1:colcon.colcon_core.package_identification:_identify(src/naviguard_sensor_sync) by extension 'colcon_pkg'
[0.296s] Level 1:colcon.colcon_core.package_identification:_identify(src/naviguard_sensor_sync) by extensions ['colcon_meta']
[0.296s] Level 1:colcon.colcon_core.package_identification:_identify(src/naviguard_sensor_sync) by extension 'colcon_meta'
[0.296s] Level 1:colcon.colcon_core.package_identification:_identify(src/naviguard_sensor_sync) by extensions ['ros']
[0.296s] Level 1:colcon.colcon_core.package_identification:_identify(src/naviguard_sensor_sync) by extension 'ros'
[0.297s] DEBUG:colcon.colcon_core.package_identification:Package 'src/naviguard_sensor_sync' with type 'ros.ament_python' and name 'naviguard_sensor_sync'
[0.297s] Level 1:colcon.colcon_core.package_identification:_identify(src/naviguard_slam) by extensions ['ignore', 'ignore_ament_install']
[0.297s] Level 1:colcon.colcon_core.package_identification:_identify(src/naviguard_slam) by extension 'ignore'
[0.297s] Level 1:colcon.colcon_core.package_identification:_identify(src/naviguard_slam) by extension 'ignore_ament_install'
[0.297s] Level 1:colcon.colcon_core.package_identification:_identify(src/naviguard_slam) by extensions ['colcon_pkg']
[0.297s] Level 1:colcon.colcon_core.package_identification:_identify(src/naviguard_slam) by extension 'colcon_pkg'
[0.297s] Level 1:colcon.colcon_core.package_identification:_identify(src/naviguard_slam) by extensions ['colcon_meta']
[0.297s] Level 1:colcon.colcon_core.package_identification:_identify(src/naviguard_slam) by extension 'colcon_meta'
[0.297s] Level 1:colcon.colcon_core.package_identification:_identify(src/naviguard_slam) by extensions ['ros']
[0.297s] Level 1:colcon.colcon_core.package_identification:_identify(src/naviguard_slam) by extension 'ros'
[0.297s] DEBUG:colcon.colcon_core.package_identification:Package 'src/naviguard_slam' with type 'ros.ament_python' and name 'naviguard_slam'
[0.297s] Level 1:colcon.colcon_core.package_identification:_identify(src/naviguard_state_estimation) by extensions ['ignore', 'ignore_ament_install']
[0.297s] Level 1:colcon.colcon_core.package_identification:_identify(src/naviguard_state_estimation) by extension 'ignore'
[0.297s] Level 1:colcon.colcon_core.package_identification:_identify(src/naviguard_state_estimation) by extension 'ignore_ament_install'
[0.298s] Level 1:colcon.colcon_core.package_identification:_identify(src/naviguard_state_estimation) by extensions ['colcon_pkg']
[0.298s] Level 1:colcon.colcon_core.package_identification:_identify(src/naviguard_state_estimation) by extension 'colcon_pkg'
[0.298s] Level 1:colcon.colcon_core.package_identification:_identify(src/naviguard_state_estimation) by extensions ['colcon_meta']
[0.298s] Level 1:colcon.colcon_core.package_identification:_identify(src/naviguard_state_estimation) by extension 'colcon_meta'
[0.298s] Level 1:colcon.colcon_core.package_identification:_identify(src/naviguard_state_estimation) by extensions ['ros']
[0.298s] Level 1:colcon.colcon_core.package_identification:_identify(src/naviguard_state_estimation) by extension 'ros'
[0.298s] DEBUG:colcon.colcon_core.package_identification:Package 'src/naviguard_state_estimation' with type 'ros.ament_python' and name 'naviguard_state_estimation'
[0.298s] Level 1:colcon.colcon_core.package_identification:_identify(src/naviguard_visual_odometry) by extensions ['ignore', 'ignore_ament_install']
[0.298s] Level 1:colcon.colcon_core.package_identification:_identify(src/naviguard_visual_odometry) by extension 'ignore'
[0.298s] Level 1:colcon.colcon_core.package_identification:_identify(src/naviguard_visual_odometry) by extension 'ignore_ament_install'
[0.298s] Level 1:colcon.colcon_core.package_identification:_identify(src/naviguard_visual_odometry) by extensions ['colcon_pkg']
[0.298s] Level 1:colcon.colcon_core.package_identification:_identify(src/naviguard_visual_odometry) by extension 'colcon_pkg'
[0.298s] Level 1:colcon.colcon_core.package_identification:_identify(src/naviguard_visual_odometry) by extensions ['colcon_meta']
[0.298s] Level 1:colcon.colcon_core.package_identification:_identify(src/naviguard_visual_odometry) by extension 'colcon_meta'
[0.298s] Level 1:colcon.colcon_core.package_identification:_identify(src/naviguard_visual_odometry) by extensions ['ros']
[0.298s] Level 1:colcon.colcon_core.package_identification:_identify(src/naviguard_visual_odometry) by extension 'ros'
[0.299s] DEBUG:colcon.colcon_core.package_identification:Package 'src/naviguard_visual_odometry' with type 'ros.ament_python' and name 'naviguard_visual_odometry'
[0.299s] Level 1:colcon.colcon_core.package_discovery:discover_packages(recursive) using defaults
[0.299s] Level 1:colcon.colcon_core.package_discovery:discover_packages(ignore) discover
[0.299s] Level 1:colcon.colcon_core.package_discovery:discover_packages(ignore) using defaults
[0.299s] Level 1:colcon.colcon_core.package_discovery:discover_packages(path) discover
[0.299s] Level 1:colcon.colcon_core.package_discovery:discover_packages(path) using defaults
[0.322s] Level 5:colcon.colcon_core.verb:set package 'naviguard_confidence' build argument 'cmake_args' from command line to 'None'
[0.322s] Level 5:colcon.colcon_core.verb:set package 'naviguard_confidence' build argument 'cmake_target' from command line to 'None'
[0.322s] Level 5:colcon.colcon_core.verb:set package 'naviguard_confidence' build argument 'cmake_target_skip_unavailable' from command line to 'False'
[0.322s] Level 5:colcon.colcon_core.verb:set package 'naviguard_confidence' build argument 'cmake_clean_cache' from command line to 'False'
[0.322s] Level 5:colcon.colcon_core.verb:set package 'naviguard_confidence' build argument 'cmake_clean_first' from command line to 'False'
[0.322s] Level 5:colcon.colcon_core.verb:set package 'naviguard_confidence' build argument 'cmake_force_configure' from command line to 'False'
[0.322s] Level 5:colcon.colcon_core.verb:set package 'naviguard_confidence' build argument 'ament_cmake_args' from command line to 'None'
[0.322s] Level 5:colcon.colcon_core.verb:set package 'naviguard_confidence' build argument 'catkin_cmake_args' from command line to 'None'
[0.322s] Level 5:colcon.colcon_core.verb:set package 'naviguard_confidence' build argument 'catkin_skip_building_tests' from command line to 'False'
[0.322s] DEBUG:colcon.colcon_core.verb:Building package 'naviguard_confidence' with the following arguments: {'ament_cmake_args': None, 'build_base': '/home/maxx/naviguard_ws/build/naviguard_confidence', 'catkin_cmake_args': None, 'catkin_skip_building_tests': False, 'cmake_args': None, 'cmake_clean_cache': False, 'cmake_clean_first': False, 'cmake_force_configure': False, 'cmake_target': None, 'cmake_target_skip_unavailable': False, 'install_base': '/home/maxx/naviguard_ws/install/naviguard_confidence', 'merge_install': False, 'path': '/home/maxx/naviguard_ws/src/naviguard_confidence', 'symlink_install': True, 'test_result_base': None}
[0.322s] Level 5:colcon.colcon_core.verb:set package 'naviguard_dashboard' build argument 'cmake_args' from command line to 'None'
[0.322s] Level 5:colcon.colcon_core.verb:set package 'naviguard_dashboard' build argument 'cmake_target' from command line to 'None'
[0.322s] Level 5:colcon.colcon_core.verb:set package 'naviguard_dashboard' build argument 'cmake_target_skip_unavailable' from command line to 'False'
[0.322s] Level 5:colcon.colcon_core.verb:set package 'naviguard_dashboard' build argument 'cmake_clean_cache' from command line to 'False'
[0.322s] Level 5:colcon.colcon_core.verb:set package 'naviguard_dashboard' build argument 'cmake_clean_first' from command line to 'False'
[0.322s] Level 5:colcon.colcon_core.verb:set package 'naviguard_dashboard' build argument 'cmake_force_configure' from command line to 'False'
[0.322s] Level 5:colcon.colcon_core.verb:set package 'naviguard_dashboard' build argument 'ament_cmake_args' from command line to 'None'
[0.322s] Level 5:colcon.colcon_core.verb:set package 'naviguard_dashboard' build argument 'catkin_cmake_args' from command line to 'None'
[0.322s] Level 5:colcon.colcon_core.verb:set package 'naviguard_dashboard' build argument 'catkin_skip_building_tests' from command line to 'False'
[0.322s] DEBUG:colcon.colcon_core.verb:Building package 'naviguard_dashboard' with the following arguments: {'ament_cmake_args': None, 'build_base': '/home/maxx/naviguard_ws/build/naviguard_dashboard', 'catkin_cmake_args': None, 'catkin_skip_building_tests': False, 'cmake_args': None, 'cmake_clean_cache': False, 'cmake_clean_first': False, 'cmake_force_configure': False, 'cmake_target': None, 'cmake_target_skip_unavailable': False, 'install_base': '/home/maxx/naviguard_ws/install/naviguard_dashboard', 'merge_install': False, 'path': '/home/maxx/naviguard_ws/src/naviguard_dashboard', 'symlink_install': True, 'test_result_base': None}
[0.322s] Level 5:colcon.colcon_core.verb:set package 'naviguard_description' build argument 'cmake_args' from command line to 'None'
[0.322s] Level 5:colcon.colcon_core.verb:set package 'naviguard_description' build argument 'cmake_target' from command line to 'None'
[0.322s] Level 5:colcon.colcon_core.verb:set package 'naviguard_description' build argument 'cmake_target_skip_unavailable' from command line to 'False'
[0.322s] Level 5:colcon.colcon_core.verb:set package 'naviguard_description' build argument 'cmake_clean_cache' from command line to 'False'
[0.322s] Level 5:colcon.colcon_core.verb:set package 'naviguard_description' build argument 'cmake_clean_first' from command line to 'False'
[0.322s] Level 5:colcon.colcon_core.verb:set package 'naviguard_description' build argument 'cmake_force_configure' from command line to 'False'
[0.322s] Level 5:colcon.colcon_core.verb:set package 'naviguard_description' build argument 'ament_cmake_args' from command line to 'None'
[0.322s] Level 5:colcon.colcon_core.verb:set package 'naviguard_description' build argument 'catkin_cmake_args' from command line to 'None'
[0.322s] Level 5:colcon.colcon_core.verb:set package 'naviguard_description' build argument 'catkin_skip_building_tests' from command line to 'False'
[0.322s] DEBUG:colcon.colcon_core.verb:Building package 'naviguard_description' with the following arguments: {'ament_cmake_args': None, 'build_base': '/home/maxx/naviguard_ws/build/naviguard_description', 'catkin_cmake_args': None, 'catkin_skip_building_tests': False, 'cmake_args': None, 'cmake_clean_cache': False, 'cmake_clean_first': False, 'cmake_force_configure': False, 'cmake_target': None, 'cmake_target_skip_unavailable': False, 'install_base': '/home/maxx/naviguard_ws/install/naviguard_description', 'merge_install': False, 'path': '/home/maxx/naviguard_ws/src/naviguard_description', 'symlink_install': True, 'test_result_base': None}
[0.322s] Level 5:colcon.colcon_core.verb:set package 'naviguard_navigation' build argument 'cmake_args' from command line to 'None'
[0.323s] Level 5:colcon.colcon_core.verb:set package 'naviguard_navigation' build argument 'cmake_target' from command line to 'None'
[0.323s] Level 5:colcon.colcon_core.verb:set package 'naviguard_navigation' build argument 'cmake_target_skip_unavailable' from command line to 'False'
[0.323s] Level 5:colcon.colcon_core.verb:set package 'naviguard_navigation' build argument 'cmake_clean_cache' from command line to 'False'
[0.323s] Level 5:colcon.colcon_core.verb:set package 'naviguard_navigation' build argument 'cmake_clean_first' from command line to 'False'
[0.323s] Level 5:colcon.colcon_core.verb:set package 'naviguard_navigation' build argument 'cmake_force_configure' from command line to 'False'
[0.323s] Level 5:colcon.colcon_core.verb:set package 'naviguard_navigation' build argument 'ament_cmake_args' from command line to 'None'
[0.323s] Level 5:colcon.colcon_core.verb:set package 'naviguard_navigation' build argument 'catkin_cmake_args' from command line to 'None'
[0.323s] Level 5:colcon.colcon_core.verb:set package 'naviguard_navigation' build argument 'catkin_skip_building_tests' from command line to 'False'
[0.323s] DEBUG:colcon.colcon_core.verb:Building package 'naviguard_navigation' with the following arguments: {'ament_cmake_args': None, 'build_base': '/home/maxx/naviguard_ws/build/naviguard_navigation', 'catkin_cmake_args': None, 'catkin_skip_building_tests': False, 'cmake_args': None, 'cmake_clean_cache': False, 'cmake_clean_first': False, 'cmake_force_configure': False, 'cmake_target': None, 'cmake_target_skip_unavailable': False, 'install_base': '/home/maxx/naviguard_ws/install/naviguard_navigation', 'merge_install': False, 'path': '/home/maxx/naviguard_ws/src/naviguard_navigation', 'symlink_install': True, 'test_result_base': None}
[0.323s] Level 5:colcon.colcon_core.verb:set package 'naviguard_perception' build argument 'cmake_args' from command line to 'None'
[0.323s] Level 5:colcon.colcon_core.verb:set package 'naviguard_perception' build argument 'cmake_target' from command line to 'None'
[0.323s] Level 5:colcon.colcon_core.verb:set package 'naviguard_perception' build argument 'cmake_target_skip_unavailable' from command line to 'False'
[0.323s] Level 5:colcon.colcon_core.verb:set package 'naviguard_perception' build argument 'cmake_clean_cache' from command line to 'False'
[0.323s] Level 5:colcon.colcon_core.verb:set package 'naviguard_perception' build argument 'cmake_clean_first' from command line to 'False'
[0.323s] Level 5:colcon.colcon_core.verb:set package 'naviguard_perception' build argument 'cmake_force_configure' from command line to 'False'
[0.323s] Level 5:colcon.colcon_core.verb:set package 'naviguard_perception' build argument 'ament_cmake_args' from command line to 'None'
[0.323s] Level 5:colcon.colcon_core.verb:set package 'naviguard_perception' build argument 'catkin_cmake_args' from command line to 'None'
[0.323s] Level 5:colcon.colcon_core.verb:set package 'naviguard_perception' build argument 'catkin_skip_building_tests' from command line to 'False'
[0.323s] DEBUG:colcon.colcon_core.verb:Building package 'naviguard_perception' with the following arguments: {'ament_cmake_args': None, 'build_base': '/home/maxx/naviguard_ws/build/naviguard_perception', 'catkin_cmake_args': None, 'catkin_skip_building_tests': False, 'cmake_args': None, 'cmake_clean_cache': False, 'cmake_clean_first': False, 'cmake_force_configure': False, 'cmake_target': None, 'cmake_target_skip_unavailable': False, 'install_base': '/home/maxx/naviguard_ws/install/naviguard_perception', 'merge_install': False, 'path': '/home/maxx/naviguard_ws/src/naviguard_perception', 'symlink_install': True, 'test_result_base': None}
[0.323s] Level 5:colcon.colcon_core.verb:set package 'naviguard_recovery' build argument 'cmake_args' from command line to 'None'
[0.323s] Level 5:colcon.colcon_core.verb:set package 'naviguard_recovery' build argument 'cmake_target' from command line to 'None'
[0.323s] Level 5:colcon.colcon_core.verb:set package 'naviguard_recovery' build argument 'cmake_target_skip_unavailable' from command line to 'False'
[0.323s] Level 5:colcon.colcon_core.verb:set package 'naviguard_recovery' build argument 'cmake_clean_cache' from command line to 'False'
[0.323s] Level 5:colcon.colcon_core.verb:set package 'naviguard_recovery' build argument 'cmake_clean_first' from command line to 'False'
[0.323s] Level 5:colcon.colcon_core.verb:set package 'naviguard_recovery' build argument 'cmake_force_configure' from command line to 'False'
[0.323s] Level 5:colcon.colcon_core.verb:set package 'naviguard_recovery' build argument 'ament_cmake_args' from command line to 'None'
[0.323s] Level 5:colcon.colcon_core.verb:set package 'naviguard_recovery' build argument 'catkin_cmake_args' from command line to 'None'
[0.323s] Level 5:colcon.colcon_core.verb:set package 'naviguard_recovery' build argument 'catkin_skip_building_tests' from command line to 'False'
[0.323s] DEBUG:colcon.colcon_core.verb:Building package 'naviguard_recovery' with the following arguments: {'ament_cmake_args': None, 'build_base': '/home/maxx/naviguard_ws/build/naviguard_recovery', 'catkin_cmake_args': None, 'catkin_skip_building_tests': False, 'cmake_args': None, 'cmake_clean_cache': False, 'cmake_clean_first': False, 'cmake_force_configure': False, 'cmake_target': None, 'cmake_target_skip_unavailable': False, 'install_base': '/home/maxx/naviguard_ws/install/naviguard_recovery', 'merge_install': False, 'path': '/home/maxx/naviguard_ws/src/naviguard_recovery', 'symlink_install': True, 'test_result_base': None}
[0.323s] Level 5:colcon.colcon_core.verb:set package 'naviguard_rellis' build argument 'cmake_args' from command line to 'None'
[0.323s] Level 5:colcon.colcon_core.verb:set package 'naviguard_rellis' build argument 'cmake_target' from command line to 'None'
[0.323s] Level 5:colcon.colcon_core.verb:set package 'naviguard_rellis' build argument 'cmake_target_skip_unavailable' from command line to 'False'
[0.323s] Level 5:colcon.colcon_core.verb:set package 'naviguard_rellis' build argument 'cmake_clean_cache' from command line to 'False'
[0.323s] Level 5:colcon.colcon_core.verb:set package 'naviguard_rellis' build argument 'cmake_clean_first' from command line to 'False'
[0.323s] Level 5:colcon.colcon_core.verb:set package 'naviguard_rellis' build argument 'cmake_force_configure' from command line to 'False'
[0.323s] Level 5:colcon.colcon_core.verb:set package 'naviguard_rellis' build argument 'ament_cmake_args' from command line to 'None'
[0.323s] Level 5:colcon.colcon_core.verb:set package 'naviguard_rellis' build argument 'catkin_cmake_args' from command line to 'None'
[0.323s] Level 5:colcon.colcon_core.verb:set package 'naviguard_rellis' build argument 'catkin_skip_building_tests' from command line to 'False'
[0.323s] DEBUG:colcon.colcon_core.verb:Building package 'naviguard_rellis' with the following arguments: {'ament_cmake_args': None, 'build_base': '/home/maxx/naviguard_ws/build/naviguard_rellis', 'catkin_cmake_args': None, 'catkin_skip_building_tests': False, 'cmake_args': None, 'cmake_clean_cache': False, 'cmake_clean_first': False, 'cmake_force_configure': False, 'cmake_target': None, 'cmake_target_skip_unavailable': False, 'install_base': '/home/maxx/naviguard_ws/install/naviguard_rellis', 'merge_install': False, 'path': '/home/maxx/naviguard_ws/src/naviguard_rellis', 'symlink_install': True, 'test_result_base': None}
[0.323s] Level 5:colcon.colcon_core.verb:set package 'naviguard_sensor_sync' build argument 'cmake_args' from command line to 'None'
[0.323s] Level 5:colcon.colcon_core.verb:set package 'naviguard_sensor_sync' build argument 'cmake_target' from command line to 'None'
[0.323s] Level 5:colcon.colcon_core.verb:set package 'naviguard_sensor_sync' build argument 'cmake_target_skip_unavailable' from command line to 'False'
[0.323s] Level 5:colcon.colcon_core.verb:set package 'naviguard_sensor_sync' build argument 'cmake_clean_cache' from command line to 'False'
[0.323s] Level 5:colcon.colcon_core.verb:set package 'naviguard_sensor_sync' build argument 'cmake_clean_first' from command line to 'False'
[0.323s] Level 5:colcon.colcon_core.verb:set package 'naviguard_sensor_sync' build argument 'cmake_force_configure' from command line to 'False'
[0.323s] Level 5:colcon.colcon_core.verb:set package 'naviguard_sensor_sync' build argument 'ament_cmake_args' from command line to 'None'
[0.323s] Level 5:colcon.colcon_core.verb:set package 'naviguard_sensor_sync' build argument 'catkin_cmake_args' from command line to 'None'
[0.323s] Level 5:colcon.colcon_core.verb:set package 'naviguard_sensor_sync' build argument 'catkin_skip_building_tests' from command line to 'False'
[0.323s] DEBUG:colcon.colcon_core.verb:Building package 'naviguard_sensor_sync' with the following arguments: {'ament_cmake_args': None, 'build_base': '/home/maxx/naviguard_ws/build/naviguard_sensor_sync', 'catkin_cmake_args': None, 'catkin_skip_building_tests': False, 'cmake_args': None, 'cmake_clean_cache': False, 'cmake_clean_first': False, 'cmake_force_configure': False, 'cmake_target': None, 'cmake_target_skip_unavailable': False, 'install_base': '/home/maxx/naviguard_ws/install/naviguard_sensor_sync', 'merge_install': False, 'path': '/home/maxx/naviguard_ws/src/naviguard_sensor_sync', 'symlink_install': True, 'test_result_base': None}
[0.324s] Level 5:colcon.colcon_core.verb:set package 'naviguard_slam' build argument 'cmake_args' from command line to 'None'
[0.324s] Level 5:colcon.colcon_core.verb:set package 'naviguard_slam' build argument 'cmake_target' from command line to 'None'
[0.324s] Level 5:colcon.colcon_core.verb:set package 'naviguard_slam' build argument 'cmake_target_skip_unavailable' from command line to 'False'
[0.324s] Level 5:colcon.colcon_core.verb:set package 'naviguard_slam' build argument 'cmake_clean_cache' from command line to 'False'
[0.324s] Level 5:colcon.colcon_core.verb:set package 'naviguard_slam' build argument 'cmake_clean_first' from command line to 'False'
[0.324s] Level 5:colcon.colcon_core.verb:set package 'naviguard_slam' build argument 'cmake_force_configure' from command line to 'False'
[0.324s] Level 5:colcon.colcon_core.verb:set package 'naviguard_slam' build argument 'ament_cmake_args' from command line to 'None'
[0.324s] Level 5:colcon.colcon_core.verb:set package 'naviguard_slam' build argument 'catkin_cmake_args' from command line to 'None'
[0.324s] Level 5:colcon.colcon_core.verb:set package 'naviguard_slam' build argument 'catkin_skip_building_tests' from command line to 'False'
[0.324s] DEBUG:colcon.colcon_core.verb:Building package 'naviguard_slam' with the following arguments: {'ament_cmake_args': None, 'build_base': '/home/maxx/naviguard_ws/build/naviguard_slam', 'catkin_cmake_args': None, 'catkin_skip_building_tests': False, 'cmake_args': None, 'cmake_clean_cache': False, 'cmake_clean_first': False, 'cmake_force_configure': False, 'cmake_target': None, 'cmake_target_skip_unavailable': False, 'install_base': '/home/maxx/naviguard_ws/install/naviguard_slam', 'merge_install': False, 'path': '/home/maxx/naviguard_ws/src/naviguard_slam', 'symlink_install': True, 'test_result_base': None}
[0.324s] Level 5:colcon.colcon_core.verb:set package 'naviguard_state_estimation' build argument 'cmake_args' from command line to 'None'
[0.324s] Level 5:colcon.colcon_core.verb:set package 'naviguard_state_estimation' build argument 'cmake_target' from command line to 'None'
[0.324s] Level 5:colcon.colcon_core.verb:set package 'naviguard_state_estimation' build argument 'cmake_target_skip_unavailable' from command line to 'False'
[0.324s] Level 5:colcon.colcon_core.verb:set package 'naviguard_state_estimation' build argument 'cmake_clean_cache' from command line to 'False'
[0.324s] Level 5:colcon.colcon_core.verb:set package 'naviguard_state_estimation' build argument 'cmake_clean_first' from command line to 'False'
[0.324s] Level 5:colcon.colcon_core.verb:set package 'naviguard_state_estimation' build argument 'cmake_force_configure' from command line to 'False'
[0.324s] Level 5:colcon.colcon_core.verb:set package 'naviguard_state_estimation' build argument 'ament_cmake_args' from command line to 'None'
[0.324s] Level 5:colcon.colcon_core.verb:set package 'naviguard_state_estimation' build argument 'catkin_cmake_args' from command line to 'None'
[0.324s] Level 5:colcon.colcon_core.verb:set package 'naviguard_state_estimation' build argument 'catkin_skip_building_tests' from command line to 'False'
[0.324s] DEBUG:colcon.colcon_core.verb:Building package 'naviguard_state_estimation' with the following arguments: {'ament_cmake_args': None, 'build_base': '/home/maxx/naviguard_ws/build/naviguard_state_estimation', 'catkin_cmake_args': None, 'catkin_skip_building_tests': False, 'cmake_args': None, 'cmake_clean_cache': False, 'cmake_clean_first': False, 'cmake_force_configure': False, 'cmake_target': None, 'cmake_target_skip_unavailable': False, 'install_base': '/home/maxx/naviguard_ws/install/naviguard_state_estimation', 'merge_install': False, 'path': '/home/maxx/naviguard_ws/src/naviguard_state_estimation', 'symlink_install': True, 'test_result_base': None}
[0.324s] Level 5:colcon.colcon_core.verb:set package 'naviguard_visual_odometry' build argument 'cmake_args' from command line to 'None'
[0.324s] Level 5:colcon.colcon_core.verb:set package 'naviguard_visual_odometry' build argument 'cmake_target' from command line to 'None'
[0.324s] Level 5:colcon.colcon_core.verb:set package 'naviguard_visual_odometry' build argument 'cmake_target_skip_unavailable' from command line to 'False'
[0.324s] Level 5:colcon.colcon_core.verb:set package 'naviguard_visual_odometry' build argument 'cmake_clean_cache' from command line to 'False'
[0.324s] Level 5:colcon.colcon_core.verb:set package 'naviguard_visual_odometry' build argument 'cmake_clean_first' from command line to 'False'
[0.324s] Level 5:colcon.colcon_core.verb:set package 'naviguard_visual_odometry' build argument 'cmake_force_configure' from command line to 'False'
[0.324s] Level 5:colcon.colcon_core.verb:set package 'naviguard_visual_odometry' build argument 'ament_cmake_args' from command line to 'None'
[0.324s] Level 5:colcon.colcon_core.verb:set package 'naviguard_visual_odometry' build argument 'catkin_cmake_args' from command line to 'None'
[0.324s] Level 5:colcon.colcon_core.verb:set package 'naviguard_visual_odometry' build argument 'catkin_skip_building_tests' from command line to 'False'
[0.324s] DEBUG:colcon.colcon_core.verb:Building package 'naviguard_visual_odometry' with the following arguments: {'ament_cmake_args': None, 'build_base': '/home/maxx/naviguard_ws/build/naviguard_visual_odometry', 'catkin_cmake_args': None, 'catkin_skip_building_tests': False, 'cmake_args': None, 'cmake_clean_cache': False, 'cmake_clean_first': False, 'cmake_force_configure': False, 'cmake_target': None, 'cmake_target_skip_unavailable': False, 'install_base': '/home/maxx/naviguard_ws/install/naviguard_visual_odometry', 'merge_install': False, 'path': '/home/maxx/naviguard_ws/src/naviguard_visual_odometry', 'symlink_install': True, 'test_result_base': None}
[0.324s] INFO:colcon.colcon_core.executor:Executing jobs using 'parallel' executor
[0.325s] DEBUG:colcon.colcon_parallel_executor.executor.parallel:run_until_complete
[0.325s] INFO:colcon.colcon_ros.task.ament_python.build:Building ROS package in '/home/maxx/naviguard_ws/src/naviguard_confidence' with build type 'ament_python'
[0.325s] Level 1:colcon.colcon_core.shell:create_environment_hook('naviguard_confidence', 'ament_prefix_path')
[0.337s] INFO:colcon.colcon_core.plugin_system:Skipping extension 'colcon_core.shell.bat': Not used on non-Windows systems
[0.337s] INFO:colcon.colcon_core.shell:Creating environment hook '/home/maxx/naviguard_ws/install/naviguard_confidence/share/naviguard_confidence/hook/ament_prefix_path.ps1'
[0.338s] INFO:colcon.colcon_core.shell:Creating environment descriptor '/home/maxx/naviguard_ws/install/naviguard_confidence/share/naviguard_confidence/hook/ament_prefix_path.dsv'
[0.339s] INFO:colcon.colcon_core.shell:Creating environment hook '/home/maxx/naviguard_ws/install/naviguard_confidence/share/naviguard_confidence/hook/ament_prefix_path.sh'
[0.340s] INFO:colcon.colcon_core.shell:Skip shell extension 'powershell' for command environment: Not usable outside of PowerShell
[0.340s] DEBUG:colcon.colcon_core.shell:Skip shell extension 'dsv' for command environment
[0.349s] INFO:colcon.colcon_ros.task.ament_python.build:Building ROS package in '/home/maxx/naviguard_ws/src/naviguard_dashboard' with build type 'ament_python'
[0.349s] Level 1:colcon.colcon_core.shell:create_environment_hook('naviguard_dashboard', 'ament_prefix_path')
[0.349s] INFO:colcon.colcon_core.shell:Creating environment hook '/home/maxx/naviguard_ws/install/naviguard_dashboard/share/naviguard_dashboard/hook/ament_prefix_path.ps1'
[0.350s] INFO:colcon.colcon_core.shell:Creating environment descriptor '/home/maxx/naviguard_ws/install/naviguard_dashboard/share/naviguard_dashboard/hook/ament_prefix_path.dsv'
[0.350s] INFO:colcon.colcon_core.shell:Creating environment hook '/home/maxx/naviguard_ws/install/naviguard_dashboard/share/naviguard_dashboard/hook/ament_prefix_path.sh'
[0.351s] INFO:colcon.colcon_core.shell:Skip shell extension 'powershell' for command environment: Not usable outside of PowerShell
[0.351s] DEBUG:colcon.colcon_core.shell:Skip shell extension 'dsv' for command environment
[0.353s] INFO:colcon.colcon_ros.task.ament_cmake.build:Building ROS package in '/home/maxx/naviguard_ws/src/naviguard_description' with build type 'ament_cmake'
[0.353s] INFO:colcon.colcon_cmake.task.cmake.build:Building CMake package in '/home/maxx/naviguard_ws/src/naviguard_description'
[0.353s] INFO:colcon.colcon_core.shell:Skip shell extension 'powershell' for command environment: Not usable outside of PowerShell
[0.353s] DEBUG:colcon.colcon_core.shell:Skip shell extension 'dsv' for command environment
[0.356s] INFO:colcon.colcon_ros.task.ament_python.build:Building ROS package in '/home/maxx/naviguard_ws/src/naviguard_navigation' with build type 'ament_python'
[0.356s] Level 1:colcon.colcon_core.shell:create_environment_hook('naviguard_navigation', 'ament_prefix_path')
[0.356s] INFO:colcon.colcon_core.shell:Creating environment hook '/home/maxx/naviguard_ws/install/naviguard_navigation/share/naviguard_navigation/hook/ament_prefix_path.ps1'
[0.357s] INFO:colcon.colcon_core.shell:Creating environment descriptor '/home/maxx/naviguard_ws/install/naviguard_navigation/share/naviguard_navigation/hook/ament_prefix_path.dsv'
[0.358s] INFO:colcon.colcon_core.shell:Creating environment hook '/home/maxx/naviguard_ws/install/naviguard_navigation/share/naviguard_navigation/hook/ament_prefix_path.sh'
[0.358s] INFO:colcon.colcon_core.shell:Skip shell extension 'powershell' for command environment: Not usable outside of PowerShell
[0.358s] DEBUG:colcon.colcon_core.shell:Skip shell extension 'dsv' for command environment
[0.361s] INFO:colcon.colcon_ros.task.ament_python.build:Building ROS package in '/home/maxx/naviguard_ws/src/naviguard_perception' with build type 'ament_python'
[0.361s] Level 1:colcon.colcon_core.shell:create_environment_hook('naviguard_perception', 'ament_prefix_path')
[0.362s] INFO:colcon.colcon_core.shell:Creating environment hook '/home/maxx/naviguard_ws/install/naviguard_perception/share/naviguard_perception/hook/ament_prefix_path.ps1'
[0.362s] INFO:colcon.colcon_core.shell:Creating environment descriptor '/home/maxx/naviguard_ws/install/naviguard_perception/share/naviguard_perception/hook/ament_prefix_path.dsv'
[0.363s] INFO:colcon.colcon_core.shell:Creating environment hook '/home/maxx/naviguard_ws/install/naviguard_perception/share/naviguard_perception/hook/ament_prefix_path.sh'
[0.364s] INFO:colcon.colcon_core.shell:Skip shell extension 'powershell' for command environment: Not usable outside of PowerShell
[0.364s] DEBUG:colcon.colcon_core.shell:Skip shell extension 'dsv' for command environment
[0.367s] INFO:colcon.colcon_ros.task.ament_python.build:Building ROS package in '/home/maxx/naviguard_ws/src/naviguard_recovery' with build type 'ament_python'
[0.367s] Level 1:colcon.colcon_core.shell:create_environment_hook('naviguard_recovery', 'ament_prefix_path')
[0.368s] INFO:colcon.colcon_core.shell:Creating environment hook '/home/maxx/naviguard_ws/install/naviguard_recovery/share/naviguard_recovery/hook/ament_prefix_path.ps1'
[0.369s] INFO:colcon.colcon_core.shell:Creating environment descriptor '/home/maxx/naviguard_ws/install/naviguard_recovery/share/naviguard_recovery/hook/ament_prefix_path.dsv'
[0.369s] INFO:colcon.colcon_core.shell:Creating environment hook '/home/maxx/naviguard_ws/install/naviguard_recovery/share/naviguard_recovery/hook/ament_prefix_path.sh'
[0.370s] INFO:colcon.colcon_core.shell:Skip shell extension 'powershell' for command environment: Not usable outside of PowerShell
[0.370s] DEBUG:colcon.colcon_core.shell:Skip shell extension 'dsv' for command environment
[0.372s] INFO:colcon.colcon_ros.task.ament_python.build:Building ROS package in '/home/maxx/naviguard_ws/src/naviguard_rellis' with build type 'ament_python'
[0.372s] Level 1:colcon.colcon_core.shell:create_environment_hook('naviguard_rellis', 'ament_prefix_path')
[0.373s] INFO:colcon.colcon_core.shell:Creating environment hook '/home/maxx/naviguard_ws/install/naviguard_rellis/share/naviguard_rellis/hook/ament_prefix_path.ps1'
[0.373s] INFO:colcon.colcon_core.shell:Creating environment descriptor '/home/maxx/naviguard_ws/install/naviguard_rellis/share/naviguard_rellis/hook/ament_prefix_path.dsv'
[0.374s] INFO:colcon.colcon_core.shell:Creating environment hook '/home/maxx/naviguard_ws/install/naviguard_rellis/share/naviguard_rellis/hook/ament_prefix_path.sh'
[0.374s] INFO:colcon.colcon_core.shell:Skip shell extension 'powershell' for command environment: Not usable outside of PowerShell
[0.374s] DEBUG:colcon.colcon_core.shell:Skip shell extension 'dsv' for command environment
[0.377s] INFO:colcon.colcon_ros.task.ament_python.build:Building ROS package in '/home/maxx/naviguard_ws/src/naviguard_sensor_sync' with build type 'ament_python'
[0.377s] Level 1:colcon.colcon_core.shell:create_environment_hook('naviguard_sensor_sync', 'ament_prefix_path')
[0.377s] INFO:colcon.colcon_core.shell:Creating environment hook '/home/maxx/naviguard_ws/install/naviguard_sensor_sync/share/naviguard_sensor_sync/hook/ament_prefix_path.ps1'
[0.378s] INFO:colcon.colcon_core.shell:Creating environment descriptor '/home/maxx/naviguard_ws/install/naviguard_sensor_sync/share/naviguard_sensor_sync/hook/ament_prefix_path.dsv'
[0.378s] INFO:colcon.colcon_core.shell:Creating environment hook '/home/maxx/naviguard_ws/install/naviguard_sensor_sync/share/naviguard_sensor_sync/hook/ament_prefix_path.sh'
[0.379s] INFO:colcon.colcon_core.shell:Skip shell extension 'powershell' for command environment: Not usable outside of PowerShell
[0.379s] DEBUG:colcon.colcon_core.shell:Skip shell extension 'dsv' for command environment
[0.381s] INFO:colcon.colcon_ros.task.ament_python.build:Building ROS package in '/home/maxx/naviguard_ws/src/naviguard_slam' with build type 'ament_python'
[0.381s] Level 1:colcon.colcon_core.shell:create_environment_hook('naviguard_slam', 'ament_prefix_path')
[0.381s] INFO:colcon.colcon_core.shell:Creating environment hook '/home/maxx/naviguard_ws/install/naviguard_slam/share/naviguard_slam/hook/ament_prefix_path.ps1'
[0.382s] INFO:colcon.colcon_core.shell:Creating environment descriptor '/home/maxx/naviguard_ws/install/naviguard_slam/share/naviguard_slam/hook/ament_prefix_path.dsv'
[0.382s] INFO:colcon.colcon_core.shell:Creating environment hook '/home/maxx/naviguard_ws/install/naviguard_slam/share/naviguard_slam/hook/ament_prefix_path.sh'
[0.383s] INFO:colcon.colcon_core.shell:Skip shell extension 'powershell' for command environment: Not usable outside of PowerShell
[0.383s] DEBUG:colcon.colcon_core.shell:Skip shell extension 'dsv' for command environment
[0.385s] INFO:colcon.colcon_ros.task.ament_python.build:Building ROS package in '/home/maxx/naviguard_ws/src/naviguard_state_estimation' with build type 'ament_python'
[0.385s] Level 1:colcon.colcon_core.shell:create_environment_hook('naviguard_state_estimation', 'ament_prefix_path')
[0.385s] INFO:colcon.colcon_core.shell:Creating environment hook '/home/maxx/naviguard_ws/install/naviguard_state_estimation/share/naviguard_state_estimation/hook/ament_prefix_path.ps1'
[0.386s] INFO:colcon.colcon_core.shell:Creating environment descriptor '/home/maxx/naviguard_ws/install/naviguard_state_estimation/share/naviguard_state_estimation/hook/ament_prefix_path.dsv'
[0.387s] INFO:colcon.colcon_core.shell:Creating environment hook '/home/maxx/naviguard_ws/install/naviguard_state_estimation/share/naviguard_state_estimation/hook/ament_prefix_path.sh'
[0.387s] INFO:colcon.colcon_core.shell:Skip shell extension 'powershell' for command environment: Not usable outside of PowerShell
[0.387s] DEBUG:colcon.colcon_core.shell:Skip shell extension 'dsv' for command environment
[0.390s] INFO:colcon.colcon_ros.task.ament_python.build:Building ROS package in '/home/maxx/naviguard_ws/src/naviguard_visual_odometry' with build type 'ament_python'
[0.390s] Level 1:colcon.colcon_core.shell:create_environment_hook('naviguard_visual_odometry', 'ament_prefix_path')
[0.390s] INFO:colcon.colcon_core.shell:Creating environment hook '/home/maxx/naviguard_ws/install/naviguard_visual_odometry/share/naviguard_visual_odometry/hook/ament_prefix_path.ps1'
[0.392s] INFO:colcon.colcon_core.shell:Creating environment descriptor '/home/maxx/naviguard_ws/install/naviguard_visual_odometry/share/naviguard_visual_odometry/hook/ament_prefix_path.dsv'
[0.392s] INFO:colcon.colcon_core.shell:Creating environment hook '/home/maxx/naviguard_ws/install/naviguard_visual_odometry/share/naviguard_visual_odometry/hook/ament_prefix_path.sh'
[0.393s] INFO:colcon.colcon_core.shell:Skip shell extension 'powershell' for command environment: Not usable outside of PowerShell
[0.393s] DEBUG:colcon.colcon_core.shell:Skip shell extension 'dsv' for command environment
[0.548s] INFO:colcon.colcon_core.task.python.build:Building Python package in '/home/maxx/naviguard_ws/src/naviguard_confidence'
[0.548s] INFO:colcon.colcon_core.shell:Skip shell extension 'powershell' for command environment: Not usable outside of PowerShell
[0.548s] DEBUG:colcon.colcon_core.shell:Skip shell extension 'dsv' for command environment
[0.678s] INFO:colcon.colcon_core.task.python.build:Building Python package in '/home/maxx/naviguard_ws/src/naviguard_dashboard'
[0.678s] INFO:colcon.colcon_core.shell:Skip shell extension 'powershell' for command environment: Not usable outside of PowerShell
[0.678s] DEBUG:colcon.colcon_core.shell:Skip shell extension 'dsv' for command environment
[0.684s] DEBUG:colcon.colcon_core.event_handler.log_command:Invoking command in '/home/maxx/naviguard_ws/build/naviguard_description': CMAKE_PREFIX_PATH=${CMAKE_PREFIX_PATH}:/opt/ros/jazzy /usr/bin/cmake --build /home/maxx/naviguard_ws/build/naviguard_description -- -j12 -l12
[0.821s] INFO:colcon.colcon_core.task.python.build:Building Python package in '/home/maxx/naviguard_ws/src/naviguard_navigation'
[0.821s] INFO:colcon.colcon_core.shell:Skip shell extension 'powershell' for command environment: Not usable outside of PowerShell
[0.821s] DEBUG:colcon.colcon_core.shell:Skip shell extension 'dsv' for command environment
[0.960s] INFO:colcon.colcon_core.task.python.build:Building Python package in '/home/maxx/naviguard_ws/src/naviguard_perception'
[0.960s] INFO:colcon.colcon_core.shell:Skip shell extension 'powershell' for command environment: Not usable outside of PowerShell
[0.960s] DEBUG:colcon.colcon_core.shell:Skip shell extension 'dsv' for command environment
[1.090s] INFO:colcon.colcon_core.task.python.build:Building Python package in '/home/maxx/naviguard_ws/src/naviguard_recovery'
[1.090s] INFO:colcon.colcon_core.shell:Skip shell extension 'powershell' for command environment: Not usable outside of PowerShell
[1.090s] DEBUG:colcon.colcon_core.shell:Skip shell extension 'dsv' for command environment
[1.223s] INFO:colcon.colcon_core.task.python.build:Building Python package in '/home/maxx/naviguard_ws/src/naviguard_rellis'
[1.223s] INFO:colcon.colcon_core.shell:Skip shell extension 'powershell' for command environment: Not usable outside of PowerShell
[1.223s] DEBUG:colcon.colcon_core.shell:Skip shell extension 'dsv' for command environment
[1.361s] INFO:colcon.colcon_core.task.python.build:Building Python package in '/home/maxx/naviguard_ws/src/naviguard_sensor_sync'
[1.361s] INFO:colcon.colcon_core.shell:Skip shell extension 'powershell' for command environment: Not usable outside of PowerShell
[1.361s] DEBUG:colcon.colcon_core.shell:Skip shell extension 'dsv' for command environment
[1.491s] INFO:colcon.colcon_core.task.python.build:Building Python package in '/home/maxx/naviguard_ws/src/naviguard_slam'
[1.491s] INFO:colcon.colcon_core.shell:Skip shell extension 'powershell' for command environment: Not usable outside of PowerShell
[1.491s] DEBUG:colcon.colcon_core.shell:Skip shell extension 'dsv' for command environment
[1.623s] INFO:colcon.colcon_core.task.python.build:Building Python package in '/home/maxx/naviguard_ws/src/naviguard_state_estimation'
[1.624s] INFO:colcon.colcon_core.shell:Skip shell extension 'powershell' for command environment: Not usable outside of PowerShell
[1.624s] DEBUG:colcon.colcon_core.shell:Skip shell extension 'dsv' for command environment
[1.771s] INFO:colcon.colcon_core.task.python.build:Building Python package in '/home/maxx/naviguard_ws/src/naviguard_visual_odometry'
[1.771s] INFO:colcon.colcon_core.shell:Skip shell extension 'powershell' for command environment: Not usable outside of PowerShell
[1.771s] DEBUG:colcon.colcon_core.shell:Skip shell extension 'dsv' for command environment
[1.774s] DEBUG:colcon.colcon_core.event_handler.log_command:Invoked command in '/home/maxx/naviguard_ws/build/naviguard_description' returned '0': CMAKE_PREFIX_PATH=${CMAKE_PREFIX_PATH}:/opt/ros/jazzy /usr/bin/cmake --build /home/maxx/naviguard_ws/build/naviguard_description -- -j12 -l12
[1.783s] DEBUG:colcon.colcon_core.event_handler.log_command:Invoking command in '/home/maxx/naviguard_ws/build/naviguard_description': CMAKE_PREFIX_PATH=${CMAKE_PREFIX_PATH}:/opt/ros/jazzy /usr/bin/cmake --install /home/maxx/naviguard_ws/build/naviguard_description
[1.819s] Level 1:colcon.colcon_core.environment:create_environment_scripts_only(naviguard_description)
[1.819s] DEBUG:colcon.colcon_core.event_handler.log_command:Invoked command in '/home/maxx/naviguard_ws/build/naviguard_description' returned '0': CMAKE_PREFIX_PATH=${CMAKE_PREFIX_PATH}:/opt/ros/jazzy /usr/bin/cmake --install /home/maxx/naviguard_ws/build/naviguard_description
[1.834s] Level 1:colcon.colcon_core.environment:checking '/home/maxx/naviguard_ws/install/naviguard_description' for CMake module files
[1.835s] Level 1:colcon.colcon_core.environment:checking '/home/maxx/naviguard_ws/install/naviguard_description' for CMake config files
[1.835s] Level 1:colcon.colcon_core.shell:create_environment_hook('naviguard_description', 'cmake_prefix_path')
[1.835s] INFO:colcon.colcon_core.shell:Creating environment hook '/home/maxx/naviguard_ws/install/naviguard_description/share/naviguard_description/hook/cmake_prefix_path.ps1'
[1.836s] INFO:colcon.colcon_core.shell:Creating environment descriptor '/home/maxx/naviguard_ws/install/naviguard_description/share/naviguard_description/hook/cmake_prefix_path.dsv'
[1.836s] INFO:colcon.colcon_core.shell:Creating environment hook '/home/maxx/naviguard_ws/install/naviguard_description/share/naviguard_description/hook/cmake_prefix_path.sh'
[1.837s] Level 1:colcon.colcon_core.environment:checking '/home/maxx/naviguard_ws/install/naviguard_description/bin'
[1.837s] Level 1:colcon.colcon_core.environment:checking '/home/maxx/naviguard_ws/install/naviguard_description/lib/pkgconfig/naviguard_description.pc'
[1.841s] Level 1:colcon.colcon_core.environment:checking '/home/maxx/naviguard_ws/install/naviguard_description/lib/python3.12/site-packages'
[1.842s] Level 1:colcon.colcon_core.environment:checking '/home/maxx/naviguard_ws/install/naviguard_description/bin'
[1.842s] INFO:colcon.colcon_core.shell:Creating package script '/home/maxx/naviguard_ws/install/naviguard_description/share/naviguard_description/package.ps1'
[1.844s] INFO:colcon.colcon_core.shell:Creating package descriptor '/home/maxx/naviguard_ws/install/naviguard_description/share/naviguard_description/package.dsv'
[1.846s] INFO:colcon.colcon_core.shell:Creating package script '/home/maxx/naviguard_ws/install/naviguard_description/share/naviguard_description/package.sh'
[1.848s] INFO:colcon.colcon_core.shell:Creating package script '/home/maxx/naviguard_ws/install/naviguard_description/share/naviguard_description/package.bash'
[1.850s] INFO:colcon.colcon_core.shell:Creating package script '/home/maxx/naviguard_ws/install/naviguard_description/share/naviguard_description/package.zsh'
[1.852s] Level 1:colcon.colcon_core.environment:create_file_with_runtime_dependencies(/home/maxx/naviguard_ws/install/naviguard_description/share/colcon-core/packages/naviguard_description)
[1.853s] Level 1:colcon.colcon_core.environment:create_environment_scripts_only(naviguard_description)
[1.854s] Level 1:colcon.colcon_core.environment:checking '/home/maxx/naviguard_ws/install/naviguard_description' for CMake module files
[1.854s] Level 1:colcon.colcon_core.environment:checking '/home/maxx/naviguard_ws/install/naviguard_description' for CMake config files
[1.854s] Level 1:colcon.colcon_core.shell:create_environment_hook('naviguard_description', 'cmake_prefix_path')
[1.855s] INFO:colcon.colcon_core.shell:Creating environment hook '/home/maxx/naviguard_ws/install/naviguard_description/share/naviguard_description/hook/cmake_prefix_path.ps1'
[1.855s] INFO:colcon.colcon_core.shell:Creating environment descriptor '/home/maxx/naviguard_ws/install/naviguard_description/share/naviguard_description/hook/cmake_prefix_path.dsv'
[1.856s] INFO:colcon.colcon_core.shell:Creating environment hook '/home/maxx/naviguard_ws/install/naviguard_description/share/naviguard_description/hook/cmake_prefix_path.sh'
[1.857s] Level 1:colcon.colcon_core.environment:checking '/home/maxx/naviguard_ws/install/naviguard_description/bin'
[1.857s] Level 1:colcon.colcon_core.environment:checking '/home/maxx/naviguard_ws/install/naviguard_description/lib/pkgconfig/naviguard_description.pc'
[1.857s] Level 1:colcon.colcon_core.environment:checking '/home/maxx/naviguard_ws/install/naviguard_description/lib/python3.12/site-packages'
[1.858s] Level 1:colcon.colcon_core.environment:checking '/home/maxx/naviguard_ws/install/naviguard_description/bin'
[1.858s] INFO:colcon.colcon_core.shell:Creating package script '/home/maxx/naviguard_ws/install/naviguard_description/share/naviguard_description/package.ps1'
[1.859s] INFO:colcon.colcon_core.shell:Creating package descriptor '/home/maxx/naviguard_ws/install/naviguard_description/share/naviguard_description/package.dsv'
[1.860s] INFO:colcon.colcon_core.shell:Creating package script '/home/maxx/naviguard_ws/install/naviguard_description/share/naviguard_description/package.sh'
[1.861s] INFO:colcon.colcon_core.shell:Creating package script '/home/maxx/naviguard_ws/install/naviguard_description/share/naviguard_description/package.bash'
[1.861s] INFO:colcon.colcon_core.shell:Creating package script '/home/maxx/naviguard_ws/install/naviguard_description/share/naviguard_description/package.zsh'
[1.862s] Level 1:colcon.colcon_core.environment:create_file_with_runtime_dependencies(/home/maxx/naviguard_ws/install/naviguard_description/share/colcon-core/packages/naviguard_description)
[4.719s] DEBUG:colcon.colcon_core.task.python.build:Available setuptools commands: install_lib, install, bdist, update_catalog, egg_info, install_egg_info, build_ext, install_data, sdist, bdist_rpm, upload, extract_messages, build, build_clib, alias, editable_wheel, dist_info, easy_install, install_scripts, develop, symlink_data, bdist_wheel, test, register, bdist_dumb, rotate, upload_docs, compile_catalog, install_headers, check, setopt, clean, build_py, saveopts, init_catalog, bdist_egg, build_scripts
[4.726s] DEBUG:colcon.colcon_core.task.python.build:Available setuptools commands: install_lib, install, bdist, update_catalog, egg_info, install_egg_info, build_ext, install_data, sdist, bdist_rpm, upload, extract_messages, build, build_clib, alias, editable_wheel, dist_info, easy_install, install_scripts, develop, symlink_data, bdist_wheel, test, register, bdist_dumb, rotate, upload_docs, compile_catalog, install_headers, check, setopt, clean, build_py, saveopts, init_catalog, bdist_egg, build_scripts
[4.730s] DEBUG:colcon.colcon_core.task.python.build:Available setuptools commands: install_lib, install, bdist, update_catalog, egg_info, install_egg_info, build_ext, install_data, sdist, bdist_rpm, upload, extract_messages, build, build_clib, alias, editable_wheel, dist_info, easy_install, install_scripts, develop, symlink_data, bdist_wheel, test, register, bdist_dumb, rotate, upload_docs, compile_catalog, install_headers, check, setopt, clean, build_py, saveopts, init_catalog, bdist_egg, build_scripts
[4.737s] DEBUG:colcon.colcon_core.task.python.build:Available setuptools commands: install_lib, install, bdist, update_catalog, egg_info, install_egg_info, build_ext, install_data, sdist, bdist_rpm, upload, extract_messages, build, build_clib, alias, editable_wheel, dist_info, easy_install, install_scripts, develop, symlink_data, bdist_wheel, test, register, bdist_dumb, rotate, upload_docs, compile_catalog, install_headers, check, setopt, clean, build_py, saveopts, init_catalog, bdist_egg, build_scripts
[4.738s] DEBUG:colcon.colcon_core.task.python.build:Available setuptools commands: install_lib, install, bdist, update_catalog, egg_info, install_egg_info, build_ext, install_data, sdist, bdist_rpm, upload, extract_messages, build, build_clib, alias, editable_wheel, dist_info, easy_install, install_scripts, develop, symlink_data, bdist_wheel, test, register, bdist_dumb, rotate, upload_docs, compile_catalog, install_headers, check, setopt, clean, build_py, saveopts, init_catalog, bdist_egg, build_scripts
[4.739s] DEBUG:colcon.colcon_core.task.python.build:Available setuptools commands: install_lib, install, bdist, update_catalog, egg_info, install_egg_info, build_ext, install_data, sdist, bdist_rpm, upload, extract_messages, build, build_clib, alias, editable_wheel, dist_info, easy_install, install_scripts, develop, symlink_data, bdist_wheel, test, register, bdist_dumb, rotate, upload_docs, compile_catalog, install_headers, check, setopt, clean, build_py, saveopts, init_catalog, bdist_egg, build_scripts
[4.740s] DEBUG:colcon.colcon_core.task.python.build:Available setuptools commands: install_lib, install, bdist, update_catalog, egg_info, install_egg_info, build_ext, install_data, sdist, bdist_rpm, upload, extract_messages, build, build_clib, alias, editable_wheel, dist_info, easy_install, install_scripts, develop, symlink_data, bdist_wheel, test, register, bdist_dumb, rotate, upload_docs, compile_catalog, install_headers, check, setopt, clean, build_py, saveopts, init_catalog, bdist_egg, build_scripts
[4.744s] DEBUG:colcon.colcon_core.task.python.build:Available setuptools commands: install_lib, install, bdist, update_catalog, egg_info, install_egg_info, build_ext, install_data, sdist, bdist_rpm, upload, extract_messages, build, build_clib, alias, editable_wheel, dist_info, easy_install, install_scripts, develop, symlink_data, bdist_wheel, test, register, bdist_dumb, rotate, upload_docs, compile_catalog, install_headers, check, setopt, clean, build_py, saveopts, init_catalog, bdist_egg, build_scripts
[4.752s] DEBUG:colcon.colcon_core.task.python.build:Available setuptools commands: install_lib, install, bdist, update_catalog, egg_info, install_egg_info, build_ext, install_data, sdist, bdist_rpm, upload, extract_messages, build, build_clib, alias, editable_wheel, dist_info, easy_install, install_scripts, develop, symlink_data, bdist_wheel, test, register, bdist_dumb, rotate, upload_docs, compile_catalog, install_headers, check, setopt, clean, build_py, saveopts, init_catalog, bdist_egg, build_scripts
[4.753s] DEBUG:colcon.colcon_core.task.python.build:Available setuptools commands: install_lib, install, bdist, update_catalog, egg_info, install_egg_info, build_ext, install_data, sdist, bdist_rpm, upload, extract_messages, build, build_clib, alias, editable_wheel, dist_info, easy_install, install_scripts, develop, symlink_data, bdist_wheel, test, register, bdist_dumb, rotate, upload_docs, compile_catalog, install_headers, check, setopt, clean, build_py, saveopts, init_catalog, bdist_egg, build_scripts
[5.142s] DEBUG:colcon.colcon_core.task.python.build:Available setuptools 'develop' options: --verbose, --no-deps, --version, --allow-hosts, --zip-ok, --force-installation-into-system-dir, --quiet, --multi-version, --user, --editable, --script-dir, --no-user-cfg, --uninstall, --exclude-scripts, --no-find-links, --help, --index-url, --optimize, --record, --site-dirs, --local-snapshots-ok, --install-dir, --always-unzip, --install-layout, --always-copy, --prefix, --upgrade, --build-directory, --dry-run, --find-links, --egg-path
[5.149s] DEBUG:colcon.colcon_core.event_handler.log_command:Invoking command in '/home/maxx/naviguard_ws/build/naviguard_slam': PYTHONPATH=/home/maxx/naviguard_ws/build/naviguard_slam/prefix_override:/home/maxx/.local/lib/python3.12/site-packages/colcon_core/task/python/colcon_distutils_commands:/home/maxx/naviguard_ws/install/naviguard_slam/lib/python3.12/site-packages:${PYTHONPATH} /usr/bin/python3 -W ignore:setup.py install is deprecated -W ignore:easy_install command is deprecated setup.py develop --editable --build-directory /home/maxx/naviguard_ws/build/naviguard_slam/build --no-deps symlink_data
[5.150s] DEBUG:colcon.colcon_core.task.python.build:Available setuptools 'develop' options: --verbose, --no-deps, --version, --allow-hosts, --zip-ok, --force-installation-into-system-dir, --quiet, --multi-version, --user, --editable, --script-dir, --no-user-cfg, --uninstall, --exclude-scripts, --no-find-links, --help, --index-url, --optimize, --record, --site-dirs, --local-snapshots-ok, --install-dir, --always-unzip, --install-layout, --always-copy, --prefix, --upgrade, --build-directory, --dry-run, --find-links, --egg-path
[5.154s] DEBUG:colcon.colcon_core.event_handler.log_command:Invoking command in '/home/maxx/naviguard_ws/build/naviguard_sensor_sync': PYTHONPATH=/home/maxx/naviguard_ws/build/naviguard_sensor_sync/prefix_override:/home/maxx/.local/lib/python3.12/site-packages/colcon_core/task/python/colcon_distutils_commands:/home/maxx/naviguard_ws/install/naviguard_sensor_sync/lib/python3.12/site-packages:${PYTHONPATH} /usr/bin/python3 -W ignore:setup.py install is deprecated -W ignore:easy_install command is deprecated setup.py develop --editable --build-directory /home/maxx/naviguard_ws/build/naviguard_sensor_sync/build --no-deps symlink_data
[5.179s] DEBUG:colcon.colcon_core.task.python.build:Available setuptools 'develop' options: --verbose, --no-deps, --version, --allow-hosts, --zip-ok, --force-installation-into-system-dir, --quiet, --multi-version, --user, --editable, --script-dir, --no-user-cfg, --uninstall, --exclude-scripts, --no-find-links, --help, --index-url, --optimize, --record, --site-dirs, --local-snapshots-ok, --install-dir, --always-unzip, --install-layout, --always-copy, --prefix, --upgrade, --build-directory, --dry-run, --find-links, --egg-path
[5.182s] DEBUG:colcon.colcon_core.event_handler.log_command:Invoking command in '/home/maxx/naviguard_ws/build/naviguard_perception': PYTHONPATH=/home/maxx/naviguard_ws/build/naviguard_perception/prefix_override:/home/maxx/.local/lib/python3.12/site-packages/colcon_core/task/python/colcon_distutils_commands:/home/maxx/naviguard_ws/install/naviguard_perception/lib/python3.12/site-packages:${PYTHONPATH} /usr/bin/python3 -W ignore:setup.py install is deprecated -W ignore:easy_install command is deprecated setup.py develop --editable --build-directory /home/maxx/naviguard_ws/build/naviguard_perception/build --no-deps symlink_data
[5.185s] DEBUG:colcon.colcon_core.task.python.build:Available setuptools 'develop' options: --verbose, --no-deps, --version, --allow-hosts, --zip-ok, --force-installation-into-system-dir, --quiet, --multi-version, --user, --editable, --script-dir, --no-user-cfg, --uninstall, --exclude-scripts, --no-find-links, --help, --index-url, --optimize, --record, --site-dirs, --local-snapshots-ok, --install-dir, --always-unzip, --install-layout, --always-copy, --prefix, --upgrade, --build-directory, --dry-run, --find-links, --egg-path
[5.192s] DEBUG:colcon.colcon_core.event_handler.log_command:Invoking command in '/home/maxx/naviguard_ws/build/naviguard_rellis': PYTHONPATH=/home/maxx/naviguard_ws/build/naviguard_rellis/prefix_override:/home/maxx/.local/lib/python3.12/site-packages/colcon_core/task/python/colcon_distutils_commands:/home/maxx/naviguard_ws/install/naviguard_rellis/lib/python3.12/site-packages:${PYTHONPATH} /usr/bin/python3 -W ignore:setup.py install is deprecated -W ignore:easy_install command is deprecated setup.py develop --editable --build-directory /home/maxx/naviguard_ws/build/naviguard_rellis/build --no-deps symlink_data
[5.200s] DEBUG:colcon.colcon_core.task.python.build:Available setuptools 'develop' options: --verbose, --no-deps, --version, --allow-hosts, --zip-ok, --force-installation-into-system-dir, --quiet, --multi-version, --user, --editable, --script-dir, --no-user-cfg, --uninstall, --exclude-scripts, --no-find-links, --help, --index-url, --optimize, --record, --site-dirs, --local-snapshots-ok, --install-dir, --always-unzip, --install-layout, --always-copy, --prefix, --upgrade, --build-directory, --dry-run, --find-links, --egg-path
[5.204s] DEBUG:colcon.colcon_core.event_handler.log_command:Invoking command in '/home/maxx/naviguard_ws/build/naviguard_state_estimation': PYTHONPATH=/home/maxx/naviguard_ws/build/naviguard_state_estimation/prefix_override:/home/maxx/.local/lib/python3.12/site-packages/colcon_core/task/python/colcon_distutils_commands:/home/maxx/naviguard_ws/install/naviguard_state_estimation/lib/python3.12/site-packages:${PYTHONPATH} /usr/bin/python3 -W ignore:setup.py install is deprecated -W ignore:easy_install command is deprecated setup.py develop --editable --build-directory /home/maxx/naviguard_ws/build/naviguard_state_estimation/build --no-deps symlink_data
[5.209s] DEBUG:colcon.colcon_core.task.python.build:Available setuptools 'develop' options: --verbose, --no-deps, --version, --allow-hosts, --zip-ok, --force-installation-into-system-dir, --quiet, --multi-version, --user, --editable, --script-dir, --no-user-cfg, --uninstall, --exclude-scripts, --no-find-links, --help, --index-url, --optimize, --record, --site-dirs, --local-snapshots-ok, --install-dir, --always-unzip, --install-layout, --always-copy, --prefix, --upgrade, --build-directory, --dry-run, --find-links, --egg-path
[5.215s] DEBUG:colcon.colcon_core.event_handler.log_command:Invoking command in '/home/maxx/naviguard_ws/build/naviguard_visual_odometry': PYTHONPATH=/home/maxx/naviguard_ws/build/naviguard_visual_odometry/prefix_override:/home/maxx/.local/lib/python3.12/site-packages/colcon_core/task/python/colcon_distutils_commands:/home/maxx/naviguard_ws/install/naviguard_visual_odometry/lib/python3.12/site-packages:${PYTHONPATH} /usr/bin/python3 -W ignore:setup.py install is deprecated -W ignore:easy_install command is deprecated setup.py develop --editable --build-directory /home/maxx/naviguard_ws/build/naviguard_visual_odometry/build --no-deps symlink_data
[5.216s] DEBUG:colcon.colcon_core.task.python.build:Available setuptools 'develop' options: --verbose, --no-deps, --version, --allow-hosts, --zip-ok, --force-installation-into-system-dir, --quiet, --multi-version, --user, --editable, --script-dir, --no-user-cfg, --uninstall, --exclude-scripts, --no-find-links, --help, --index-url, --optimize, --record, --site-dirs, --local-snapshots-ok, --install-dir, --always-unzip, --install-layout, --always-copy, --prefix, --upgrade, --build-directory, --dry-run, --find-links, --egg-path
[5.219s] DEBUG:colcon.colcon_core.task.python.build:Available setuptools 'develop' options: --verbose, --no-deps, --version, --allow-hosts, --zip-ok, --force-installation-into-system-dir, --quiet, --multi-version, --user, --editable, --script-dir, --no-user-cfg, --uninstall, --exclude-scripts, --no-find-links, --help, --index-url, --optimize, --record, --site-dirs, --local-snapshots-ok, --install-dir, --always-unzip, --install-layout, --always-copy, --prefix, --upgrade, --build-directory, --dry-run, --find-links, --egg-path
[5.220s] DEBUG:colcon.colcon_core.event_handler.log_command:Invoking command in '/home/maxx/naviguard_ws/build/naviguard_recovery': PYTHONPATH=/home/maxx/naviguard_ws/build/naviguard_recovery/prefix_override:/home/maxx/.local/lib/python3.12/site-packages/colcon_core/task/python/colcon_distutils_commands:/home/maxx/naviguard_ws/install/naviguard_recovery/lib/python3.12/site-packages:${PYTHONPATH} /usr/bin/python3 -W ignore:setup.py install is deprecated -W ignore:easy_install command is deprecated setup.py develop --editable --build-directory /home/maxx/naviguard_ws/build/naviguard_recovery/build --no-deps symlink_data
[5.224s] DEBUG:colcon.colcon_core.task.python.build:Available setuptools 'develop' options: --verbose, --no-deps, --version, --allow-hosts, --zip-ok, --force-installation-into-system-dir, --quiet, --multi-version, --user, --editable, --script-dir, --no-user-cfg, --uninstall, --exclude-scripts, --no-find-links, --help, --index-url, --optimize, --record, --site-dirs, --local-snapshots-ok, --install-dir, --always-unzip, --install-layout, --always-copy, --prefix, --upgrade, --build-directory, --dry-run, --find-links, --egg-path
[5.225s] DEBUG:colcon.colcon_core.event_handler.log_command:Invoking command in '/home/maxx/naviguard_ws/build/naviguard_navigation': PYTHONPATH=/home/maxx/naviguard_ws/build/naviguard_navigation/prefix_override:/home/maxx/.local/lib/python3.12/site-packages/colcon_core/task/python/colcon_distutils_commands:/home/maxx/naviguard_ws/install/naviguard_navigation/lib/python3.12/site-packages:${PYTHONPATH} /usr/bin/python3 -W ignore:setup.py install is deprecated -W ignore:easy_install command is deprecated setup.py develop --editable --build-directory /home/maxx/naviguard_ws/build/naviguard_navigation/build --no-deps symlink_data
[5.228s] DEBUG:colcon.colcon_core.event_handler.log_command:Invoking command in '/home/maxx/naviguard_ws/build/naviguard_dashboard': PYTHONPATH=/home/maxx/naviguard_ws/build/naviguard_dashboard/prefix_override:/home/maxx/.local/lib/python3.12/site-packages/colcon_core/task/python/colcon_distutils_commands:/home/maxx/naviguard_ws/install/naviguard_dashboard/lib/python3.12/site-packages:${PYTHONPATH} /usr/bin/python3 -W ignore:setup.py install is deprecated -W ignore:easy_install command is deprecated setup.py develop --editable --build-directory /home/maxx/naviguard_ws/build/naviguard_dashboard/build --no-deps symlink_data
[5.248s] DEBUG:colcon.colcon_core.task.python.build:Available setuptools 'develop' options: --verbose, --no-deps, --version, --allow-hosts, --zip-ok, --force-installation-into-system-dir, --quiet, --multi-version, --user, --editable, --script-dir, --no-user-cfg, --uninstall, --exclude-scripts, --no-find-links, --help, --index-url, --optimize, --record, --site-dirs, --local-snapshots-ok, --install-dir, --always-unzip, --install-layout, --always-copy, --prefix, --upgrade, --build-directory, --dry-run, --find-links, --egg-path
[5.252s] DEBUG:colcon.colcon_core.event_handler.log_command:Invoking command in '/home/maxx/naviguard_ws/build/naviguard_confidence': PYTHONPATH=/home/maxx/naviguard_ws/build/naviguard_confidence/prefix_override:/home/maxx/.local/lib/python3.12/site-packages/colcon_core/task/python/colcon_distutils_commands:/home/maxx/naviguard_ws/install/naviguard_confidence/lib/python3.12/site-packages:${PYTHONPATH} /usr/bin/python3 -W ignore:setup.py install is deprecated -W ignore:easy_install command is deprecated setup.py develop --editable --build-directory /home/maxx/naviguard_ws/build/naviguard_confidence/build --no-deps symlink_data
[5.927s] Level 1:colcon.colcon_core.shell:create_environment_hook('naviguard_slam', 'pythonpath_develop')
[5.928s] INFO:colcon.colcon_core.shell:Creating environment hook '/home/maxx/naviguard_ws/build/naviguard_slam/share/naviguard_slam/hook/pythonpath_develop.ps1'
[5.929s] INFO:colcon.colcon_core.shell:Creating environment descriptor '/home/maxx/naviguard_ws/build/naviguard_slam/share/naviguard_slam/hook/pythonpath_develop.dsv'
[5.928s] DEBUG:colcon.colcon_core.event_handler.log_command:Invoked command in '/home/maxx/naviguard_ws/build/naviguard_slam' returned '0': PYTHONPATH=/home/maxx/naviguard_ws/build/naviguard_slam/prefix_override:/home/maxx/.local/lib/python3.12/site-packages/colcon_core/task/python/colcon_distutils_commands:/home/maxx/naviguard_ws/install/naviguard_slam/lib/python3.12/site-packages:${PYTHONPATH} /usr/bin/python3 -W ignore:setup.py install is deprecated -W ignore:easy_install command is deprecated setup.py develop --editable --build-directory /home/maxx/naviguard_ws/build/naviguard_slam/build --no-deps symlink_data
[5.931s] INFO:colcon.colcon_core.shell:Creating environment hook '/home/maxx/naviguard_ws/build/naviguard_slam/share/naviguard_slam/hook/pythonpath_develop.sh'
[5.932s] Level 1:colcon.colcon_core.environment:checking '/home/maxx/naviguard_ws/install/naviguard_slam' for CMake module files
[5.933s] Level 1:colcon.colcon_core.environment:checking '/home/maxx/naviguard_ws/install/naviguard_slam' for CMake config files
[5.934s] Level 1:colcon.colcon_core.environment:checking '/home/maxx/naviguard_ws/install/naviguard_slam/lib'
[5.934s] Level 1:colcon.colcon_core.environment:checking '/home/maxx/naviguard_ws/install/naviguard_slam/bin'
[5.935s] Level 1:colcon.colcon_core.environment:checking '/home/maxx/naviguard_ws/install/naviguard_slam/lib/pkgconfig/naviguard_slam.pc'
[5.935s] Level 1:colcon.colcon_core.environment:checking '/home/maxx/naviguard_ws/install/naviguard_slam/lib/python3.12/site-packages'
[5.935s] Level 1:colcon.colcon_core.shell:create_environment_hook('naviguard_slam', 'pythonpath')
[5.936s] INFO:colcon.colcon_core.shell:Creating environment hook '/home/maxx/naviguard_ws/install/naviguard_slam/share/naviguard_slam/hook/pythonpath.ps1'
[5.937s] INFO:colcon.colcon_core.shell:Creating environment descriptor '/home/maxx/naviguard_ws/install/naviguard_slam/share/naviguard_slam/hook/pythonpath.dsv'
[5.937s] INFO:colcon.colcon_core.shell:Creating environment hook '/home/maxx/naviguard_ws/install/naviguard_slam/share/naviguard_slam/hook/pythonpath.sh'
[5.939s] Level 1:colcon.colcon_core.environment:checking '/home/maxx/naviguard_ws/install/naviguard_slam/bin'
[5.939s] Level 1:colcon.colcon_core.environment:create_environment_scripts_only(naviguard_slam)
[5.939s] INFO:colcon.colcon_core.shell:Creating package script '/home/maxx/naviguard_ws/install/naviguard_slam/share/naviguard_slam/package.ps1'
[5.940s] INFO:colcon.colcon_core.shell:Creating package descriptor '/home/maxx/naviguard_ws/install/naviguard_slam/share/naviguard_slam/package.dsv'
[5.941s] INFO:colcon.colcon_core.shell:Creating package script '/home/maxx/naviguard_ws/install/naviguard_slam/share/naviguard_slam/package.sh'
[5.942s] INFO:colcon.colcon_core.shell:Creating package script '/home/maxx/naviguard_ws/install/naviguard_slam/share/naviguard_slam/package.bash'
[5.943s] INFO:colcon.colcon_core.shell:Creating package script '/home/maxx/naviguard_ws/install/naviguard_slam/share/naviguard_slam/package.zsh'
[5.944s] Level 1:colcon.colcon_core.environment:create_file_with_runtime_dependencies(/home/maxx/naviguard_ws/install/naviguard_slam/share/colcon-core/packages/naviguard_slam)
[5.952s] Level 1:colcon.colcon_core.shell:create_environment_hook('naviguard_sensor_sync', 'pythonpath_develop')
[5.952s] INFO:colcon.colcon_core.shell:Creating environment hook '/home/maxx/naviguard_ws/build/naviguard_sensor_sync/share/naviguard_sensor_sync/hook/pythonpath_develop.ps1'
[5.953s] INFO:colcon.colcon_core.shell:Creating environment descriptor '/home/maxx/naviguard_ws/build/naviguard_sensor_sync/share/naviguard_sensor_sync/hook/pythonpath_develop.dsv'
[5.954s] DEBUG:colcon.colcon_core.event_handler.log_command:Invoked command in '/home/maxx/naviguard_ws/build/naviguard_sensor_sync' returned '0': PYTHONPATH=/home/maxx/naviguard_ws/build/naviguard_sensor_sync/prefix_override:/home/maxx/.local/lib/python3.12/site-packages/colcon_core/task/python/colcon_distutils_commands:/home/maxx/naviguard_ws/install/naviguard_sensor_sync/lib/python3.12/site-packages:${PYTHONPATH} /usr/bin/python3 -W ignore:setup.py install is deprecated -W ignore:easy_install command is deprecated setup.py develop --editable --build-directory /home/maxx/naviguard_ws/build/naviguard_sensor_sync/build --no-deps symlink_data
[5.955s] INFO:colcon.colcon_core.shell:Creating environment hook '/home/maxx/naviguard_ws/build/naviguard_sensor_sync/share/naviguard_sensor_sync/hook/pythonpath_develop.sh'
[5.959s] Level 1:colcon.colcon_core.environment:checking '/home/maxx/naviguard_ws/install/naviguard_sensor_sync' for CMake module files
[5.960s] Level 1:colcon.colcon_core.environment:checking '/home/maxx/naviguard_ws/install/naviguard_sensor_sync' for CMake config files
[5.962s] Level 1:colcon.colcon_core.environment:checking '/home/maxx/naviguard_ws/install/naviguard_sensor_sync/lib'
[5.962s] Level 1:colcon.colcon_core.environment:checking '/home/maxx/naviguard_ws/install/naviguard_sensor_sync/bin'
[5.962s] Level 1:colcon.colcon_core.environment:checking '/home/maxx/naviguard_ws/install/naviguard_sensor_sync/lib/pkgconfig/naviguard_sensor_sync.pc'
[5.962s] Level 1:colcon.colcon_core.environment:checking '/home/maxx/naviguard_ws/install/naviguard_sensor_sync/lib/python3.12/site-packages'
[5.963s] Level 1:colcon.colcon_core.shell:create_environment_hook('naviguard_sensor_sync', 'pythonpath')
[5.963s] INFO:colcon.colcon_core.shell:Creating environment hook '/home/maxx/naviguard_ws/install/naviguard_sensor_sync/share/naviguard_sensor_sync/hook/pythonpath.ps1'
[5.964s] INFO:colcon.colcon_core.shell:Creating environment descriptor '/home/maxx/naviguard_ws/install/naviguard_sensor_sync/share/naviguard_sensor_sync/hook/pythonpath.dsv'
[5.965s] INFO:colcon.colcon_core.shell:Creating environment hook '/home/maxx/naviguard_ws/install/naviguard_sensor_sync/share/naviguard_sensor_sync/hook/pythonpath.sh'
[5.967s] Level 1:colcon.colcon_core.environment:checking '/home/maxx/naviguard_ws/install/naviguard_sensor_sync/bin'
[5.967s] Level 1:colcon.colcon_core.environment:create_environment_scripts_only(naviguard_sensor_sync)
[5.967s] INFO:colcon.colcon_core.shell:Creating package script '/home/maxx/naviguard_ws/install/naviguard_sensor_sync/share/naviguard_sensor_sync/package.ps1'
[5.968s] INFO:colcon.colcon_core.shell:Creating package descriptor '/home/maxx/naviguard_ws/install/naviguard_sensor_sync/share/naviguard_sensor_sync/package.dsv'
[5.970s] INFO:colcon.colcon_core.shell:Creating package script '/home/maxx/naviguard_ws/install/naviguard_sensor_sync/share/naviguard_sensor_sync/package.sh'
[5.971s] INFO:colcon.colcon_core.shell:Creating package script '/home/maxx/naviguard_ws/install/naviguard_sensor_sync/share/naviguard_sensor_sync/package.bash'
[5.972s] INFO:colcon.colcon_core.shell:Creating package script '/home/maxx/naviguard_ws/install/naviguard_sensor_sync/share/naviguard_sensor_sync/package.zsh'
[5.973s] Level 1:colcon.colcon_core.environment:create_file_with_runtime_dependencies(/home/maxx/naviguard_ws/install/naviguard_sensor_sync/share/colcon-core/packages/naviguard_sensor_sync)
[5.976s] Level 1:colcon.colcon_core.shell:create_environment_hook('naviguard_perception', 'pythonpath_develop')
[5.977s] DEBUG:colcon.colcon_core.event_handler.log_command:Invoked command in '/home/maxx/naviguard_ws/build/naviguard_perception' returned '0': PYTHONPATH=/home/maxx/naviguard_ws/build/naviguard_perception/prefix_override:/home/maxx/.local/lib/python3.12/site-packages/colcon_core/task/python/colcon_distutils_commands:/home/maxx/naviguard_ws/install/naviguard_perception/lib/python3.12/site-packages:${PYTHONPATH} /usr/bin/python3 -W ignore:setup.py install is deprecated -W ignore:easy_install command is deprecated setup.py develop --editable --build-directory /home/maxx/naviguard_ws/build/naviguard_perception/build --no-deps symlink_data
[5.978s] INFO:colcon.colcon_core.shell:Creating environment hook '/home/maxx/naviguard_ws/build/naviguard_perception/share/naviguard_perception/hook/pythonpath_develop.ps1'
[5.980s] INFO:colcon.colcon_core.shell:Creating environment descriptor '/home/maxx/naviguard_ws/build/naviguard_perception/share/naviguard_perception/hook/pythonpath_develop.dsv'
[5.981s] INFO:colcon.colcon_core.shell:Creating environment hook '/home/maxx/naviguard_ws/build/naviguard_perception/share/naviguard_perception/hook/pythonpath_develop.sh'
[5.983s] Level 1:colcon.colcon_core.environment:checking '/home/maxx/naviguard_ws/install/naviguard_perception' for CMake module files
[5.984s] Level 1:colcon.colcon_core.environment:checking '/home/maxx/naviguard_ws/install/naviguard_perception' for CMake config files
[5.985s] Level 1:colcon.colcon_core.environment:checking '/home/maxx/naviguard_ws/install/naviguard_perception/lib'
[5.985s] Level 1:colcon.colcon_core.environment:checking '/home/maxx/naviguard_ws/install/naviguard_perception/bin'
[5.985s] Level 1:colcon.colcon_core.environment:checking '/home/maxx/naviguard_ws/install/naviguard_perception/lib/pkgconfig/naviguard_perception.pc'
[5.985s] Level 1:colcon.colcon_core.environment:checking '/home/maxx/naviguard_ws/install/naviguard_perception/lib/python3.12/site-packages'
[5.985s] Level 1:colcon.colcon_core.shell:create_environment_hook('naviguard_perception', 'pythonpath')
[5.986s] INFO:colcon.colcon_core.shell:Creating environment hook '/home/maxx/naviguard_ws/install/naviguard_perception/share/naviguard_perception/hook/pythonpath.ps1'
[5.986s] INFO:colcon.colcon_core.shell:Creating environment descriptor '/home/maxx/naviguard_ws/install/naviguard_perception/share/naviguard_perception/hook/pythonpath.dsv'
[5.987s] INFO:colcon.colcon_core.shell:Creating environment hook '/home/maxx/naviguard_ws/install/naviguard_perception/share/naviguard_perception/hook/pythonpath.sh'
[5.989s] Level 1:colcon.colcon_core.environment:checking '/home/maxx/naviguard_ws/install/naviguard_perception/bin'
[5.989s] Level 1:colcon.colcon_core.environment:create_environment_scripts_only(naviguard_perception)
[5.989s] INFO:colcon.colcon_core.shell:Creating package script '/home/maxx/naviguard_ws/install/naviguard_perception/share/naviguard_perception/package.ps1'
[5.990s] INFO:colcon.colcon_core.shell:Creating package descriptor '/home/maxx/naviguard_ws/install/naviguard_perception/share/naviguard_perception/package.dsv'
[5.990s] INFO:colcon.colcon_core.shell:Creating package script '/home/maxx/naviguard_ws/install/naviguard_perception/share/naviguard_perception/package.sh'
[5.991s] INFO:colcon.colcon_core.shell:Creating package script '/home/maxx/naviguard_ws/install/naviguard_perception/share/naviguard_perception/package.bash'
[5.992s] INFO:colcon.colcon_core.shell:Creating package script '/home/maxx/naviguard_ws/install/naviguard_perception/share/naviguard_perception/package.zsh'
[5.992s] Level 1:colcon.colcon_core.environment:create_file_with_runtime_dependencies(/home/maxx/naviguard_ws/install/naviguard_perception/share/colcon-core/packages/naviguard_perception)
[5.996s] Level 1:colcon.colcon_core.shell:create_environment_hook('naviguard_rellis', 'pythonpath_develop')
[5.996s] INFO:colcon.colcon_core.shell:Creating environment hook '/home/maxx/naviguard_ws/build/naviguard_rellis/share/naviguard_rellis/hook/pythonpath_develop.ps1'
[5.997s] DEBUG:colcon.colcon_core.event_handler.log_command:Invoked command in '/home/maxx/naviguard_ws/build/naviguard_rellis' returned '0': PYTHONPATH=/home/maxx/naviguard_ws/build/naviguard_rellis/prefix_override:/home/maxx/.local/lib/python3.12/site-packages/colcon_core/task/python/colcon_distutils_commands:/home/maxx/naviguard_ws/install/naviguard_rellis/lib/python3.12/site-packages:${PYTHONPATH} /usr/bin/python3 -W ignore:setup.py install is deprecated -W ignore:easy_install command is deprecated setup.py develop --editable --build-directory /home/maxx/naviguard_ws/build/naviguard_rellis/build --no-deps symlink_data
[5.998s] INFO:colcon.colcon_core.shell:Creating environment descriptor '/home/maxx/naviguard_ws/build/naviguard_rellis/share/naviguard_rellis/hook/pythonpath_develop.dsv'
[5.998s] INFO:colcon.colcon_core.shell:Creating environment hook '/home/maxx/naviguard_ws/build/naviguard_rellis/share/naviguard_rellis/hook/pythonpath_develop.sh'
[5.999s] Level 1:colcon.colcon_core.environment:checking '/home/maxx/naviguard_ws/install/naviguard_rellis' for CMake module files
[6.000s] Level 1:colcon.colcon_core.environment:checking '/home/maxx/naviguard_ws/install/naviguard_rellis' for CMake config files
[6.001s] Level 1:colcon.colcon_core.environment:checking '/home/maxx/naviguard_ws/install/naviguard_rellis/lib'
[6.001s] Level 1:colcon.colcon_core.environment:checking '/home/maxx/naviguard_ws/install/naviguard_rellis/bin'
[6.001s] Level 1:colcon.colcon_core.environment:checking '/home/maxx/naviguard_ws/install/naviguard_rellis/lib/pkgconfig/naviguard_rellis.pc'
[6.002s] Level 1:colcon.colcon_core.environment:checking '/home/maxx/naviguard_ws/install/naviguard_rellis/lib/python3.12/site-packages'
[6.002s] Level 1:colcon.colcon_core.shell:create_environment_hook('naviguard_rellis', 'pythonpath')
[6.002s] INFO:colcon.colcon_core.shell:Creating environment hook '/home/maxx/naviguard_ws/install/naviguard_rellis/share/naviguard_rellis/hook/pythonpath.ps1'
[6.005s] INFO:colcon.colcon_core.shell:Creating environment descriptor '/home/maxx/naviguard_ws/install/naviguard_rellis/share/naviguard_rellis/hook/pythonpath.dsv'
[6.006s] INFO:colcon.colcon_core.shell:Creating environment hook '/home/maxx/naviguard_ws/install/naviguard_rellis/share/naviguard_rellis/hook/pythonpath.sh'
[6.007s] Level 1:colcon.colcon_core.environment:checking '/home/maxx/naviguard_ws/install/naviguard_rellis/bin'
[6.007s] Level 1:colcon.colcon_core.environment:create_environment_scripts_only(naviguard_rellis)
[6.008s] INFO:colcon.colcon_core.shell:Creating package script '/home/maxx/naviguard_ws/install/naviguard_rellis/share/naviguard_rellis/package.ps1'
[6.009s] INFO:colcon.colcon_core.shell:Creating package descriptor '/home/maxx/naviguard_ws/install/naviguard_rellis/share/naviguard_rellis/package.dsv'
[6.010s] INFO:colcon.colcon_core.shell:Creating package script '/home/maxx/naviguard_ws/install/naviguard_rellis/share/naviguard_rellis/package.sh'
[6.011s] INFO:colcon.colcon_core.shell:Creating package script '/home/maxx/naviguard_ws/install/naviguard_rellis/share/naviguard_rellis/package.bash'
[6.011s] INFO:colcon.colcon_core.shell:Creating package script '/home/maxx/naviguard_ws/install/naviguard_rellis/share/naviguard_rellis/package.zsh'
[6.012s] Level 1:colcon.colcon_core.environment:create_file_with_runtime_dependencies(/home/maxx/naviguard_ws/install/naviguard_rellis/share/colcon-core/packages/naviguard_rellis)
[6.013s] Level 1:colcon.colcon_core.shell:create_environment_hook('naviguard_state_estimation', 'pythonpath_develop')
[6.014s] INFO:colcon.colcon_core.shell:Creating environment hook '/home/maxx/naviguard_ws/build/naviguard_state_estimation/share/naviguard_state_estimation/hook/pythonpath_develop.ps1'
[6.015s] INFO:colcon.colcon_core.shell:Creating environment descriptor '/home/maxx/naviguard_ws/build/naviguard_state_estimation/share/naviguard_state_estimation/hook/pythonpath_develop.dsv'
[6.015s] INFO:colcon.colcon_core.shell:Creating environment hook '/home/maxx/naviguard_ws/build/naviguard_state_estimation/share/naviguard_state_estimation/hook/pythonpath_develop.sh'
[6.017s] Level 1:colcon.colcon_core.environment:checking '/home/maxx/naviguard_ws/install/naviguard_state_estimation' for CMake module files
[6.019s] DEBUG:colcon.colcon_core.event_handler.log_command:Invoked command in '/home/maxx/naviguard_ws/build/naviguard_state_estimation' returned '0': PYTHONPATH=/home/maxx/naviguard_ws/build/naviguard_state_estimation/prefix_override:/home/maxx/.local/lib/python3.12/site-packages/colcon_core/task/python/colcon_distutils_commands:/home/maxx/naviguard_ws/install/naviguard_state_estimation/lib/python3.12/site-packages:${PYTHONPATH} /usr/bin/python3 -W ignore:setup.py install is deprecated -W ignore:easy_install command is deprecated setup.py develop --editable --build-directory /home/maxx/naviguard_ws/build/naviguard_state_estimation/build --no-deps symlink_data
[6.019s] Level 1:colcon.colcon_core.environment:checking '/home/maxx/naviguard_ws/install/naviguard_state_estimation' for CMake config files
[6.020s] Level 1:colcon.colcon_core.environment:checking '/home/maxx/naviguard_ws/install/naviguard_state_estimation/lib'
[6.020s] Level 1:colcon.colcon_core.environment:checking '/home/maxx/naviguard_ws/install/naviguard_state_estimation/bin'
[6.020s] Level 1:colcon.colcon_core.environment:checking '/home/maxx/naviguard_ws/install/naviguard_state_estimation/lib/pkgconfig/naviguard_state_estimation.pc'
[6.021s] Level 1:colcon.colcon_core.environment:checking '/home/maxx/naviguard_ws/install/naviguard_state_estimation/lib/python3.12/site-packages'
[6.021s] Level 1:colcon.colcon_core.shell:create_environment_hook('naviguard_state_estimation', 'pythonpath')
[6.021s] INFO:colcon.colcon_core.shell:Creating environment hook '/home/maxx/naviguard_ws/install/naviguard_state_estimation/share/naviguard_state_estimation/hook/pythonpath.ps1'
[6.022s] INFO:colcon.colcon_core.shell:Creating environment descriptor '/home/maxx/naviguard_ws/install/naviguard_state_estimation/share/naviguard_state_estimation/hook/pythonpath.dsv'
[6.023s] INFO:colcon.colcon_core.shell:Creating environment hook '/home/maxx/naviguard_ws/install/naviguard_state_estimation/share/naviguard_state_estimation/hook/pythonpath.sh'
[6.024s] Level 1:colcon.colcon_core.environment:checking '/home/maxx/naviguard_ws/install/naviguard_state_estimation/bin'
[6.024s] Level 1:colcon.colcon_core.environment:create_environment_scripts_only(naviguard_state_estimation)
[6.024s] INFO:colcon.colcon_core.shell:Creating package script '/home/maxx/naviguard_ws/install/naviguard_state_estimation/share/naviguard_state_estimation/package.ps1'
[6.025s] INFO:colcon.colcon_core.shell:Creating package descriptor '/home/maxx/naviguard_ws/install/naviguard_state_estimation/share/naviguard_state_estimation/package.dsv'
[6.025s] INFO:colcon.colcon_core.shell:Creating package script '/home/maxx/naviguard_ws/install/naviguard_state_estimation/share/naviguard_state_estimation/package.sh'
[6.025s] INFO:colcon.colcon_core.shell:Creating package script '/home/maxx/naviguard_ws/install/naviguard_state_estimation/share/naviguard_state_estimation/package.bash'
[6.026s] INFO:colcon.colcon_core.shell:Creating package script '/home/maxx/naviguard_ws/install/naviguard_state_estimation/share/naviguard_state_estimation/package.zsh'
[6.026s] Level 1:colcon.colcon_core.environment:create_file_with_runtime_dependencies(/home/maxx/naviguard_ws/install/naviguard_state_estimation/share/colcon-core/packages/naviguard_state_estimation)
[6.029s] Level 1:colcon.colcon_core.shell:create_environment_hook('naviguard_dashboard', 'pythonpath_develop')
[6.030s] INFO:colcon.colcon_core.shell:Creating environment hook '/home/maxx/naviguard_ws/build/naviguard_dashboard/share/naviguard_dashboard/hook/pythonpath_develop.ps1'
[6.031s] DEBUG:colcon.colcon_core.event_handler.log_command:Invoked command in '/home/maxx/naviguard_ws/build/naviguard_dashboard' returned '0': PYTHONPATH=/home/maxx/naviguard_ws/build/naviguard_dashboard/prefix_override:/home/maxx/.local/lib/python3.12/site-packages/colcon_core/task/python/colcon_distutils_commands:/home/maxx/naviguard_ws/install/naviguard_dashboard/lib/python3.12/site-packages:${PYTHONPATH} /usr/bin/python3 -W ignore:setup.py install is deprecated -W ignore:easy_install command is deprecated setup.py develop --editable --build-directory /home/maxx/naviguard_ws/build/naviguard_dashboard/build --no-deps symlink_data
[6.031s] INFO:colcon.colcon_core.shell:Creating environment descriptor '/home/maxx/naviguard_ws/build/naviguard_dashboard/share/naviguard_dashboard/hook/pythonpath_develop.dsv'
[6.032s] INFO:colcon.colcon_core.shell:Creating environment hook '/home/maxx/naviguard_ws/build/naviguard_dashboard/share/naviguard_dashboard/hook/pythonpath_develop.sh'
[6.033s] Level 1:colcon.colcon_core.environment:checking '/home/maxx/naviguard_ws/install/naviguard_dashboard' for CMake module files
[6.033s] Level 1:colcon.colcon_core.environment:checking '/home/maxx/naviguard_ws/install/naviguard_dashboard' for CMake config files
[6.033s] Level 1:colcon.colcon_core.environment:checking '/home/maxx/naviguard_ws/install/naviguard_dashboard/lib'
[6.034s] Level 1:colcon.colcon_core.environment:checking '/home/maxx/naviguard_ws/install/naviguard_dashboard/bin'
[6.034s] Level 1:colcon.colcon_core.environment:checking '/home/maxx/naviguard_ws/install/naviguard_dashboard/lib/pkgconfig/naviguard_dashboard.pc'
[6.034s] Level 1:colcon.colcon_core.environment:checking '/home/maxx/naviguard_ws/install/naviguard_dashboard/lib/python3.12/site-packages'
[6.034s] Level 1:colcon.colcon_core.shell:create_environment_hook('naviguard_dashboard', 'pythonpath')
[6.034s] INFO:colcon.colcon_core.shell:Creating environment hook '/home/maxx/naviguard_ws/install/naviguard_dashboard/share/naviguard_dashboard/hook/pythonpath.ps1'
[6.035s] INFO:colcon.colcon_core.shell:Creating environment descriptor '/home/maxx/naviguard_ws/install/naviguard_dashboard/share/naviguard_dashboard/hook/pythonpath.dsv'
[6.035s] INFO:colcon.colcon_core.shell:Creating environment hook '/home/maxx/naviguard_ws/install/naviguard_dashboard/share/naviguard_dashboard/hook/pythonpath.sh'
[6.036s] Level 1:colcon.colcon_core.environment:checking '/home/maxx/naviguard_ws/install/naviguard_dashboard/bin'
[6.036s] Level 1:colcon.colcon_core.environment:create_environment_scripts_only(naviguard_dashboard)
[6.036s] INFO:colcon.colcon_core.shell:Creating package script '/home/maxx/naviguard_ws/install/naviguard_dashboard/share/naviguard_dashboard/package.ps1'
[6.037s] INFO:colcon.colcon_core.shell:Creating package descriptor '/home/maxx/naviguard_ws/install/naviguard_dashboard/share/naviguard_dashboard/package.dsv'
[6.037s] INFO:colcon.colcon_core.shell:Creating package script '/home/maxx/naviguard_ws/install/naviguard_dashboard/share/naviguard_dashboard/package.sh'
[6.037s] INFO:colcon.colcon_core.shell:Creating package script '/home/maxx/naviguard_ws/install/naviguard_dashboard/share/naviguard_dashboard/package.bash'
[6.037s] INFO:colcon.colcon_core.shell:Creating package script '/home/maxx/naviguard_ws/install/naviguard_dashboard/share/naviguard_dashboard/package.zsh'
[6.038s] Level 1:colcon.colcon_core.environment:create_file_with_runtime_dependencies(/home/maxx/naviguard_ws/install/naviguard_dashboard/share/colcon-core/packages/naviguard_dashboard)
[6.038s] Level 1:colcon.colcon_core.shell:create_environment_hook('naviguard_visual_odometry', 'pythonpath_develop')
[6.039s] INFO:colcon.colcon_core.shell:Creating environment hook '/home/maxx/naviguard_ws/build/naviguard_visual_odometry/share/naviguard_visual_odometry/hook/pythonpath_develop.ps1'
[6.040s] INFO:colcon.colcon_core.shell:Creating environment descriptor '/home/maxx/naviguard_ws/build/naviguard_visual_odometry/share/naviguard_visual_odometry/hook/pythonpath_develop.dsv'
[6.041s] DEBUG:colcon.colcon_core.event_handler.log_command:Invoked command in '/home/maxx/naviguard_ws/build/naviguard_visual_odometry' returned '0': PYTHONPATH=/home/maxx/naviguard_ws/build/naviguard_visual_odometry/prefix_override:/home/maxx/.local/lib/python3.12/site-packages/colcon_core/task/python/colcon_distutils_commands:/home/maxx/naviguard_ws/install/naviguard_visual_odometry/lib/python3.12/site-packages:${PYTHONPATH} /usr/bin/python3 -W ignore:setup.py install is deprecated -W ignore:easy_install command is deprecated setup.py develop --editable --build-directory /home/maxx/naviguard_ws/build/naviguard_visual_odometry/build --no-deps symlink_data
[6.042s] INFO:colcon.colcon_core.shell:Creating environment hook '/home/maxx/naviguard_ws/build/naviguard_visual_odometry/share/naviguard_visual_odometry/hook/pythonpath_develop.sh'
[6.043s] Level 1:colcon.colcon_core.environment:checking '/home/maxx/naviguard_ws/install/naviguard_visual_odometry' for CMake module files
[6.044s] Level 1:colcon.colcon_core.environment:checking '/home/maxx/naviguard_ws/install/naviguard_visual_odometry' for CMake config files
[6.044s] Level 1:colcon.colcon_core.environment:checking '/home/maxx/naviguard_ws/install/naviguard_visual_odometry/lib'
[6.045s] Level 1:colcon.colcon_core.environment:checking '/home/maxx/naviguard_ws/install/naviguard_visual_odometry/bin'
[6.045s] Level 1:colcon.colcon_core.environment:checking '/home/maxx/naviguard_ws/install/naviguard_visual_odometry/lib/pkgconfig/naviguard_visual_odometry.pc'
[6.045s] Level 1:colcon.colcon_core.environment:checking '/home/maxx/naviguard_ws/install/naviguard_visual_odometry/lib/python3.12/site-packages'
[6.045s] Level 1:colcon.colcon_core.shell:create_environment_hook('naviguard_visual_odometry', 'pythonpath')
[6.045s] INFO:colcon.colcon_core.shell:Creating environment hook '/home/maxx/naviguard_ws/install/naviguard_visual_odometry/share/naviguard_visual_odometry/hook/pythonpath.ps1'
[6.046s] INFO:colcon.colcon_core.shell:Creating environment descriptor '/home/maxx/naviguard_ws/install/naviguard_visual_odometry/share/naviguard_visual_odometry/hook/pythonpath.dsv'
[6.046s] INFO:colcon.colcon_core.shell:Creating environment hook '/home/maxx/naviguard_ws/install/naviguard_visual_odometry/share/naviguard_visual_odometry/hook/pythonpath.sh'
[6.048s] Level 1:colcon.colcon_core.environment:checking '/home/maxx/naviguard_ws/install/naviguard_visual_odometry/bin'
[6.048s] Level 1:colcon.colcon_core.environment:create_environment_scripts_only(naviguard_visual_odometry)
[6.048s] INFO:colcon.colcon_core.shell:Creating package script '/home/maxx/naviguard_ws/install/naviguard_visual_odometry/share/naviguard_visual_odometry/package.ps1'
[6.049s] INFO:colcon.colcon_core.shell:Creating package descriptor '/home/maxx/naviguard_ws/install/naviguard_visual_odometry/share/naviguard_visual_odometry/package.dsv'
[6.049s] INFO:colcon.colcon_core.shell:Creating package script '/home/maxx/naviguard_ws/install/naviguard_visual_odometry/share/naviguard_visual_odometry/package.sh'
[6.049s] INFO:colcon.colcon_core.shell:Creating package script '/home/maxx/naviguard_ws/install/naviguard_visual_odometry/share/naviguard_visual_odometry/package.bash'
[6.050s] INFO:colcon.colcon_core.shell:Creating package script '/home/maxx/naviguard_ws/install/naviguard_visual_odometry/share/naviguard_visual_odometry/package.zsh'
[6.050s] Level 1:colcon.colcon_core.environment:create_file_with_runtime_dependencies(/home/maxx/naviguard_ws/install/naviguard_visual_odometry/share/colcon-core/packages/naviguard_visual_odometry)
[6.050s] Level 1:colcon.colcon_core.shell:create_environment_hook('naviguard_recovery', 'pythonpath_develop')
[6.050s] INFO:colcon.colcon_core.shell:Creating environment hook '/home/maxx/naviguard_ws/build/naviguard_recovery/share/naviguard_recovery/hook/pythonpath_develop.ps1'
[6.053s] DEBUG:colcon.colcon_core.event_handler.log_command:Invoked command in '/home/maxx/naviguard_ws/build/naviguard_recovery' returned '0': PYTHONPATH=/home/maxx/naviguard_ws/build/naviguard_recovery/prefix_override:/home/maxx/.local/lib/python3.12/site-packages/colcon_core/task/python/colcon_distutils_commands:/home/maxx/naviguard_ws/install/naviguard_recovery/lib/python3.12/site-packages:${PYTHONPATH} /usr/bin/python3 -W ignore:setup.py install is deprecated -W ignore:easy_install command is deprecated setup.py develop --editable --build-directory /home/maxx/naviguard_ws/build/naviguard_recovery/build --no-deps symlink_data
[6.053s] INFO:colcon.colcon_core.shell:Creating environment descriptor '/home/maxx/naviguard_ws/build/naviguard_recovery/share/naviguard_recovery/hook/pythonpath_develop.dsv'
[6.053s] INFO:colcon.colcon_core.shell:Creating environment hook '/home/maxx/naviguard_ws/build/naviguard_recovery/share/naviguard_recovery/hook/pythonpath_develop.sh'
[6.054s] Level 1:colcon.colcon_core.environment:checking '/home/maxx/naviguard_ws/install/naviguard_recovery' for CMake module files
[6.055s] Level 1:colcon.colcon_core.environment:checking '/home/maxx/naviguard_ws/install/naviguard_recovery' for CMake config files
[6.055s] Level 1:colcon.colcon_core.environment:checking '/home/maxx/naviguard_ws/install/naviguard_recovery/lib'
[6.055s] Level 1:colcon.colcon_core.environment:checking '/home/maxx/naviguard_ws/install/naviguard_recovery/bin'
[6.056s] Level 1:colcon.colcon_core.environment:checking '/home/maxx/naviguard_ws/install/naviguard_recovery/lib/pkgconfig/naviguard_recovery.pc'
[6.056s] Level 1:colcon.colcon_core.environment:checking '/home/maxx/naviguard_ws/install/naviguard_recovery/lib/python3.12/site-packages'
[6.056s] Level 1:colcon.colcon_core.shell:create_environment_hook('naviguard_recovery', 'pythonpath')
[6.056s] INFO:colcon.colcon_core.shell:Creating environment hook '/home/maxx/naviguard_ws/install/naviguard_recovery/share/naviguard_recovery/hook/pythonpath.ps1'
[6.057s] INFO:colcon.colcon_core.shell:Creating environment descriptor '/home/maxx/naviguard_ws/install/naviguard_recovery/share/naviguard_recovery/hook/pythonpath.dsv'
[6.057s] INFO:colcon.colcon_core.shell:Creating environment hook '/home/maxx/naviguard_ws/install/naviguard_recovery/share/naviguard_recovery/hook/pythonpath.sh'
[6.058s] Level 1:colcon.colcon_core.environment:checking '/home/maxx/naviguard_ws/install/naviguard_recovery/bin'
[6.058s] Level 1:colcon.colcon_core.environment:create_environment_scripts_only(naviguard_recovery)
[6.058s] INFO:colcon.colcon_core.shell:Creating package script '/home/maxx/naviguard_ws/install/naviguard_recovery/share/naviguard_recovery/package.ps1'
[6.059s] INFO:colcon.colcon_core.shell:Creating package descriptor '/home/maxx/naviguard_ws/install/naviguard_recovery/share/naviguard_recovery/package.dsv'
[6.059s] INFO:colcon.colcon_core.shell:Creating package script '/home/maxx/naviguard_ws/install/naviguard_recovery/share/naviguard_recovery/package.sh'
[6.060s] INFO:colcon.colcon_core.shell:Creating package script '/home/maxx/naviguard_ws/install/naviguard_recovery/share/naviguard_recovery/package.bash'
[6.060s] INFO:colcon.colcon_core.shell:Creating package script '/home/maxx/naviguard_ws/install/naviguard_recovery/share/naviguard_recovery/package.zsh'
[6.060s] Level 1:colcon.colcon_core.environment:create_file_with_runtime_dependencies(/home/maxx/naviguard_ws/install/naviguard_recovery/share/colcon-core/packages/naviguard_recovery)
[6.062s] Level 1:colcon.colcon_core.shell:create_environment_hook('naviguard_navigation', 'pythonpath_develop')
[6.062s] INFO:colcon.colcon_core.shell:Creating environment hook '/home/maxx/naviguard_ws/build/naviguard_navigation/share/naviguard_navigation/hook/pythonpath_develop.ps1'
[6.064s] INFO:colcon.colcon_core.shell:Creating environment descriptor '/home/maxx/naviguard_ws/build/naviguard_navigation/share/naviguard_navigation/hook/pythonpath_develop.dsv'
[6.064s] DEBUG:colcon.colcon_core.event_handler.log_command:Invoked command in '/home/maxx/naviguard_ws/build/naviguard_navigation' returned '0': PYTHONPATH=/home/maxx/naviguard_ws/build/naviguard_navigation/prefix_override:/home/maxx/.local/lib/python3.12/site-packages/colcon_core/task/python/colcon_distutils_commands:/home/maxx/naviguard_ws/install/naviguard_navigation/lib/python3.12/site-packages:${PYTHONPATH} /usr/bin/python3 -W ignore:setup.py install is deprecated -W ignore:easy_install command is deprecated setup.py develop --editable --build-directory /home/maxx/naviguard_ws/build/naviguard_navigation/build --no-deps symlink_data
[6.064s] INFO:colcon.colcon_core.shell:Creating environment hook '/home/maxx/naviguard_ws/build/naviguard_navigation/share/naviguard_navigation/hook/pythonpath_develop.sh'
[6.065s] Level 1:colcon.colcon_core.environment:checking '/home/maxx/naviguard_ws/install/naviguard_navigation' for CMake module files
[6.066s] Level 1:colcon.colcon_core.environment:checking '/home/maxx/naviguard_ws/install/naviguard_navigation' for CMake config files
[6.067s] Level 1:colcon.colcon_core.environment:checking '/home/maxx/naviguard_ws/install/naviguard_navigation/lib'
[6.067s] Level 1:colcon.colcon_core.environment:checking '/home/maxx/naviguard_ws/install/naviguard_navigation/bin'
[6.067s] Level 1:colcon.colcon_core.environment:checking '/home/maxx/naviguard_ws/install/naviguard_navigation/lib/pkgconfig/naviguard_navigation.pc'
[6.067s] Level 1:colcon.colcon_core.environment:checking '/home/maxx/naviguard_ws/install/naviguard_navigation/lib/python3.12/site-packages'
[6.067s] Level 1:colcon.colcon_core.shell:create_environment_hook('naviguard_navigation', 'pythonpath')
[6.067s] INFO:colcon.colcon_core.shell:Creating environment hook '/home/maxx/naviguard_ws/install/naviguard_navigation/share/naviguard_navigation/hook/pythonpath.ps1'
[6.068s] INFO:colcon.colcon_core.shell:Creating environment descriptor '/home/maxx/naviguard_ws/install/naviguard_navigation/share/naviguard_navigation/hook/pythonpath.dsv'
[6.068s] INFO:colcon.colcon_core.shell:Creating environment hook '/home/maxx/naviguard_ws/install/naviguard_navigation/share/naviguard_navigation/hook/pythonpath.sh'
[6.069s] Level 1:colcon.colcon_core.environment:checking '/home/maxx/naviguard_ws/install/naviguard_navigation/bin'
[6.069s] Level 1:colcon.colcon_core.environment:create_environment_scripts_only(naviguard_navigation)
[6.069s] INFO:colcon.colcon_core.shell:Creating package script '/home/maxx/naviguard_ws/install/naviguard_navigation/share/naviguard_navigation/package.ps1'
[6.070s] INFO:colcon.colcon_core.shell:Creating package descriptor '/home/maxx/naviguard_ws/install/naviguard_navigation/share/naviguard_navigation/package.dsv'
[6.071s] INFO:colcon.colcon_core.shell:Creating package script '/home/maxx/naviguard_ws/install/naviguard_navigation/share/naviguard_navigation/package.sh'
[6.072s] INFO:colcon.colcon_core.shell:Creating package script '/home/maxx/naviguard_ws/install/naviguard_navigation/share/naviguard_navigation/package.bash'
[6.073s] INFO:colcon.colcon_core.shell:Creating package script '/home/maxx/naviguard_ws/install/naviguard_navigation/share/naviguard_navigation/package.zsh'
[6.073s] Level 1:colcon.colcon_core.environment:create_file_with_runtime_dependencies(/home/maxx/naviguard_ws/install/naviguard_navigation/share/colcon-core/packages/naviguard_navigation)
[6.077s] Level 1:colcon.colcon_core.shell:create_environment_hook('naviguard_confidence', 'pythonpath_develop')
[6.077s] DEBUG:colcon.colcon_core.event_handler.log_command:Invoked command in '/home/maxx/naviguard_ws/build/naviguard_confidence' returned '0': PYTHONPATH=/home/maxx/naviguard_ws/build/naviguard_confidence/prefix_override:/home/maxx/.local/lib/python3.12/site-packages/colcon_core/task/python/colcon_distutils_commands:/home/maxx/naviguard_ws/install/naviguard_confidence/lib/python3.12/site-packages:${PYTHONPATH} /usr/bin/python3 -W ignore:setup.py install is deprecated -W ignore:easy_install command is deprecated setup.py develop --editable --build-directory /home/maxx/naviguard_ws/build/naviguard_confidence/build --no-deps symlink_data
[6.077s] INFO:colcon.colcon_core.shell:Creating environment hook '/home/maxx/naviguard_ws/build/naviguard_confidence/share/naviguard_confidence/hook/pythonpath_develop.ps1'
[6.078s] INFO:colcon.colcon_core.shell:Creating environment descriptor '/home/maxx/naviguard_ws/build/naviguard_confidence/share/naviguard_confidence/hook/pythonpath_develop.dsv'
[6.078s] INFO:colcon.colcon_core.shell:Creating environment hook '/home/maxx/naviguard_ws/build/naviguard_confidence/share/naviguard_confidence/hook/pythonpath_develop.sh'
[6.078s] Level 1:colcon.colcon_core.environment:checking '/home/maxx/naviguard_ws/install/naviguard_confidence' for CMake module files
[6.079s] Level 1:colcon.colcon_core.environment:checking '/home/maxx/naviguard_ws/install/naviguard_confidence' for CMake config files
[6.079s] Level 1:colcon.colcon_core.environment:checking '/home/maxx/naviguard_ws/install/naviguard_confidence/lib'
[6.079s] Level 1:colcon.colcon_core.environment:checking '/home/maxx/naviguard_ws/install/naviguard_confidence/bin'
[6.079s] Level 1:colcon.colcon_core.environment:checking '/home/maxx/naviguard_ws/install/naviguard_confidence/lib/pkgconfig/naviguard_confidence.pc'
[6.079s] Level 1:colcon.colcon_core.environment:checking '/home/maxx/naviguard_ws/install/naviguard_confidence/lib/python3.12/site-packages'
[6.080s] Level 1:colcon.colcon_core.shell:create_environment_hook('naviguard_confidence', 'pythonpath')
[6.080s] INFO:colcon.colcon_core.shell:Creating environment hook '/home/maxx/naviguard_ws/install/naviguard_confidence/share/naviguard_confidence/hook/pythonpath.ps1'
[6.080s] INFO:colcon.colcon_core.shell:Creating environment descriptor '/home/maxx/naviguard_ws/install/naviguard_confidence/share/naviguard_confidence/hook/pythonpath.dsv'
[6.080s] INFO:colcon.colcon_core.shell:Creating environment hook '/home/maxx/naviguard_ws/install/naviguard_confidence/share/naviguard_confidence/hook/pythonpath.sh'
[6.081s] Level 1:colcon.colcon_core.environment:checking '/home/maxx/naviguard_ws/install/naviguard_confidence/bin'
[6.081s] Level 1:colcon.colcon_core.environment:create_environment_scripts_only(naviguard_confidence)
[6.081s] INFO:colcon.colcon_core.shell:Creating package script '/home/maxx/naviguard_ws/install/naviguard_confidence/share/naviguard_confidence/package.ps1'
[6.082s] INFO:colcon.colcon_core.shell:Creating package descriptor '/home/maxx/naviguard_ws/install/naviguard_confidence/share/naviguard_confidence/package.dsv'
[6.082s] INFO:colcon.colcon_core.shell:Creating package script '/home/maxx/naviguard_ws/install/naviguard_confidence/share/naviguard_confidence/package.sh'
[6.082s] INFO:colcon.colcon_core.shell:Creating package script '/home/maxx/naviguard_ws/install/naviguard_confidence/share/naviguard_confidence/package.bash'
[6.082s] INFO:colcon.colcon_core.shell:Creating package script '/home/maxx/naviguard_ws/install/naviguard_confidence/share/naviguard_confidence/package.zsh'
[6.082s] Level 1:colcon.colcon_core.environment:create_file_with_runtime_dependencies(/home/maxx/naviguard_ws/install/naviguard_confidence/share/colcon-core/packages/naviguard_confidence)
[6.083s] DEBUG:colcon.colcon_parallel_executor.executor.parallel:closing loop
[6.084s] DEBUG:colcon.colcon_parallel_executor.executor.parallel:loop closed
[6.084s] DEBUG:colcon.colcon_parallel_executor.executor.parallel:run_until_complete finished with '0'
[6.084s] DEBUG:colcon.colcon_core.event_reactor:joining thread
[6.137s] INFO:colcon.colcon_core.plugin_system:Skipping extension 'colcon_notification.desktop_notification.notify_send': Could not find 'notify-send'
[6.137s] INFO:colcon.colcon_core.plugin_system:Skipping extension 'colcon_notification.desktop_notification.terminal_notifier': Not used on non-Darwin systems
[6.137s] INFO:colcon.colcon_core.plugin_system:Skipping extension 'colcon_notification.desktop_notification.win32': Not used on non-Windows systems
[6.137s] INFO:colcon.colcon_notification.desktop_notification:Sending desktop notification using 'notify2'
[6.166s] DEBUG:colcon.colcon_notification.desktop_notification.notify2:Failed to initialize notify2: org.freedesktop.DBus.Error.ServiceUnknown: The name org.freedesktop.Notifications was not provided by any .service files
[6.167s] DEBUG:colcon.colcon_core.event_reactor:joined thread
[6.167s] INFO:colcon.colcon_core.shell:Creating prefix script '/home/maxx/naviguard_ws/install/local_setup.ps1'
[6.168s] INFO:colcon.colcon_core.shell:Creating prefix util module '/home/maxx/naviguard_ws/install/_local_setup_util_ps1.py'
[6.169s] INFO:colcon.colcon_core.shell:Creating prefix chain script '/home/maxx/naviguard_ws/install/setup.ps1'
[6.169s] INFO:colcon.colcon_core.shell:Creating prefix script '/home/maxx/naviguard_ws/install/local_setup.sh'
[6.170s] INFO:colcon.colcon_core.shell:Creating prefix util module '/home/maxx/naviguard_ws/install/_local_setup_util_sh.py'
[6.170s] INFO:colcon.colcon_core.shell:Creating prefix chain script '/home/maxx/naviguard_ws/install/setup.sh'
[6.171s] INFO:colcon.colcon_core.shell:Creating prefix script '/home/maxx/naviguard_ws/install/local_setup.bash'
[6.171s] INFO:colcon.colcon_core.shell:Creating prefix chain script '/home/maxx/naviguard_ws/install/setup.bash'
[6.172s] INFO:colcon.colcon_core.shell:Creating prefix script '/home/maxx/naviguard_ws/install/local_setup.zsh'
[6.173s] INFO:colcon.colcon_core.shell:Creating prefix chain script '/home/maxx/naviguard_ws/install/setup.zsh'
