[0.164s] DEBUG:colcon:Command line arguments: ['/home/maxx/.local/bin/colcon', 'build', '--symlink-install']
[0.164s] DEBUG:colcon:Parsed command line arguments: Namespace(log_base=None, log_level=None, verb_name='build', build_base='build', install_base='install', merge_install=False, symlink_install=True, test_result_base=None, continue_on_error=False, executor='parallel', parallel_workers=12, event_handlers=None, ignore_user_meta=False, metas=['./colcon.meta'], base_paths=['.'], packages_ignore=None, packages_ignore_regex=None, paths=None, packages_up_to=None, packages_up_to_regex=None, packages_above=None, packages_above_and_dependencies=None, packages_above_depth=None, packages_select_by_dep=None, packages_skip_by_dep=None, packages_skip_up_to=None, packages_select_build_failed=False, packages_skip_build_finished=False, packages_select_test_failures=False, packages_skip_test_passed=False, packages_select=None, packages_skip=None, packages_select_regex=None, packages_skip_regex=None, packages_start=None, packages_end=None, cmake_args=None, cmake_target=None, cmake_target_skip_unavailable=False, cmake_clean_cache=False, cmake_clean_first=False, cmake_force_configure=False, ament_cmake_args=None, catkin_cmake_args=None, catkin_skip_building_tests=False, verb_parser=<colcon_defaults.argument_parser.defaults.DefaultArgumentsDecorator object at 0x76f27333efc0>, verb_extension=<colcon_core.verb.build.BuildVerb object at 0x76f27333e810>, main=<bound method BuildVerb.main of <colcon_core.verb.build.BuildVerb object at 0x76f27333e810>>)
[0.189s] Level 1:colcon.colcon_core.package_discovery:discover_packages(colcon_meta) check parameters
[0.189s] Level 1:colcon.colcon_core.package_discovery:discover_packages(recursive) check parameters
[0.189s] Level 1:colcon.colcon_core.package_discovery:discover_packages(ignore) check parameters
[0.189s] Level 1:colcon.colcon_core.package_discovery:discover_packages(path) check parameters
[0.189s] Level 1:colcon.colcon_core.package_discovery:discover_packages(colcon_meta) discover
[0.189s] Level 1:colcon.colcon_core.package_discovery:discover_packages(recursive) discover
[0.189s] INFO:colcon.colcon_core.package_discovery:Crawling recursively for packages in '/home/maxx/naviguard_ws'
[0.189s] Level 1:colcon.colcon_core.package_identification:_identify(.) by extensions ['ignore', 'ignore_ament_install']
[0.189s] Level 1:colcon.colcon_core.package_identification:_identify(.) by extension 'ignore'
[0.189s] Level 1:colcon.colcon_core.package_identification:_identify(.) by extension 'ignore_ament_install'
[0.189s] Level 1:colcon.colcon_core.package_identification:_identify(.) by extensions ['colcon_pkg']
[0.189s] Level 1:colcon.colcon_core.package_identification:_identify(.) by extension 'colcon_pkg'
[0.189s] Level 1:colcon.colcon_core.package_identification:_identify(.) by extensions ['colcon_meta']
[0.189s] Level 1:colcon.colcon_core.package_identification:_identify(.) by extension 'colcon_meta'
[0.189s] Level 1:colcon.colcon_core.package_identification:_identify(.) by extensions ['ros']
[0.189s] Level 1:colcon.colcon_core.package_identification:_identify(.) by extension 'ros'
[0.205s] Level 1:colcon.colcon_core.package_identification:_identify(.) by extensions ['cmake', 'python']
[0.205s] Level 1:colcon.colcon_core.package_identification:_identify(.) by extension 'cmake'
[0.205s] Level 1:colcon.colcon_core.package_identification:_identify(.) by extension 'python'
[0.205s] Level 1:colcon.colcon_core.package_identification:_identify(.) by extensions ['python_setup_py']
[0.205s] Level 1:colcon.colcon_core.package_identification:_identify(.) by extension 'python_setup_py'
[0.205s] Level 1:colcon.colcon_core.package_identification:_identify(build) by extensions ['ignore', 'ignore_ament_install']
[0.205s] Level 1:colcon.colcon_core.package_identification:_identify(build) by extension 'ignore'
[0.205s] Level 1:colcon.colcon_core.package_identification:_identify(build) ignored
[0.205s] Level 1:colcon.colcon_core.package_identification:_identify(docs) by extensions ['ignore', 'ignore_ament_install']
[0.205s] Level 1:colcon.colcon_core.package_identification:_identify(docs) by extension 'ignore'
[0.205s] Level 1:colcon.colcon_core.package_identification:_identify(docs) by extension 'ignore_ament_install'
[0.205s] Level 1:colcon.colcon_core.package_identification:_identify(docs) by extensions ['colcon_pkg']
[0.205s] Level 1:colcon.colcon_core.package_identification:_identify(docs) by extension 'colcon_pkg'
[0.206s] Level 1:colcon.colcon_core.package_identification:_identify(docs) by extensions ['colcon_meta']
[0.206s] Level 1:colcon.colcon_core.package_identification:_identify(docs) by extension 'colcon_meta'
[0.206s] Level 1:colcon.colcon_core.package_identification:_identify(docs) by extensions ['ros']
[0.206s] Level 1:colcon.colcon_core.package_identification:_identify(docs) by extension 'ros'
[0.206s] Level 1:colcon.colcon_core.package_identification:_identify(docs) by extensions ['cmake', 'python']
[0.206s] Level 1:colcon.colcon_core.package_identification:_identify(docs) by extension 'cmake'
[0.206s] Level 1:colcon.colcon_core.package_identification:_identify(docs) by extension 'python'
[0.206s] Level 1:colcon.colcon_core.package_identification:_identify(docs) by extensions ['python_setup_py']
[0.206s] Level 1:colcon.colcon_core.package_identification:_identify(docs) by extension 'python_setup_py'
[0.206s] Level 1:colcon.colcon_core.package_identification:_identify(install) by extensions ['ignore', 'ignore_ament_install']
[0.206s] Level 1:colcon.colcon_core.package_identification:_identify(install) by extension 'ignore'
[0.206s] Level 1:colcon.colcon_core.package_identification:_identify(install) ignored
[0.206s] Level 1:colcon.colcon_core.package_identification:_identify(log) by extensions ['ignore', 'ignore_ament_install']
[0.206s] Level 1:colcon.colcon_core.package_identification:_identify(log) by extension 'ignore'
[0.206s] Level 1:colcon.colcon_core.package_identification:_identify(log) ignored
[0.206s] Level 1:colcon.colcon_core.package_identification:_identify(scripts) by extensions ['ignore', 'ignore_ament_install']
[0.206s] Level 1:colcon.colcon_core.package_identification:_identify(scripts) by extension 'ignore'
[0.206s] Level 1:colcon.colcon_core.package_identification:_identify(scripts) by extension 'ignore_ament_install'
[0.206s] Level 1:colcon.colcon_core.package_identification:_identify(scripts) by extensions ['colcon_pkg']
[0.206s] Level 1:colcon.colcon_core.package_identification:_identify(scripts) by extension 'colcon_pkg'
[0.206s] Level 1:colcon.colcon_core.package_identification:_identify(scripts) by extensions ['colcon_meta']
[0.206s] Level 1:colcon.colcon_core.package_identification:_identify(scripts) by extension 'colcon_meta'
[0.206s] Level 1:colcon.colcon_core.package_identification:_identify(scripts) by extensions ['ros']
[0.206s] Level 1:colcon.colcon_core.package_identification:_identify(scripts) by extension 'ros'
[0.206s] Level 1:colcon.colcon_core.package_identification:_identify(scripts) by extensions ['cmake', 'python']
[0.206s] Level 1:colcon.colcon_core.package_identification:_identify(scripts) by extension 'cmake'
[0.206s] Level 1:colcon.colcon_core.package_identification:_identify(scripts) by extension 'python'
[0.206s] Level 1:colcon.colcon_core.package_identification:_identify(scripts) by extensions ['python_setup_py']
[0.206s] Level 1:colcon.colcon_core.package_identification:_identify(scripts) by extension 'python_setup_py'
[0.206s] Level 1:colcon.colcon_core.package_identification:_identify(src) by extensions ['ignore', 'ignore_ament_install']
[0.206s] Level 1:colcon.colcon_core.package_identification:_identify(src) by extension 'ignore'
[0.206s] Level 1:colcon.colcon_core.package_identification:_identify(src) by extension 'ignore_ament_install'
[0.206s] Level 1:colcon.colcon_core.package_identification:_identify(src) by extensions ['colcon_pkg']
[0.206s] Level 1:colcon.colcon_core.package_identification:_identify(src) by extension 'colcon_pkg'
[0.206s] Level 1:colcon.colcon_core.package_identification:_identify(src) by extensions ['colcon_meta']
[0.206s] Level 1:colcon.colcon_core.package_identification:_identify(src) by extension 'colcon_meta'
[0.206s] Level 1:colcon.colcon_core.package_identification:_identify(src) by extensions ['ros']
[0.206s] Level 1:colcon.colcon_core.package_identification:_identify(src) by extension 'ros'
[0.206s] Level 1:colcon.colcon_core.package_identification:_identify(src) by extensions ['cmake', 'python']
[0.206s] Level 1:colcon.colcon_core.package_identification:_identify(src) by extension 'cmake'
[0.206s] Level 1:colcon.colcon_core.package_identification:_identify(src) by extension 'python'
[0.206s] Level 1:colcon.colcon_core.package_identification:_identify(src) by extensions ['python_setup_py']
[0.207s] Level 1:colcon.colcon_core.package_identification:_identify(src) by extension 'python_setup_py'
[0.207s] Level 1:colcon.colcon_core.package_identification:_identify(src/naviguard_confidence) by extensions ['ignore', 'ignore_ament_install']
[0.207s] Level 1:colcon.colcon_core.package_identification:_identify(src/naviguard_confidence) by extension 'ignore'
[0.207s] Level 1:colcon.colcon_core.package_identification:_identify(src/naviguard_confidence) by extension 'ignore_ament_install'
[0.207s] Level 1:colcon.colcon_core.package_identification:_identify(src/naviguard_confidence) by extensions ['colcon_pkg']
[0.207s] Level 1:colcon.colcon_core.package_identification:_identify(src/naviguard_confidence) by extension 'colcon_pkg'
[0.207s] Level 1:colcon.colcon_core.package_identification:_identify(src/naviguard_confidence) by extensions ['colcon_meta']
[0.207s] Level 1:colcon.colcon_core.package_identification:_identify(src/naviguard_confidence) by extension 'colcon_meta'
[0.207s] Level 1:colcon.colcon_core.package_identification:_identify(src/naviguard_confidence) by extensions ['ros']
[0.207s] Level 1:colcon.colcon_core.package_identification:_identify(src/naviguard_confidence) by extension 'ros'
[0.209s] DEBUG:colcon.colcon_core.package_identification:Package 'src/naviguard_confidence' with type 'ros.ament_python' and name 'naviguard_confidence'
[0.209s] Level 1:colcon.colcon_core.package_identification:_identify(src/naviguard_dashboard) by extensions ['ignore', 'ignore_ament_install']
[0.209s] Level 1:colcon.colcon_core.package_identification:_identify(src/naviguard_dashboard) by extension 'ignore'
[0.209s] Level 1:colcon.colcon_core.package_identification:_identify(src/naviguard_dashboard) by extension 'ignore_ament_install'
[0.209s] Level 1:colcon.colcon_core.package_identification:_identify(src/naviguard_dashboard) by extensions ['colcon_pkg']
[0.209s] Level 1:colcon.colcon_core.package_identification:_identify(src/naviguard_dashboard) by extension 'colcon_pkg'
[0.209s] Level 1:colcon.colcon_core.package_identification:_identify(src/naviguard_dashboard) by extensions ['colcon_meta']
[0.209s] Level 1:colcon.colcon_core.package_identification:_identify(src/naviguard_dashboard) by extension 'colcon_meta'
[0.209s] Level 1:colcon.colcon_core.package_identification:_identify(src/naviguard_dashboard) by extensions ['ros']
[0.209s] Level 1:colcon.colcon_core.package_identification:_identify(src/naviguard_dashboard) by extension 'ros'
[0.210s] DEBUG:colcon.colcon_core.package_identification:Package 'src/naviguard_dashboard' with type 'ros.ament_python' and name 'naviguard_dashboard'
[0.210s] Level 1:colcon.colcon_core.package_identification:_identify(src/naviguard_description) by extensions ['ignore', 'ignore_ament_install']
[0.210s] Level 1:colcon.colcon_core.package_identification:_identify(src/naviguard_description) by extension 'ignore'
[0.210s] Level 1:colcon.colcon_core.package_identification:_identify(src/naviguard_description) by extension 'ignore_ament_install'
[0.210s] Level 1:colcon.colcon_core.package_identification:_identify(src/naviguard_description) by extensions ['colcon_pkg']
[0.210s] Level 1:colcon.colcon_core.package_identification:_identify(src/naviguard_description) by extension 'colcon_pkg'
[0.210s] Level 1:colcon.colcon_core.package_identification:_identify(src/naviguard_description) by extensions ['colcon_meta']
[0.210s] Level 1:colcon.colcon_core.package_identification:_identify(src/naviguard_description) by extension 'colcon_meta'
[0.210s] Level 1:colcon.colcon_core.package_identification:_identify(src/naviguard_description) by extensions ['ros']
[0.210s] Level 1:colcon.colcon_core.package_identification:_identify(src/naviguard_description) by extension 'ros'
[0.211s] DEBUG:colcon.colcon_core.package_identification:Package 'src/naviguard_description' with type 'ros.ament_cmake' and name 'naviguard_description'
[0.211s] Level 1:colcon.colcon_core.package_identification:_identify(src/naviguard_navigation) by extensions ['ignore', 'ignore_ament_install']
[0.211s] Level 1:colcon.colcon_core.package_identification:_identify(src/naviguard_navigation) by extension 'ignore'
[0.211s] Level 1:colcon.colcon_core.package_identification:_identify(src/naviguard_navigation) by extension 'ignore_ament_install'
[0.211s] Level 1:colcon.colcon_core.package_identification:_identify(src/naviguard_navigation) by extensions ['colcon_pkg']
[0.211s] Level 1:colcon.colcon_core.package_identification:_identify(src/naviguard_navigation) by extension 'colcon_pkg'
[0.211s] Level 1:colcon.colcon_core.package_identification:_identify(src/naviguard_navigation) by extensions ['colcon_meta']
[0.211s] Level 1:colcon.colcon_core.package_identification:_identify(src/naviguard_navigation) by extension 'colcon_meta'
[0.211s] Level 1:colcon.colcon_core.package_identification:_identify(src/naviguard_navigation) by extensions ['ros']
[0.211s] Level 1:colcon.colcon_core.package_identification:_identify(src/naviguard_navigation) by extension 'ros'
[0.212s] DEBUG:colcon.colcon_core.package_identification:Package 'src/naviguard_navigation' with type 'ros.ament_python' and name 'naviguard_navigation'
[0.212s] Level 1:colcon.colcon_core.package_identification:_identify(src/naviguard_perception) by extensions ['ignore', 'ignore_ament_install']
[0.212s] Level 1:colcon.colcon_core.package_identification:_identify(src/naviguard_perception) by extension 'ignore'
[0.212s] Level 1:colcon.colcon_core.package_identification:_identify(src/naviguard_perception) by extension 'ignore_ament_install'
[0.212s] Level 1:colcon.colcon_core.package_identification:_identify(src/naviguard_perception) by extensions ['colcon_pkg']
[0.212s] Level 1:colcon.colcon_core.package_identification:_identify(src/naviguard_perception) by extension 'colcon_pkg'
[0.212s] Level 1:colcon.colcon_core.package_identification:_identify(src/naviguard_perception) by extensions ['colcon_meta']
[0.212s] Level 1:colcon.colcon_core.package_identification:_identify(src/naviguard_perception) by extension 'colcon_meta'
[0.212s] Level 1:colcon.colcon_core.package_identification:_identify(src/naviguard_perception) by extensions ['ros']
[0.212s] Level 1:colcon.colcon_core.package_identification:_identify(src/naviguard_perception) by extension 'ros'
[0.215s] DEBUG:colcon.colcon_core.package_identification:Package 'src/naviguard_perception' with type 'ros.ament_python' and name 'naviguard_perception'
[0.216s] Level 1:colcon.colcon_core.package_identification:_identify(src/naviguard_recovery) by extensions ['ignore', 'ignore_ament_install']
[0.216s] Level 1:colcon.colcon_core.package_identification:_identify(src/naviguard_recovery) by extension 'ignore'
[0.216s] Level 1:colcon.colcon_core.package_identification:_identify(src/naviguard_recovery) by extension 'ignore_ament_install'
[0.216s] Level 1:colcon.colcon_core.package_identification:_identify(src/naviguard_recovery) by extensions ['colcon_pkg']
[0.216s] Level 1:colcon.colcon_core.package_identification:_identify(src/naviguard_recovery) by extension 'colcon_pkg'
[0.216s] Level 1:colcon.colcon_core.package_identification:_identify(src/naviguard_recovery) by extensions ['colcon_meta']
[0.216s] Level 1:colcon.colcon_core.package_identification:_identify(src/naviguard_recovery) by extension 'colcon_meta'
[0.216s] Level 1:colcon.colcon_core.package_identification:_identify(src/naviguard_recovery) by extensions ['ros']
[0.216s] Level 1:colcon.colcon_core.package_identification:_identify(src/naviguard_recovery) by extension 'ros'
[0.218s] DEBUG:colcon.colcon_core.package_identification:Package 'src/naviguard_recovery' with type 'ros.ament_python' and name 'naviguard_recovery'
[0.218s] Level 1:colcon.colcon_core.package_identification:_identify(src/naviguard_rellis) by extensions ['ignore', 'ignore_ament_install']
[0.218s] Level 1:colcon.colcon_core.package_identification:_identify(src/naviguard_rellis) by extension 'ignore'
[0.218s] Level 1:colcon.colcon_core.package_identification:_identify(src/naviguard_rellis) by extension 'ignore_ament_install'
[0.218s] Level 1:colcon.colcon_core.package_identification:_identify(src/naviguard_rellis) by extensions ['colcon_pkg']
[0.218s] Level 1:colcon.colcon_core.package_identification:_identify(src/naviguard_rellis) by extension 'colcon_pkg'
[0.218s] Level 1:colcon.colcon_core.package_identification:_identify(src/naviguard_rellis) by extensions ['colcon_meta']
[0.218s] Level 1:colcon.colcon_core.package_identification:_identify(src/naviguard_rellis) by extension 'colcon_meta'
[0.218s] Level 1:colcon.colcon_core.package_identification:_identify(src/naviguard_rellis) by extensions ['ros']
[0.218s] Level 1:colcon.colcon_core.package_identification:_identify(src/naviguard_rellis) by extension 'ros'
[0.219s] DEBUG:colcon.colcon_core.package_identification:Package 'src/naviguard_rellis' with type 'ros.ament_python' and name 'naviguard_rellis'
[0.219s] Level 1:colcon.colcon_core.package_identification:_identify(src/naviguard_sensor_sync) by extensions ['ignore', 'ignore_ament_install']
[0.219s] Level 1:colcon.colcon_core.package_identification:_identify(src/naviguard_sensor_sync) by extension 'ignore'
[0.219s] Level 1:colcon.colcon_core.package_identification:_identify(src/naviguard_sensor_sync) by extension 'ignore_ament_install'
[0.219s] Level 1:colcon.colcon_core.package_identification:_identify(src/naviguard_sensor_sync) by extensions ['colcon_pkg']
[0.219s] Level 1:colcon.colcon_core.package_identification:_identify(src/naviguard_sensor_sync) by extension 'colcon_pkg'
[0.219s] Level 1:colcon.colcon_core.package_identification:_identify(src/naviguard_sensor_sync) by extensions ['colcon_meta']
[0.219s] Level 1:colcon.colcon_core.package_identification:_identify(src/naviguard_sensor_sync) by extension 'colcon_meta'
[0.219s] Level 1:colcon.colcon_core.package_identification:_identify(src/naviguard_sensor_sync) by extensions ['ros']
[0.219s] Level 1:colcon.colcon_core.package_identification:_identify(src/naviguard_sensor_sync) by extension 'ros'
[0.220s] DEBUG:colcon.colcon_core.package_identification:Package 'src/naviguard_sensor_sync' with type 'ros.ament_python' and name 'naviguard_sensor_sync'
[0.220s] Level 1:colcon.colcon_core.package_identification:_identify(src/naviguard_slam) by extensions ['ignore', 'ignore_ament_install']
[0.220s] Level 1:colcon.colcon_core.package_identification:_identify(src/naviguard_slam) by extension 'ignore'
[0.220s] Level 1:colcon.colcon_core.package_identification:_identify(src/naviguard_slam) by extension 'ignore_ament_install'
[0.220s] Level 1:colcon.colcon_core.package_identification:_identify(src/naviguard_slam) by extensions ['colcon_pkg']
[0.220s] Level 1:colcon.colcon_core.package_identification:_identify(src/naviguard_slam) by extension 'colcon_pkg'
[0.220s] Level 1:colcon.colcon_core.package_identification:_identify(src/naviguard_slam) by extensions ['colcon_meta']
[0.220s] Level 1:colcon.colcon_core.package_identification:_identify(src/naviguard_slam) by extension 'colcon_meta'
[0.220s] Level 1:colcon.colcon_core.package_identification:_identify(src/naviguard_slam) by extensions ['ros']
[0.220s] Level 1:colcon.colcon_core.package_identification:_identify(src/naviguard_slam) by extension 'ros'
[0.221s] DEBUG:colcon.colcon_core.package_identification:Package 'src/naviguard_slam' with type 'ros.ament_python' and name 'naviguard_slam'
[0.221s] Level 1:colcon.colcon_core.package_identification:_identify(src/naviguard_state_estimation) by extensions ['ignore', 'ignore_ament_install']
[0.221s] Level 1:colcon.colcon_core.package_identification:_identify(src/naviguard_state_estimation) by extension 'ignore'
[0.221s] Level 1:colcon.colcon_core.package_identification:_identify(src/naviguard_state_estimation) by extension 'ignore_ament_install'
[0.221s] Level 1:colcon.colcon_core.package_identification:_identify(src/naviguard_state_estimation) by extensions ['colcon_pkg']
[0.221s] Level 1:colcon.colcon_core.package_identification:_identify(src/naviguard_state_estimation) by extension 'colcon_pkg'
[0.221s] Level 1:colcon.colcon_core.package_identification:_identify(src/naviguard_state_estimation) by extensions ['colcon_meta']
[0.221s] Level 1:colcon.colcon_core.package_identification:_identify(src/naviguard_state_estimation) by extension 'colcon_meta'
[0.221s] Level 1:colcon.colcon_core.package_identification:_identify(src/naviguard_state_estimation) by extensions ['ros']
[0.221s] Level 1:colcon.colcon_core.package_identification:_identify(src/naviguard_state_estimation) by extension 'ros'
[0.221s] DEBUG:colcon.colcon_core.package_identification:Package 'src/naviguard_state_estimation' with type 'ros.ament_python' and name 'naviguard_state_estimation'
[0.221s] Level 1:colcon.colcon_core.package_identification:_identify(src/naviguard_visual_odometry) by extensions ['ignore', 'ignore_ament_install']
[0.221s] Level 1:colcon.colcon_core.package_identification:_identify(src/naviguard_visual_odometry) by extension 'ignore'
[0.221s] Level 1:colcon.colcon_core.package_identification:_identify(src/naviguard_visual_odometry) by extension 'ignore_ament_install'
[0.221s] Level 1:colcon.colcon_core.package_identification:_identify(src/naviguard_visual_odometry) by extensions ['colcon_pkg']
[0.222s] Level 1:colcon.colcon_core.package_identification:_identify(src/naviguard_visual_odometry) by extension 'colcon_pkg'
[0.222s] Level 1:colcon.colcon_core.package_identification:_identify(src/naviguard_visual_odometry) by extensions ['colcon_meta']
[0.222s] Level 1:colcon.colcon_core.package_identification:_identify(src/naviguard_visual_odometry) by extension 'colcon_meta'
[0.222s] Level 1:colcon.colcon_core.package_identification:_identify(src/naviguard_visual_odometry) by extensions ['ros']
[0.222s] Level 1:colcon.colcon_core.package_identification:_identify(src/naviguard_visual_odometry) by extension 'ros'
[0.222s] DEBUG:colcon.colcon_core.package_identification:Package 'src/naviguard_visual_odometry' with type 'ros.ament_python' and name 'naviguard_visual_odometry'
[0.222s] Level 1:colcon.colcon_core.package_discovery:discover_packages(recursive) using defaults
[0.222s] Level 1:colcon.colcon_core.package_discovery:discover_packages(ignore) discover
[0.222s] Level 1:colcon.colcon_core.package_discovery:discover_packages(ignore) using defaults
[0.222s] Level 1:colcon.colcon_core.package_discovery:discover_packages(path) discover
[0.222s] Level 1:colcon.colcon_core.package_discovery:discover_packages(path) using defaults
[0.240s] Level 5:colcon.colcon_core.verb:set package 'naviguard_confidence' build argument 'cmake_args' from command line to 'None'
[0.240s] Level 5:colcon.colcon_core.verb:set package 'naviguard_confidence' build argument 'cmake_target' from command line to 'None'
[0.240s] Level 5:colcon.colcon_core.verb:set package 'naviguard_confidence' build argument 'cmake_target_skip_unavailable' from command line to 'False'
[0.240s] Level 5:colcon.colcon_core.verb:set package 'naviguard_confidence' build argument 'cmake_clean_cache' from command line to 'False'
[0.240s] Level 5:colcon.colcon_core.verb:set package 'naviguard_confidence' build argument 'cmake_clean_first' from command line to 'False'
[0.240s] Level 5:colcon.colcon_core.verb:set package 'naviguard_confidence' build argument 'cmake_force_configure' from command line to 'False'
[0.240s] Level 5:colcon.colcon_core.verb:set package 'naviguard_confidence' build argument 'ament_cmake_args' from command line to 'None'
[0.240s] Level 5:colcon.colcon_core.verb:set package 'naviguard_confidence' build argument 'catkin_cmake_args' from command line to 'None'
[0.240s] Level 5:colcon.colcon_core.verb:set package 'naviguard_confidence' build argument 'catkin_skip_building_tests' from command line to 'False'
[0.240s] DEBUG:colcon.colcon_core.verb:Building package 'naviguard_confidence' with the following arguments: {'ament_cmake_args': None, 'build_base': '/home/maxx/naviguard_ws/build/naviguard_confidence', 'catkin_cmake_args': None, 'catkin_skip_building_tests': False, 'cmake_args': None, 'cmake_clean_cache': False, 'cmake_clean_first': False, 'cmake_force_configure': False, 'cmake_target': None, 'cmake_target_skip_unavailable': False, 'install_base': '/home/maxx/naviguard_ws/install/naviguard_confidence', 'merge_install': False, 'path': '/home/maxx/naviguard_ws/src/naviguard_confidence', 'symlink_install': True, 'test_result_base': None}
[0.240s] Level 5:colcon.colcon_core.verb:set package 'naviguard_dashboard' build argument 'cmake_args' from command line to 'None'
[0.240s] Level 5:colcon.colcon_core.verb:set package 'naviguard_dashboard' build argument 'cmake_target' from command line to 'None'
[0.240s] Level 5:colcon.colcon_core.verb:set package 'naviguard_dashboard' build argument 'cmake_target_skip_unavailable' from command line to 'False'
[0.240s] Level 5:colcon.colcon_core.verb:set package 'naviguard_dashboard' build argument 'cmake_clean_cache' from command line to 'False'
[0.240s] Level 5:colcon.colcon_core.verb:set package 'naviguard_dashboard' build argument 'cmake_clean_first' from command line to 'False'
[0.240s] Level 5:colcon.colcon_core.verb:set package 'naviguard_dashboard' build argument 'cmake_force_configure' from command line to 'False'
[0.241s] Level 5:colcon.colcon_core.verb:set package 'naviguard_dashboard' build argument 'ament_cmake_args' from command line to 'None'
[0.241s] Level 5:colcon.colcon_core.verb:set package 'naviguard_dashboard' build argument 'catkin_cmake_args' from command line to 'None'
[0.241s] Level 5:colcon.colcon_core.verb:set package 'naviguard_dashboard' build argument 'catkin_skip_building_tests' from command line to 'False'
[0.241s] DEBUG:colcon.colcon_core.verb:Building package 'naviguard_dashboard' with the following arguments: {'ament_cmake_args': None, 'build_base': '/home/maxx/naviguard_ws/build/naviguard_dashboard', 'catkin_cmake_args': None, 'catkin_skip_building_tests': False, 'cmake_args': None, 'cmake_clean_cache': False, 'cmake_clean_first': False, 'cmake_force_configure': False, 'cmake_target': None, 'cmake_target_skip_unavailable': False, 'install_base': '/home/maxx/naviguard_ws/install/naviguard_dashboard', 'merge_install': False, 'path': '/home/maxx/naviguard_ws/src/naviguard_dashboard', 'symlink_install': True, 'test_result_base': None}
[0.241s] Level 5:colcon.colcon_core.verb:set package 'naviguard_description' build argument 'cmake_args' from command line to 'None'
[0.241s] Level 5:colcon.colcon_core.verb:set package 'naviguard_description' build argument 'cmake_target' from command line to 'None'
[0.241s] Level 5:colcon.colcon_core.verb:set package 'naviguard_description' build argument 'cmake_target_skip_unavailable' from command line to 'False'
[0.241s] Level 5:colcon.colcon_core.verb:set package 'naviguard_description' build argument 'cmake_clean_cache' from command line to 'False'
[0.241s] Level 5:colcon.colcon_core.verb:set package 'naviguard_description' build argument 'cmake_clean_first' from command line to 'False'
[0.241s] Level 5:colcon.colcon_core.verb:set package 'naviguard_description' build argument 'cmake_force_configure' from command line to 'False'
[0.241s] Level 5:colcon.colcon_core.verb:set package 'naviguard_description' build argument 'ament_cmake_args' from command line to 'None'
[0.241s] Level 5:colcon.colcon_core.verb:set package 'naviguard_description' build argument 'catkin_cmake_args' from command line to 'None'
[0.241s] Level 5:colcon.colcon_core.verb:set package 'naviguard_description' build argument 'catkin_skip_building_tests' from command line to 'False'
[0.241s] DEBUG:colcon.colcon_core.verb:Building package 'naviguard_description' with the following arguments: {'ament_cmake_args': None, 'build_base': '/home/maxx/naviguard_ws/build/naviguard_description', 'catkin_cmake_args': None, 'catkin_skip_building_tests': False, 'cmake_args': None, 'cmake_clean_cache': False, 'cmake_clean_first': False, 'cmake_force_configure': False, 'cmake_target': None, 'cmake_target_skip_unavailable': False, 'install_base': '/home/maxx/naviguard_ws/install/naviguard_description', 'merge_install': False, 'path': '/home/maxx/naviguard_ws/src/naviguard_description', 'symlink_install': True, 'test_result_base': None}
[0.241s] Level 5:colcon.colcon_core.verb:set package 'naviguard_navigation' build argument 'cmake_args' from command line to 'None'
[0.241s] Level 5:colcon.colcon_core.verb:set package 'naviguard_navigation' build argument 'cmake_target' from command line to 'None'
[0.241s] Level 5:colcon.colcon_core.verb:set package 'naviguard_navigation' build argument 'cmake_target_skip_unavailable' from command line to 'False'
[0.241s] Level 5:colcon.colcon_core.verb:set package 'naviguard_navigation' build argument 'cmake_clean_cache' from command line to 'False'
[0.241s] Level 5:colcon.colcon_core.verb:set package 'naviguard_navigation' build argument 'cmake_clean_first' from command line to 'False'
[0.241s] Level 5:colcon.colcon_core.verb:set package 'naviguard_navigation' build argument 'cmake_force_configure' from command line to 'False'
[0.241s] Level 5:colcon.colcon_core.verb:set package 'naviguard_navigation' build argument 'ament_cmake_args' from command line to 'None'
[0.241s] Level 5:colcon.colcon_core.verb:set package 'naviguard_navigation' build argument 'catkin_cmake_args' from command line to 'None'
[0.241s] Level 5:colcon.colcon_core.verb:set package 'naviguard_navigation' build argument 'catkin_skip_building_tests' from command line to 'False'
[0.241s] DEBUG:colcon.colcon_core.verb:Building package 'naviguard_navigation' with the following arguments: {'ament_cmake_args': None, 'build_base': '/home/maxx/naviguard_ws/build/naviguard_navigation', 'catkin_cmake_args': None, 'catkin_skip_building_tests': False, 'cmake_args': None, 'cmake_clean_cache': False, 'cmake_clean_first': False, 'cmake_force_configure': False, 'cmake_target': None, 'cmake_target_skip_unavailable': False, 'install_base': '/home/maxx/naviguard_ws/install/naviguard_navigation', 'merge_install': False, 'path': '/home/maxx/naviguard_ws/src/naviguard_navigation', 'symlink_install': True, 'test_result_base': None}
[0.241s] Level 5:colcon.colcon_core.verb:set package 'naviguard_perception' build argument 'cmake_args' from command line to 'None'
[0.241s] Level 5:colcon.colcon_core.verb:set package 'naviguard_perception' build argument 'cmake_target' from command line to 'None'
[0.241s] Level 5:colcon.colcon_core.verb:set package 'naviguard_perception' build argument 'cmake_target_skip_unavailable' from command line to 'False'
[0.241s] Level 5:colcon.colcon_core.verb:set package 'naviguard_perception' build argument 'cmake_clean_cache' from command line to 'False'
[0.241s] Level 5:colcon.colcon_core.verb:set package 'naviguard_perception' build argument 'cmake_clean_first' from command line to 'False'
[0.241s] Level 5:colcon.colcon_core.verb:set package 'naviguard_perception' build argument 'cmake_force_configure' from command line to 'False'
[0.241s] Level 5:colcon.colcon_core.verb:set package 'naviguard_perception' build argument 'ament_cmake_args' from command line to 'None'
[0.241s] Level 5:colcon.colcon_core.verb:set package 'naviguard_perception' build argument 'catkin_cmake_args' from command line to 'None'
[0.241s] Level 5:colcon.colcon_core.verb:set package 'naviguard_perception' build argument 'catkin_skip_building_tests' from command line to 'False'
[0.241s] DEBUG:colcon.colcon_core.verb:Building package 'naviguard_perception' with the following arguments: {'ament_cmake_args': None, 'build_base': '/home/maxx/naviguard_ws/build/naviguard_perception', 'catkin_cmake_args': None, 'catkin_skip_building_tests': False, 'cmake_args': None, 'cmake_clean_cache': False, 'cmake_clean_first': False, 'cmake_force_configure': False, 'cmake_target': None, 'cmake_target_skip_unavailable': False, 'install_base': '/home/maxx/naviguard_ws/install/naviguard_perception', 'merge_install': False, 'path': '/home/maxx/naviguard_ws/src/naviguard_perception', 'symlink_install': True, 'test_result_base': None}
[0.241s] Level 5:colcon.colcon_core.verb:set package 'naviguard_recovery' build argument 'cmake_args' from command line to 'None'
[0.241s] Level 5:colcon.colcon_core.verb:set package 'naviguard_recovery' build argument 'cmake_target' from command line to 'None'
[0.241s] Level 5:colcon.colcon_core.verb:set package 'naviguard_recovery' build argument 'cmake_target_skip_unavailable' from command line to 'False'
[0.241s] Level 5:colcon.colcon_core.verb:set package 'naviguard_recovery' build argument 'cmake_clean_cache' from command line to 'False'
[0.241s] Level 5:colcon.colcon_core.verb:set package 'naviguard_recovery' build argument 'cmake_clean_first' from command line to 'False'
[0.241s] Level 5:colcon.colcon_core.verb:set package 'naviguard_recovery' build argument 'cmake_force_configure' from command line to 'False'
[0.241s] Level 5:colcon.colcon_core.verb:set package 'naviguard_recovery' build argument 'ament_cmake_args' from command line to 'None'
[0.241s] Level 5:colcon.colcon_core.verb:set package 'naviguard_recovery' build argument 'catkin_cmake_args' from command line to 'None'
[0.241s] Level 5:colcon.colcon_core.verb:set package 'naviguard_recovery' build argument 'catkin_skip_building_tests' from command line to 'False'
[0.241s] DEBUG:colcon.colcon_core.verb:Building package 'naviguard_recovery' with the following arguments: {'ament_cmake_args': None, 'build_base': '/home/maxx/naviguard_ws/build/naviguard_recovery', 'catkin_cmake_args': None, 'catkin_skip_building_tests': False, 'cmake_args': None, 'cmake_clean_cache': False, 'cmake_clean_first': False, 'cmake_force_configure': False, 'cmake_target': None, 'cmake_target_skip_unavailable': False, 'install_base': '/home/maxx/naviguard_ws/install/naviguard_recovery', 'merge_install': False, 'path': '/home/maxx/naviguard_ws/src/naviguard_recovery', 'symlink_install': True, 'test_result_base': None}
[0.241s] Level 5:colcon.colcon_core.verb:set package 'naviguard_rellis' build argument 'cmake_args' from command line to 'None'
[0.242s] Level 5:colcon.colcon_core.verb:set package 'naviguard_rellis' build argument 'cmake_target' from command line to 'None'
[0.242s] Level 5:colcon.colcon_core.verb:set package 'naviguard_rellis' build argument 'cmake_target_skip_unavailable' from command line to 'False'
[0.242s] Level 5:colcon.colcon_core.verb:set package 'naviguard_rellis' build argument 'cmake_clean_cache' from command line to 'False'
[0.242s] Level 5:colcon.colcon_core.verb:set package 'naviguard_rellis' build argument 'cmake_clean_first' from command line to 'False'
[0.242s] Level 5:colcon.colcon_core.verb:set package 'naviguard_rellis' build argument 'cmake_force_configure' from command line to 'False'
[0.242s] Level 5:colcon.colcon_core.verb:set package 'naviguard_rellis' build argument 'ament_cmake_args' from command line to 'None'
[0.242s] Level 5:colcon.colcon_core.verb:set package 'naviguard_rellis' build argument 'catkin_cmake_args' from command line to 'None'
[0.242s] Level 5:colcon.colcon_core.verb:set package 'naviguard_rellis' build argument 'catkin_skip_building_tests' from command line to 'False'
[0.242s] DEBUG:colcon.colcon_core.verb:Building package 'naviguard_rellis' with the following arguments: {'ament_cmake_args': None, 'build_base': '/home/maxx/naviguard_ws/build/naviguard_rellis', 'catkin_cmake_args': None, 'catkin_skip_building_tests': False, 'cmake_args': None, 'cmake_clean_cache': False, 'cmake_clean_first': False, 'cmake_force_configure': False, 'cmake_target': None, 'cmake_target_skip_unavailable': False, 'install_base': '/home/maxx/naviguard_ws/install/naviguard_rellis', 'merge_install': False, 'path': '/home/maxx/naviguard_ws/src/naviguard_rellis', 'symlink_install': True, 'test_result_base': None}
[0.242s] Level 5:colcon.colcon_core.verb:set package 'naviguard_sensor_sync' build argument 'cmake_args' from command line to 'None'
[0.242s] Level 5:colcon.colcon_core.verb:set package 'naviguard_sensor_sync' build argument 'cmake_target' from command line to 'None'
[0.242s] Level 5:colcon.colcon_core.verb:set package 'naviguard_sensor_sync' build argument 'cmake_target_skip_unavailable' from command line to 'False'
[0.242s] Level 5:colcon.colcon_core.verb:set package 'naviguard_sensor_sync' build argument 'cmake_clean_cache' from command line to 'False'
[0.242s] Level 5:colcon.colcon_core.verb:set package 'naviguard_sensor_sync' build argument 'cmake_clean_first' from command line to 'False'
[0.242s] Level 5:colcon.colcon_core.verb:set package 'naviguard_sensor_sync' build argument 'cmake_force_configure' from command line to 'False'
[0.242s] Level 5:colcon.colcon_core.verb:set package 'naviguard_sensor_sync' build argument 'ament_cmake_args' from command line to 'None'
[0.242s] Level 5:colcon.colcon_core.verb:set package 'naviguard_sensor_sync' build argument 'catkin_cmake_args' from command line to 'None'
[0.242s] Level 5:colcon.colcon_core.verb:set package 'naviguard_sensor_sync' build argument 'catkin_skip_building_tests' from command line to 'False'
[0.242s] DEBUG:colcon.colcon_core.verb:Building package 'naviguard_sensor_sync' with the following arguments: {'ament_cmake_args': None, 'build_base': '/home/maxx/naviguard_ws/build/naviguard_sensor_sync', 'catkin_cmake_args': None, 'catkin_skip_building_tests': False, 'cmake_args': None, 'cmake_clean_cache': False, 'cmake_clean_first': False, 'cmake_force_configure': False, 'cmake_target': None, 'cmake_target_skip_unavailable': False, 'install_base': '/home/maxx/naviguard_ws/install/naviguard_sensor_sync', 'merge_install': False, 'path': '/home/maxx/naviguard_ws/src/naviguard_sensor_sync', 'symlink_install': True, 'test_result_base': None}
[0.242s] Level 5:colcon.colcon_core.verb:set package 'naviguard_slam' build argument 'cmake_args' from command line to 'None'
[0.242s] Level 5:colcon.colcon_core.verb:set package 'naviguard_slam' build argument 'cmake_target' from command line to 'None'
[0.242s] Level 5:colcon.colcon_core.verb:set package 'naviguard_slam' build argument 'cmake_target_skip_unavailable' from command line to 'False'
[0.242s] Level 5:colcon.colcon_core.verb:set package 'naviguard_slam' build argument 'cmake_clean_cache' from command line to 'False'
[0.242s] Level 5:colcon.colcon_core.verb:set package 'naviguard_slam' build argument 'cmake_clean_first' from command line to 'False'
[0.242s] Level 5:colcon.colcon_core.verb:set package 'naviguard_slam' build argument 'cmake_force_configure' from command line to 'False'
[0.242s] Level 5:colcon.colcon_core.verb:set package 'naviguard_slam' build argument 'ament_cmake_args' from command line to 'None'
[0.242s] Level 5:colcon.colcon_core.verb:set package 'naviguard_slam' build argument 'catkin_cmake_args' from command line to 'None'
[0.242s] Level 5:colcon.colcon_core.verb:set package 'naviguard_slam' build argument 'catkin_skip_building_tests' from command line to 'False'
[0.242s] DEBUG:colcon.colcon_core.verb:Building package 'naviguard_slam' with the following arguments: {'ament_cmake_args': None, 'build_base': '/home/maxx/naviguard_ws/build/naviguard_slam', 'catkin_cmake_args': None, 'catkin_skip_building_tests': False, 'cmake_args': None, 'cmake_clean_cache': False, 'cmake_clean_first': False, 'cmake_force_configure': False, 'cmake_target': None, 'cmake_target_skip_unavailable': False, 'install_base': '/home/maxx/naviguard_ws/install/naviguard_slam', 'merge_install': False, 'path': '/home/maxx/naviguard_ws/src/naviguard_slam', 'symlink_install': True, 'test_result_base': None}
[0.242s] Level 5:colcon.colcon_core.verb:set package 'naviguard_state_estimation' build argument 'cmake_args' from command line to 'None'
[0.242s] Level 5:colcon.colcon_core.verb:set package 'naviguard_state_estimation' build argument 'cmake_target' from command line to 'None'
[0.242s] Level 5:colcon.colcon_core.verb:set package 'naviguard_state_estimation' build argument 'cmake_target_skip_unavailable' from command line to 'False'
[0.242s] Level 5:colcon.colcon_core.verb:set package 'naviguard_state_estimation' build argument 'cmake_clean_cache' from command line to 'False'
[0.242s] Level 5:colcon.colcon_core.verb:set package 'naviguard_state_estimation' build argument 'cmake_clean_first' from command line to 'False'
[0.242s] Level 5:colcon.colcon_core.verb:set package 'naviguard_state_estimation' build argument 'cmake_force_configure' from command line to 'False'
[0.242s] Level 5:colcon.colcon_core.verb:set package 'naviguard_state_estimation' build argument 'ament_cmake_args' from command line to 'None'
[0.242s] Level 5:colcon.colcon_core.verb:set package 'naviguard_state_estimation' build argument 'catkin_cmake_args' from command line to 'None'
[0.242s] Level 5:colcon.colcon_core.verb:set package 'naviguard_state_estimation' build argument 'catkin_skip_building_tests' from command line to 'False'
[0.242s] DEBUG:colcon.colcon_core.verb:Building package 'naviguard_state_estimation' with the following arguments: {'ament_cmake_args': None, 'build_base': '/home/maxx/naviguard_ws/build/naviguard_state_estimation', 'catkin_cmake_args': None, 'catkin_skip_building_tests': False, 'cmake_args': None, 'cmake_clean_cache': False, 'cmake_clean_first': False, 'cmake_force_configure': False, 'cmake_target': None, 'cmake_target_skip_unavailable': False, 'install_base': '/home/maxx/naviguard_ws/install/naviguard_state_estimation', 'merge_install': False, 'path': '/home/maxx/naviguard_ws/src/naviguard_state_estimation', 'symlink_install': True, 'test_result_base': None}
[0.242s] Level 5:colcon.colcon_core.verb:set package 'naviguard_visual_odometry' build argument 'cmake_args' from command line to 'None'
[0.242s] Level 5:colcon.colcon_core.verb:set package 'naviguard_visual_odometry' build argument 'cmake_target' from command line to 'None'
[0.242s] Level 5:colcon.colcon_core.verb:set package 'naviguard_visual_odometry' build argument 'cmake_target_skip_unavailable' from command line to 'False'
[0.242s] Level 5:colcon.colcon_core.verb:set package 'naviguard_visual_odometry' build argument 'cmake_clean_cache' from command line to 'False'
[0.242s] Level 5:colcon.colcon_core.verb:set package 'naviguard_visual_odometry' build argument 'cmake_clean_first' from command line to 'False'
[0.242s] Level 5:colcon.colcon_core.verb:set package 'naviguard_visual_odometry' build argument 'cmake_force_configure' from command line to 'False'
[0.242s] Level 5:colcon.colcon_core.verb:set package 'naviguard_visual_odometry' build argument 'ament_cmake_args' from command line to 'None'
[0.242s] Level 5:colcon.colcon_core.verb:set package 'naviguard_visual_odometry' build argument 'catkin_cmake_args' from command line to 'None'
[0.242s] Level 5:colcon.colcon_core.verb:set package 'naviguard_visual_odometry' build argument 'catkin_skip_building_tests' from command line to 'False'
[0.242s] DEBUG:colcon.colcon_core.verb:Building package 'naviguard_visual_odometry' with the following arguments: {'ament_cmake_args': None, 'build_base': '/home/maxx/naviguard_ws/build/naviguard_visual_odometry', 'catkin_cmake_args': None, 'catkin_skip_building_tests': False, 'cmake_args': None, 'cmake_clean_cache': False, 'cmake_clean_first': False, 'cmake_force_configure': False, 'cmake_target': None, 'cmake_target_skip_unavailable': False, 'install_base': '/home/maxx/naviguard_ws/install/naviguard_visual_odometry', 'merge_install': False, 'path': '/home/maxx/naviguard_ws/src/naviguard_visual_odometry', 'symlink_install': True, 'test_result_base': None}
[0.242s] INFO:colcon.colcon_core.executor:Executing jobs using 'parallel' executor
[0.243s] DEBUG:colcon.colcon_parallel_executor.executor.parallel:run_until_complete
[0.243s] INFO:colcon.colcon_ros.task.ament_python.build:Building ROS package in '/home/maxx/naviguard_ws/src/naviguard_confidence' with build type 'ament_python'
[0.243s] Level 1:colcon.colcon_core.shell:create_environment_hook('naviguard_confidence', 'ament_prefix_path')
[0.245s] INFO:colcon.colcon_core.plugin_system:Skipping extension 'colcon_core.shell.bat': Not used on non-Windows systems
[0.245s] INFO:colcon.colcon_core.shell:Creating environment hook '/home/maxx/naviguard_ws/install/naviguard_confidence/share/naviguard_confidence/hook/ament_prefix_path.ps1'
[0.246s] INFO:colcon.colcon_core.shell:Creating environment descriptor '/home/maxx/naviguard_ws/install/naviguard_confidence/share/naviguard_confidence/hook/ament_prefix_path.dsv'
[0.246s] INFO:colcon.colcon_core.shell:Creating environment hook '/home/maxx/naviguard_ws/install/naviguard_confidence/share/naviguard_confidence/hook/ament_prefix_path.sh'
[0.246s] INFO:colcon.colcon_core.shell:Skip shell extension 'powershell' for command environment: Not usable outside of PowerShell
[0.246s] DEBUG:colcon.colcon_core.shell:Skip shell extension 'dsv' for command environment
[0.250s] INFO:colcon.colcon_ros.task.ament_python.build:Building ROS package in '/home/maxx/naviguard_ws/src/naviguard_dashboard' with build type 'ament_python'
[0.251s] Level 1:colcon.colcon_core.shell:create_environment_hook('naviguard_dashboard', 'ament_prefix_path')
[0.251s] INFO:colcon.colcon_core.shell:Creating environment hook '/home/maxx/naviguard_ws/install/naviguard_dashboard/share/naviguard_dashboard/hook/ament_prefix_path.ps1'
[0.252s] INFO:colcon.colcon_core.shell:Creating environment descriptor '/home/maxx/naviguard_ws/install/naviguard_dashboard/share/naviguard_dashboard/hook/ament_prefix_path.dsv'
[0.252s] INFO:colcon.colcon_core.shell:Creating environment hook '/home/maxx/naviguard_ws/install/naviguard_dashboard/share/naviguard_dashboard/hook/ament_prefix_path.sh'
[0.253s] INFO:colcon.colcon_core.shell:Skip shell extension 'powershell' for command environment: Not usable outside of PowerShell
[0.253s] DEBUG:colcon.colcon_core.shell:Skip shell extension 'dsv' for command environment
[0.258s] INFO:colcon.colcon_ros.task.ament_cmake.build:Building ROS package in '/home/maxx/naviguard_ws/src/naviguard_description' with build type 'ament_cmake'
[0.258s] INFO:colcon.colcon_cmake.task.cmake.build:Building CMake package in '/home/maxx/naviguard_ws/src/naviguard_description'
[0.258s] INFO:colcon.colcon_core.shell:Skip shell extension 'powershell' for command environment: Not usable outside of PowerShell
[0.258s] DEBUG:colcon.colcon_core.shell:Skip shell extension 'dsv' for command environment
[0.261s] INFO:colcon.colcon_ros.task.ament_python.build:Building ROS package in '/home/maxx/naviguard_ws/src/naviguard_navigation' with build type 'ament_python'
[0.262s] Level 1:colcon.colcon_core.shell:create_environment_hook('naviguard_navigation', 'ament_prefix_path')
[0.262s] INFO:colcon.colcon_core.shell:Creating environment hook '/home/maxx/naviguard_ws/install/naviguard_navigation/share/naviguard_navigation/hook/ament_prefix_path.ps1'
[0.263s] INFO:colcon.colcon_core.shell:Creating environment descriptor '/home/maxx/naviguard_ws/install/naviguard_navigation/share/naviguard_navigation/hook/ament_prefix_path.dsv'
[0.264s] INFO:colcon.colcon_core.shell:Creating environment hook '/home/maxx/naviguard_ws/install/naviguard_navigation/share/naviguard_navigation/hook/ament_prefix_path.sh'
[0.264s] INFO:colcon.colcon_core.shell:Skip shell extension 'powershell' for command environment: Not usable outside of PowerShell
[0.264s] DEBUG:colcon.colcon_core.shell:Skip shell extension 'dsv' for command environment
[0.266s] INFO:colcon.colcon_ros.task.ament_python.build:Building ROS package in '/home/maxx/naviguard_ws/src/naviguard_perception' with build type 'ament_python'
[0.267s] Level 1:colcon.colcon_core.shell:create_environment_hook('naviguard_perception', 'ament_prefix_path')
[0.267s] INFO:colcon.colcon_core.shell:Creating environment hook '/home/maxx/naviguard_ws/install/naviguard_perception/share/naviguard_perception/hook/ament_prefix_path.ps1'
[0.267s] INFO:colcon.colcon_core.shell:Creating environment descriptor '/home/maxx/naviguard_ws/install/naviguard_perception/share/naviguard_perception/hook/ament_prefix_path.dsv'
[0.268s] INFO:colcon.colcon_core.shell:Creating environment hook '/home/maxx/naviguard_ws/install/naviguard_perception/share/naviguard_perception/hook/ament_prefix_path.sh'
[0.268s] INFO:colcon.colcon_core.shell:Skip shell extension 'powershell' for command environment: Not usable outside of PowerShell
[0.268s] DEBUG:colcon.colcon_core.shell:Skip shell extension 'dsv' for command environment
[0.271s] INFO:colcon.colcon_ros.task.ament_python.build:Building ROS package in '/home/maxx/naviguard_ws/src/naviguard_recovery' with build type 'ament_python'
[0.271s] Level 1:colcon.colcon_core.shell:create_environment_hook('naviguard_recovery', 'ament_prefix_path')
[0.271s] INFO:colcon.colcon_core.shell:Creating environment hook '/home/maxx/naviguard_ws/install/naviguard_recovery/share/naviguard_recovery/hook/ament_prefix_path.ps1'
[0.272s] INFO:colcon.colcon_core.shell:Creating environment descriptor '/home/maxx/naviguard_ws/install/naviguard_recovery/share/naviguard_recovery/hook/ament_prefix_path.dsv'
[0.272s] INFO:colcon.colcon_core.shell:Creating environment hook '/home/maxx/naviguard_ws/install/naviguard_recovery/share/naviguard_recovery/hook/ament_prefix_path.sh'
[0.273s] INFO:colcon.colcon_core.shell:Skip shell extension 'powershell' for command environment: Not usable outside of PowerShell
[0.273s] DEBUG:colcon.colcon_core.shell:Skip shell extension 'dsv' for command environment
[0.275s] INFO:colcon.colcon_ros.task.ament_python.build:Building ROS package in '/home/maxx/naviguard_ws/src/naviguard_rellis' with build type 'ament_python'
[0.275s] Level 1:colcon.colcon_core.shell:create_environment_hook('naviguard_rellis', 'ament_prefix_path')
[0.275s] INFO:colcon.colcon_core.shell:Creating environment hook '/home/maxx/naviguard_ws/install/naviguard_rellis/share/naviguard_rellis/hook/ament_prefix_path.ps1'
[0.276s] INFO:colcon.colcon_core.shell:Creating environment descriptor '/home/maxx/naviguard_ws/install/naviguard_rellis/share/naviguard_rellis/hook/ament_prefix_path.dsv'
[0.276s] INFO:colcon.colcon_core.shell:Creating environment hook '/home/maxx/naviguard_ws/install/naviguard_rellis/share/naviguard_rellis/hook/ament_prefix_path.sh'
[0.277s] INFO:colcon.colcon_core.shell:Skip shell extension 'powershell' for command environment: Not usable outside of PowerShell
[0.277s] DEBUG:colcon.colcon_core.shell:Skip shell extension 'dsv' for command environment
[0.280s] INFO:colcon.colcon_ros.task.ament_python.build:Building ROS package in '/home/maxx/naviguard_ws/src/naviguard_sensor_sync' with build type 'ament_python'
[0.280s] Level 1:colcon.colcon_core.shell:create_environment_hook('naviguard_sensor_sync', 'ament_prefix_path')
[0.280s] INFO:colcon.colcon_core.shell:Creating environment hook '/home/maxx/naviguard_ws/install/naviguard_sensor_sync/share/naviguard_sensor_sync/hook/ament_prefix_path.ps1'
[0.281s] INFO:colcon.colcon_core.shell:Creating environment descriptor '/home/maxx/naviguard_ws/install/naviguard_sensor_sync/share/naviguard_sensor_sync/hook/ament_prefix_path.dsv'
[0.281s] INFO:colcon.colcon_core.shell:Creating environment hook '/home/maxx/naviguard_ws/install/naviguard_sensor_sync/share/naviguard_sensor_sync/hook/ament_prefix_path.sh'
[0.282s] INFO:colcon.colcon_core.shell:Skip shell extension 'powershell' for command environment: Not usable outside of PowerShell
[0.282s] DEBUG:colcon.colcon_core.shell:Skip shell extension 'dsv' for command environment
[0.284s] INFO:colcon.colcon_ros.task.ament_python.build:Building ROS package in '/home/maxx/naviguard_ws/src/naviguard_slam' with build type 'ament_python'
[0.284s] Level 1:colcon.colcon_core.shell:create_environment_hook('naviguard_slam', 'ament_prefix_path')
[0.284s] INFO:colcon.colcon_core.shell:Creating environment hook '/home/maxx/naviguard_ws/install/naviguard_slam/share/naviguard_slam/hook/ament_prefix_path.ps1'
[0.285s] INFO:colcon.colcon_core.shell:Creating environment descriptor '/home/maxx/naviguard_ws/install/naviguard_slam/share/naviguard_slam/hook/ament_prefix_path.dsv'
[0.285s] INFO:colcon.colcon_core.shell:Creating environment hook '/home/maxx/naviguard_ws/install/naviguard_slam/share/naviguard_slam/hook/ament_prefix_path.sh'
[0.286s] INFO:colcon.colcon_core.shell:Skip shell extension 'powershell' for command environment: Not usable outside of PowerShell
[0.286s] DEBUG:colcon.colcon_core.shell:Skip shell extension 'dsv' for command environment
[0.291s] INFO:colcon.colcon_ros.task.ament_python.build:Building ROS package in '/home/maxx/naviguard_ws/src/naviguard_state_estimation' with build type 'ament_python'
[0.291s] Level 1:colcon.colcon_core.shell:create_environment_hook('naviguard_state_estimation', 'ament_prefix_path')
[0.291s] INFO:colcon.colcon_core.shell:Creating environment hook '/home/maxx/naviguard_ws/install/naviguard_state_estimation/share/naviguard_state_estimation/hook/ament_prefix_path.ps1'
[0.292s] INFO:colcon.colcon_core.shell:Creating environment descriptor '/home/maxx/naviguard_ws/install/naviguard_state_estimation/share/naviguard_state_estimation/hook/ament_prefix_path.dsv'
[0.292s] INFO:colcon.colcon_core.shell:Creating environment hook '/home/maxx/naviguard_ws/install/naviguard_state_estimation/share/naviguard_state_estimation/hook/ament_prefix_path.sh'
[0.293s] INFO:colcon.colcon_core.shell:Skip shell extension 'powershell' for command environment: Not usable outside of PowerShell
[0.293s] DEBUG:colcon.colcon_core.shell:Skip shell extension 'dsv' for command environment
[0.295s] INFO:colcon.colcon_ros.task.ament_python.build:Building ROS package in '/home/maxx/naviguard_ws/src/naviguard_visual_odometry' with build type 'ament_python'
[0.296s] Level 1:colcon.colcon_core.shell:create_environment_hook('naviguard_visual_odometry', 'ament_prefix_path')
[0.296s] INFO:colcon.colcon_core.shell:Creating environment hook '/home/maxx/naviguard_ws/install/naviguard_visual_odometry/share/naviguard_visual_odometry/hook/ament_prefix_path.ps1'
[0.296s] INFO:colcon.colcon_core.shell:Creating environment descriptor '/home/maxx/naviguard_ws/install/naviguard_visual_odometry/share/naviguard_visual_odometry/hook/ament_prefix_path.dsv'
[0.297s] INFO:colcon.colcon_core.shell:Creating environment hook '/home/maxx/naviguard_ws/install/naviguard_visual_odometry/share/naviguard_visual_odometry/hook/ament_prefix_path.sh'
[0.297s] INFO:colcon.colcon_core.shell:Skip shell extension 'powershell' for command environment: Not usable outside of PowerShell
[0.297s] DEBUG:colcon.colcon_core.shell:Skip shell extension 'dsv' for command environment
[0.436s] INFO:colcon.colcon_core.task.python.build:Building Python package in '/home/maxx/naviguard_ws/src/naviguard_confidence'
[0.436s] INFO:colcon.colcon_core.shell:Skip shell extension 'powershell' for command environment: Not usable outside of PowerShell
[0.436s] DEBUG:colcon.colcon_core.shell:Skip shell extension 'dsv' for command environment
[0.574s] INFO:colcon.colcon_core.task.python.build:Building Python package in '/home/maxx/naviguard_ws/src/naviguard_dashboard'
[0.574s] INFO:colcon.colcon_core.shell:Skip shell extension 'powershell' for command environment: Not usable outside of PowerShell
[0.574s] DEBUG:colcon.colcon_core.shell:Skip shell extension 'dsv' for command environment
[0.579s] DEBUG:colcon.colcon_core.event_handler.log_command:Invoking command in '/home/maxx/naviguard_ws/build/naviguard_description': CMAKE_PREFIX_PATH=${CMAKE_PREFIX_PATH}:/opt/ros/jazzy /usr/bin/cmake --build /home/maxx/naviguard_ws/build/naviguard_description -- -j12 -l12
[0.713s] INFO:colcon.colcon_core.task.python.build:Building Python package in '/home/maxx/naviguard_ws/src/naviguard_navigation'
[0.713s] INFO:colcon.colcon_core.shell:Skip shell extension 'powershell' for command environment: Not usable outside of PowerShell
[0.713s] DEBUG:colcon.colcon_core.shell:Skip shell extension 'dsv' for command environment
[0.844s] INFO:colcon.colcon_core.task.python.build:Building Python package in '/home/maxx/naviguard_ws/src/naviguard_perception'
[0.844s] INFO:colcon.colcon_core.shell:Skip shell extension 'powershell' for command environment: Not usable outside of PowerShell
[0.845s] DEBUG:colcon.colcon_core.shell:Skip shell extension 'dsv' for command environment
[0.987s] INFO:colcon.colcon_core.task.python.build:Building Python package in '/home/maxx/naviguard_ws/src/naviguard_recovery'
[0.988s] INFO:colcon.colcon_core.shell:Skip shell extension 'powershell' for command environment: Not usable outside of PowerShell
[0.988s] DEBUG:colcon.colcon_core.shell:Skip shell extension 'dsv' for command environment
[1.124s] INFO:colcon.colcon_core.task.python.build:Building Python package in '/home/maxx/naviguard_ws/src/naviguard_rellis'
[1.124s] INFO:colcon.colcon_core.shell:Skip shell extension 'powershell' for command environment: Not usable outside of PowerShell
[1.124s] DEBUG:colcon.colcon_core.shell:Skip shell extension 'dsv' for command environment
[1.256s] INFO:colcon.colcon_core.task.python.build:Building Python package in '/home/maxx/naviguard_ws/src/naviguard_sensor_sync'
[1.256s] INFO:colcon.colcon_core.shell:Skip shell extension 'powershell' for command environment: Not usable outside of PowerShell
[1.256s] DEBUG:colcon.colcon_core.shell:Skip shell extension 'dsv' for command environment
[1.389s] INFO:colcon.colcon_core.task.python.build:Building Python package in '/home/maxx/naviguard_ws/src/naviguard_slam'
[1.389s] INFO:colcon.colcon_core.shell:Skip shell extension 'powershell' for command environment: Not usable outside of PowerShell
[1.389s] DEBUG:colcon.colcon_core.shell:Skip shell extension 'dsv' for command environment
[1.521s] INFO:colcon.colcon_core.task.python.build:Building Python package in '/home/maxx/naviguard_ws/src/naviguard_state_estimation'
[1.521s] INFO:colcon.colcon_core.shell:Skip shell extension 'powershell' for command environment: Not usable outside of PowerShell
[1.521s] DEBUG:colcon.colcon_core.shell:Skip shell extension 'dsv' for command environment
[1.525s] DEBUG:colcon.colcon_core.event_handler.log_command:Invoked command in '/home/maxx/naviguard_ws/build/naviguard_description' returned '0': CMAKE_PREFIX_PATH=${CMAKE_PREFIX_PATH}:/opt/ros/jazzy /usr/bin/cmake --build /home/maxx/naviguard_ws/build/naviguard_description -- -j12 -l12
[1.532s] DEBUG:colcon.colcon_core.event_handler.log_command:Invoking command in '/home/maxx/naviguard_ws/build/naviguard_description': CMAKE_PREFIX_PATH=${CMAKE_PREFIX_PATH}:/opt/ros/jazzy /usr/bin/cmake --install /home/maxx/naviguard_ws/build/naviguard_description
[1.678s] INFO:colcon.colcon_core.task.python.build:Building Python package in '/home/maxx/naviguard_ws/src/naviguard_visual_odometry'
[1.678s] INFO:colcon.colcon_core.shell:Skip shell extension 'powershell' for command environment: Not usable outside of PowerShell
[1.678s] DEBUG:colcon.colcon_core.shell:Skip shell extension 'dsv' for command environment
[1.699s] Level 1:colcon.colcon_core.environment:create_environment_scripts_only(naviguard_description)
[1.699s] DEBUG:colcon.colcon_core.event_handler.log_command:Invoked command in '/home/maxx/naviguard_ws/build/naviguard_description' returned '0': CMAKE_PREFIX_PATH=${CMAKE_PREFIX_PATH}:/opt/ros/jazzy /usr/bin/cmake --install /home/maxx/naviguard_ws/build/naviguard_description
[1.702s] Level 1:colcon.colcon_core.environment:checking '/home/maxx/naviguard_ws/install/naviguard_description' for CMake module files
[1.702s] Level 1:colcon.colcon_core.environment:checking '/home/maxx/naviguard_ws/install/naviguard_description' for CMake config files
[1.703s] Level 1:colcon.colcon_core.shell:create_environment_hook('naviguard_description', 'cmake_prefix_path')
[1.703s] INFO:colcon.colcon_core.shell:Creating environment hook '/home/maxx/naviguard_ws/install/naviguard_description/share/naviguard_description/hook/cmake_prefix_path.ps1'
[1.703s] INFO:colcon.colcon_core.shell:Creating environment descriptor '/home/maxx/naviguard_ws/install/naviguard_description/share/naviguard_description/hook/cmake_prefix_path.dsv'
[1.704s] INFO:colcon.colcon_core.shell:Creating environment hook '/home/maxx/naviguard_ws/install/naviguard_description/share/naviguard_description/hook/cmake_prefix_path.sh'
[1.705s] Level 1:colcon.colcon_core.environment:checking '/home/maxx/naviguard_ws/install/naviguard_description/bin'
[1.705s] Level 1:colcon.colcon_core.environment:checking '/home/maxx/naviguard_ws/install/naviguard_description/lib/pkgconfig/naviguard_description.pc'
[1.705s] Level 1:colcon.colcon_core.environment:checking '/home/maxx/naviguard_ws/install/naviguard_description/lib/python3.12/site-packages'
[1.705s] Level 1:colcon.colcon_core.environment:checking '/home/maxx/naviguard_ws/install/naviguard_description/bin'
[1.706s] INFO:colcon.colcon_core.shell:Creating package script '/home/maxx/naviguard_ws/install/naviguard_description/share/naviguard_description/package.ps1'
[1.707s] INFO:colcon.colcon_core.shell:Creating package descriptor '/home/maxx/naviguard_ws/install/naviguard_description/share/naviguard_description/package.dsv'
[1.707s] INFO:colcon.colcon_core.shell:Creating package script '/home/maxx/naviguard_ws/install/naviguard_description/share/naviguard_description/package.sh'
[1.708s] INFO:colcon.colcon_core.shell:Creating package script '/home/maxx/naviguard_ws/install/naviguard_description/share/naviguard_description/package.bash'
[1.709s] INFO:colcon.colcon_core.shell:Creating package script '/home/maxx/naviguard_ws/install/naviguard_description/share/naviguard_description/package.zsh'
[1.710s] Level 1:colcon.colcon_core.environment:create_file_with_runtime_dependencies(/home/maxx/naviguard_ws/install/naviguard_description/share/colcon-core/packages/naviguard_description)
[1.710s] Level 1:colcon.colcon_core.environment:create_environment_scripts_only(naviguard_description)
[1.711s] Level 1:colcon.colcon_core.environment:checking '/home/maxx/naviguard_ws/install/naviguard_description' for CMake module files
[1.711s] Level 1:colcon.colcon_core.environment:checking '/home/maxx/naviguard_ws/install/naviguard_description' for CMake config files
[1.711s] Level 1:colcon.colcon_core.shell:create_environment_hook('naviguard_description', 'cmake_prefix_path')
[1.712s] INFO:colcon.colcon_core.shell:Creating environment hook '/home/maxx/naviguard_ws/install/naviguard_description/share/naviguard_description/hook/cmake_prefix_path.ps1'
[1.712s] INFO:colcon.colcon_core.shell:Creating environment descriptor '/home/maxx/naviguard_ws/install/naviguard_description/share/naviguard_description/hook/cmake_prefix_path.dsv'
[1.712s] INFO:colcon.colcon_core.shell:Creating environment hook '/home/maxx/naviguard_ws/install/naviguard_description/share/naviguard_description/hook/cmake_prefix_path.sh'
[1.713s] Level 1:colcon.colcon_core.environment:checking '/home/maxx/naviguard_ws/install/naviguard_description/bin'
[1.714s] Level 1:colcon.colcon_core.environment:checking '/home/maxx/naviguard_ws/install/naviguard_description/lib/pkgconfig/naviguard_description.pc'
[1.714s] Level 1:colcon.colcon_core.environment:checking '/home/maxx/naviguard_ws/install/naviguard_description/lib/python3.12/site-packages'
[1.714s] Level 1:colcon.colcon_core.environment:checking '/home/maxx/naviguard_ws/install/naviguard_description/bin'
[1.714s] INFO:colcon.colcon_core.shell:Creating package script '/home/maxx/naviguard_ws/install/naviguard_description/share/naviguard_description/package.ps1'
[1.715s] INFO:colcon.colcon_core.shell:Creating package descriptor '/home/maxx/naviguard_ws/install/naviguard_description/share/naviguard_description/package.dsv'
[1.716s] INFO:colcon.colcon_core.shell:Creating package script '/home/maxx/naviguard_ws/install/naviguard_description/share/naviguard_description/package.sh'
[1.717s] INFO:colcon.colcon_core.shell:Creating package script '/home/maxx/naviguard_ws/install/naviguard_description/share/naviguard_description/package.bash'
[1.717s] INFO:colcon.colcon_core.shell:Creating package script '/home/maxx/naviguard_ws/install/naviguard_description/share/naviguard_description/package.zsh'
[1.718s] Level 1:colcon.colcon_core.environment:create_file_with_runtime_dependencies(/home/maxx/naviguard_ws/install/naviguard_description/share/colcon-core/packages/naviguard_description)
[2.343s] DEBUG:colcon.colcon_core.task.python.build:Available setuptools commands: test, check, build_ext, build_clib, install_headers, update_catalog, bdist_egg, editable_wheel, build, rotate, upload, upload_docs, bdist_dumb, sdist, install, clean, setopt, build_py, symlink_data, egg_info, install_lib, bdist, bdist_rpm, alias, build_scripts, install_egg_info, dist_info, compile_catalog, extract_messages, install_data, init_catalog, bdist_wheel, develop, install_scripts, easy_install, register, saveopts
[2.397s] DEBUG:colcon.colcon_core.task.python.build:Available setuptools commands: test, check, build_ext, build_clib, install_headers, update_catalog, bdist_egg, editable_wheel, build, rotate, upload, upload_docs, bdist_dumb, sdist, install, clean, setopt, build_py, symlink_data, egg_info, install_lib, bdist, bdist_rpm, alias, build_scripts, install_egg_info, dist_info, compile_catalog, extract_messages, install_data, init_catalog, bdist_wheel, develop, install_scripts, easy_install, register, saveopts
[2.398s] DEBUG:colcon.colcon_core.task.python.build:Available setuptools commands: test, check, build_ext, build_clib, install_headers, update_catalog, bdist_egg, editable_wheel, build, rotate, upload, upload_docs, bdist_dumb, sdist, install, clean, setopt, build_py, symlink_data, egg_info, install_lib, bdist, bdist_rpm, alias, build_scripts, install_egg_info, dist_info, compile_catalog, extract_messages, install_data, init_catalog, bdist_wheel, develop, install_scripts, easy_install, register, saveopts
[2.399s] DEBUG:colcon.colcon_core.task.python.build:Available setuptools commands: test, check, build_ext, build_clib, install_headers, update_catalog, bdist_egg, editable_wheel, build, rotate, upload, upload_docs, bdist_dumb, sdist, install, clean, setopt, build_py, symlink_data, egg_info, install_lib, bdist, bdist_rpm, alias, build_scripts, install_egg_info, dist_info, compile_catalog, extract_messages, install_data, init_catalog, bdist_wheel, develop, install_scripts, easy_install, register, saveopts
[2.412s] DEBUG:colcon.colcon_core.task.python.build:Available setuptools commands: test, check, build_ext, build_clib, install_headers, update_catalog, bdist_egg, editable_wheel, build, rotate, upload, upload_docs, bdist_dumb, sdist, install, clean, setopt, build_py, symlink_data, egg_info, install_lib, bdist, bdist_rpm, alias, build_scripts, install_egg_info, dist_info, compile_catalog, extract_messages, install_data, init_catalog, bdist_wheel, develop, install_scripts, easy_install, register, saveopts
[2.425s] DEBUG:colcon.colcon_core.task.python.build:Available setuptools commands: test, check, build_ext, build_clib, install_headers, update_catalog, bdist_egg, editable_wheel, build, rotate, upload, upload_docs, bdist_dumb, sdist, install, clean, setopt, build_py, symlink_data, egg_info, install_lib, bdist, bdist_rpm, alias, build_scripts, install_egg_info, dist_info, compile_catalog, extract_messages, install_data, init_catalog, bdist_wheel, develop, install_scripts, easy_install, register, saveopts
[2.429s] DEBUG:colcon.colcon_core.task.python.build:Available setuptools commands: test, check, build_ext, build_clib, install_headers, update_catalog, bdist_egg, editable_wheel, build, rotate, upload, upload_docs, bdist_dumb, sdist, install, clean, setopt, build_py, symlink_data, egg_info, install_lib, bdist, bdist_rpm, alias, build_scripts, install_egg_info, dist_info, compile_catalog, extract_messages, install_data, init_catalog, bdist_wheel, develop, install_scripts, easy_install, register, saveopts
[2.460s] DEBUG:colcon.colcon_core.task.python.build:Available setuptools commands: test, check, build_ext, build_clib, install_headers, update_catalog, bdist_egg, editable_wheel, build, rotate, upload, upload_docs, bdist_dumb, sdist, install, clean, setopt, build_py, symlink_data, egg_info, install_lib, bdist, bdist_rpm, alias, build_scripts, install_egg_info, dist_info, compile_catalog, extract_messages, install_data, init_catalog, bdist_wheel, develop, install_scripts, easy_install, register, saveopts
[2.463s] DEBUG:colcon.colcon_core.task.python.build:Available setuptools commands: test, check, build_ext, build_clib, install_headers, update_catalog, bdist_egg, editable_wheel, build, rotate, upload, upload_docs, bdist_dumb, sdist, install, clean, setopt, build_py, symlink_data, egg_info, install_lib, bdist, bdist_rpm, alias, build_scripts, install_egg_info, dist_info, compile_catalog, extract_messages, install_data, init_catalog, bdist_wheel, develop, install_scripts, easy_install, register, saveopts
[2.467s] DEBUG:colcon.colcon_core.task.python.build:Available setuptools commands: test, check, build_ext, build_clib, install_headers, update_catalog, bdist_egg, editable_wheel, build, rotate, upload, upload_docs, bdist_dumb, sdist, install, clean, setopt, build_py, symlink_data, egg_info, install_lib, bdist, bdist_rpm, alias, build_scripts, install_egg_info, dist_info, compile_catalog, extract_messages, install_data, init_catalog, bdist_wheel, develop, install_scripts, easy_install, register, saveopts
[2.756s] DEBUG:colcon.colcon_core.task.python.build:Available setuptools 'develop' options: --dry-run, --uninstall, --site-dirs, --upgrade, --script-dir, --verbose, --allow-hosts, --editable, --egg-path, --prefix, --find-links, --multi-version, --quiet, --help, --always-unzip, --index-url, --exclude-scripts, --zip-ok, --force-installation-into-system-dir, --install-layout, --install-dir, --no-find-links, --build-directory, --always-copy, --no-deps, --user, --local-snapshots-ok, --record, --optimize, --no-user-cfg, --version
[2.758s] DEBUG:colcon.colcon_core.event_handler.log_command:Invoking command in '/home/maxx/naviguard_ws/build/naviguard_slam': PYTHONPATH=/home/maxx/naviguard_ws/build/naviguard_slam/prefix_override:/home/maxx/.local/lib/python3.12/site-packages/colcon_core/task/python/colcon_distutils_commands:/home/maxx/naviguard_ws/install/naviguard_slam/lib/python3.12/site-packages:${PYTHONPATH} /usr/bin/python3 -W ignore:setup.py install is deprecated -W ignore:easy_install command is deprecated setup.py develop --editable --build-directory /home/maxx/naviguard_ws/build/naviguard_slam/build --no-deps symlink_data
[2.769s] DEBUG:colcon.colcon_core.task.python.build:Available setuptools 'develop' options: --dry-run, --uninstall, --site-dirs, --upgrade, --script-dir, --verbose, --allow-hosts, --editable, --egg-path, --prefix, --find-links, --multi-version, --quiet, --help, --always-unzip, --index-url, --exclude-scripts, --zip-ok, --force-installation-into-system-dir, --install-layout, --install-dir, --no-find-links, --build-directory, --always-copy, --no-deps, --user, --local-snapshots-ok, --record, --optimize, --no-user-cfg, --version
[2.773s] DEBUG:colcon.colcon_core.event_handler.log_command:Invoking command in '/home/maxx/naviguard_ws/build/naviguard_navigation': PYTHONPATH=/home/maxx/naviguard_ws/build/naviguard_navigation/prefix_override:/home/maxx/.local/lib/python3.12/site-packages/colcon_core/task/python/colcon_distutils_commands:/home/maxx/naviguard_ws/install/naviguard_navigation/lib/python3.12/site-packages:${PYTHONPATH} /usr/bin/python3 -W ignore:setup.py install is deprecated -W ignore:easy_install command is deprecated setup.py develop --editable --build-directory /home/maxx/naviguard_ws/build/naviguard_navigation/build --no-deps symlink_data
[2.836s] DEBUG:colcon.colcon_core.task.python.build:Available setuptools 'develop' options: --dry-run, --uninstall, --site-dirs, --upgrade, --script-dir, --verbose, --allow-hosts, --editable, --egg-path, --prefix, --find-links, --multi-version, --quiet, --help, --always-unzip, --index-url, --exclude-scripts, --zip-ok, --force-installation-into-system-dir, --install-layout, --install-dir, --no-find-links, --build-directory, --always-copy, --no-deps, --user, --local-snapshots-ok, --record, --optimize, --no-user-cfg, --version
[2.841s] DEBUG:colcon.colcon_core.event_handler.log_command:Invoking command in '/home/maxx/naviguard_ws/build/naviguard_dashboard': PYTHONPATH=/home/maxx/naviguard_ws/build/naviguard_dashboard/prefix_override:/home/maxx/.local/lib/python3.12/site-packages/colcon_core/task/python/colcon_distutils_commands:/home/maxx/naviguard_ws/install/naviguard_dashboard/lib/python3.12/site-packages:${PYTHONPATH} /usr/bin/python3 -W ignore:setup.py install is deprecated -W ignore:easy_install command is deprecated setup.py develop --editable --build-directory /home/maxx/naviguard_ws/build/naviguard_dashboard/build --no-deps symlink_data
[2.852s] DEBUG:colcon.colcon_core.task.python.build:Available setuptools 'develop' options: --dry-run, --uninstall, --site-dirs, --upgrade, --script-dir, --verbose, --allow-hosts, --editable, --egg-path, --prefix, --find-links, --multi-version, --quiet, --help, --always-unzip, --index-url, --exclude-scripts, --zip-ok, --force-installation-into-system-dir, --install-layout, --install-dir, --no-find-links, --build-directory, --always-copy, --no-deps, --user, --local-snapshots-ok, --record, --optimize, --no-user-cfg, --version
[2.855s] DEBUG:colcon.colcon_core.event_handler.log_command:Invoking command in '/home/maxx/naviguard_ws/build/naviguard_state_estimation': PYTHONPATH=/home/maxx/naviguard_ws/build/naviguard_state_estimation/prefix_override:/home/maxx/.local/lib/python3.12/site-packages/colcon_core/task/python/colcon_distutils_commands:/home/maxx/naviguard_ws/install/naviguard_state_estimation/lib/python3.12/site-packages:${PYTHONPATH} /usr/bin/python3 -W ignore:setup.py install is deprecated -W ignore:easy_install command is deprecated setup.py develop --editable --build-directory /home/maxx/naviguard_ws/build/naviguard_state_estimation/build --no-deps symlink_data
[2.869s] DEBUG:colcon.colcon_core.task.python.build:Available setuptools 'develop' options: --dry-run, --uninstall, --site-dirs, --upgrade, --script-dir, --verbose, --allow-hosts, --editable, --egg-path, --prefix, --find-links, --multi-version, --quiet, --help, --always-unzip, --index-url, --exclude-scripts, --zip-ok, --force-installation-into-system-dir, --install-layout, --install-dir, --no-find-links, --build-directory, --always-copy, --no-deps, --user, --local-snapshots-ok, --record, --optimize, --no-user-cfg, --version
[2.872s] DEBUG:colcon.colcon_core.event_handler.log_command:Invoking command in '/home/maxx/naviguard_ws/build/naviguard_recovery': PYTHONPATH=/home/maxx/naviguard_ws/build/naviguard_recovery/prefix_override:/home/maxx/.local/lib/python3.12/site-packages/colcon_core/task/python/colcon_distutils_commands:/home/maxx/naviguard_ws/install/naviguard_recovery/lib/python3.12/site-packages:${PYTHONPATH} /usr/bin/python3 -W ignore:setup.py install is deprecated -W ignore:easy_install command is deprecated setup.py develop --editable --build-directory /home/maxx/naviguard_ws/build/naviguard_recovery/build --no-deps symlink_data
[2.878s] DEBUG:colcon.colcon_core.task.python.build:Available setuptools 'develop' options: --dry-run, --uninstall, --site-dirs, --upgrade, --script-dir, --verbose, --allow-hosts, --editable, --egg-path, --prefix, --find-links, --multi-version, --quiet, --help, --always-unzip, --index-url, --exclude-scripts, --zip-ok, --force-installation-into-system-dir, --install-layout, --install-dir, --no-find-links, --build-directory, --always-copy, --no-deps, --user, --local-snapshots-ok, --record, --optimize, --no-user-cfg, --version
[2.882s] DEBUG:colcon.colcon_core.event_handler.log_command:Invoking command in '/home/maxx/naviguard_ws/build/naviguard_rellis': PYTHONPATH=/home/maxx/naviguard_ws/build/naviguard_rellis/prefix_override:/home/maxx/.local/lib/python3.12/site-packages/colcon_core/task/python/colcon_distutils_commands:/home/maxx/naviguard_ws/install/naviguard_rellis/lib/python3.12/site-packages:${PYTHONPATH} /usr/bin/python3 -W ignore:setup.py install is deprecated -W ignore:easy_install command is deprecated setup.py develop --editable --build-directory /home/maxx/naviguard_ws/build/naviguard_rellis/build --no-deps symlink_data
[2.892s] DEBUG:colcon.colcon_core.task.python.build:Available setuptools 'develop' options: --dry-run, --uninstall, --site-dirs, --upgrade, --script-dir, --verbose, --allow-hosts, --editable, --egg-path, --prefix, --find-links, --multi-version, --quiet, --help, --always-unzip, --index-url, --exclude-scripts, --zip-ok, --force-installation-into-system-dir, --install-layout, --install-dir, --no-find-links, --build-directory, --always-copy, --no-deps, --user, --local-snapshots-ok, --record, --optimize, --no-user-cfg, --version
[2.894s] DEBUG:colcon.colcon_core.event_handler.log_command:Invoking command in '/home/maxx/naviguard_ws/build/naviguard_confidence': PYTHONPATH=/home/maxx/naviguard_ws/build/naviguard_confidence/prefix_override:/home/maxx/.local/lib/python3.12/site-packages/colcon_core/task/python/colcon_distutils_commands:/home/maxx/naviguard_ws/install/naviguard_confidence/lib/python3.12/site-packages:${PYTHONPATH} /usr/bin/python3 -W ignore:setup.py install is deprecated -W ignore:easy_install command is deprecated setup.py develop --editable --build-directory /home/maxx/naviguard_ws/build/naviguard_confidence/build --no-deps symlink_data
[2.914s] DEBUG:colcon.colcon_core.task.python.build:Available setuptools 'develop' options: --dry-run, --uninstall, --site-dirs, --upgrade, --script-dir, --verbose, --allow-hosts, --editable, --egg-path, --prefix, --find-links, --multi-version, --quiet, --help, --always-unzip, --index-url, --exclude-scripts, --zip-ok, --force-installation-into-system-dir, --install-layout, --install-dir, --no-find-links, --build-directory, --always-copy, --no-deps, --user, --local-snapshots-ok, --record, --optimize, --no-user-cfg, --version
[2.917s] DEBUG:colcon.colcon_core.event_handler.log_command:Invoking command in '/home/maxx/naviguard_ws/build/naviguard_visual_odometry': PYTHONPATH=/home/maxx/naviguard_ws/build/naviguard_visual_odometry/prefix_override:/home/maxx/.local/lib/python3.12/site-packages/colcon_core/task/python/colcon_distutils_commands:/home/maxx/naviguard_ws/install/naviguard_visual_odometry/lib/python3.12/site-packages:${PYTHONPATH} /usr/bin/python3 -W ignore:setup.py install is deprecated -W ignore:easy_install command is deprecated setup.py develop --editable --build-directory /home/maxx/naviguard_ws/build/naviguard_visual_odometry/build --no-deps symlink_data
[2.934s] DEBUG:colcon.colcon_core.task.python.build:Available setuptools 'develop' options: --dry-run, --uninstall, --site-dirs, --upgrade, --script-dir, --verbose, --allow-hosts, --editable, --egg-path, --prefix, --find-links, --multi-version, --quiet, --help, --always-unzip, --index-url, --exclude-scripts, --zip-ok, --force-installation-into-system-dir, --install-layout, --install-dir, --no-find-links, --build-directory, --always-copy, --no-deps, --user, --local-snapshots-ok, --record, --optimize, --no-user-cfg, --version
[2.937s] DEBUG:colcon.colcon_core.event_handler.log_command:Invoking command in '/home/maxx/naviguard_ws/build/naviguard_perception': PYTHONPATH=/home/maxx/naviguard_ws/build/naviguard_perception/prefix_override:/home/maxx/.local/lib/python3.12/site-packages/colcon_core/task/python/colcon_distutils_commands:/home/maxx/naviguard_ws/install/naviguard_perception/lib/python3.12/site-packages:${PYTHONPATH} /usr/bin/python3 -W ignore:setup.py install is deprecated -W ignore:easy_install command is deprecated setup.py develop --editable --build-directory /home/maxx/naviguard_ws/build/naviguard_perception/build --no-deps symlink_data
[2.949s] DEBUG:colcon.colcon_core.task.python.build:Available setuptools 'develop' options: --dry-run, --uninstall, --site-dirs, --upgrade, --script-dir, --verbose, --allow-hosts, --editable, --egg-path, --prefix, --find-links, --multi-version, --quiet, --help, --always-unzip, --index-url, --exclude-scripts, --zip-ok, --force-installation-into-system-dir, --install-layout, --install-dir, --no-find-links, --build-directory, --always-copy, --no-deps, --user, --local-snapshots-ok, --record, --optimize, --no-user-cfg, --version
[2.951s] DEBUG:colcon.colcon_core.event_handler.log_command:Invoking command in '/home/maxx/naviguard_ws/build/naviguard_sensor_sync': PYTHONPATH=/home/maxx/naviguard_ws/build/naviguard_sensor_sync/prefix_override:/home/maxx/.local/lib/python3.12/site-packages/colcon_core/task/python/colcon_distutils_commands:/home/maxx/naviguard_ws/install/naviguard_sensor_sync/lib/python3.12/site-packages:${PYTHONPATH} /usr/bin/python3 -W ignore:setup.py install is deprecated -W ignore:easy_install command is deprecated setup.py develop --editable --build-directory /home/maxx/naviguard_ws/build/naviguard_sensor_sync/build --no-deps symlink_data
[3.505s] Level 1:colcon.colcon_core.shell:create_environment_hook('naviguard_slam', 'pythonpath_develop')
[3.506s] INFO:colcon.colcon_core.shell:Creating environment hook '/home/maxx/naviguard_ws/build/naviguard_slam/share/naviguard_slam/hook/pythonpath_develop.ps1'
[3.507s] INFO:colcon.colcon_core.shell:Creating environment descriptor '/home/maxx/naviguard_ws/build/naviguard_slam/share/naviguard_slam/hook/pythonpath_develop.dsv'
[3.508s] DEBUG:colcon.colcon_core.event_handler.log_command:Invoked command in '/home/maxx/naviguard_ws/build/naviguard_slam' returned '0': PYTHONPATH=/home/maxx/naviguard_ws/build/naviguard_slam/prefix_override:/home/maxx/.local/lib/python3.12/site-packages/colcon_core/task/python/colcon_distutils_commands:/home/maxx/naviguard_ws/install/naviguard_slam/lib/python3.12/site-packages:${PYTHONPATH} /usr/bin/python3 -W ignore:setup.py install is deprecated -W ignore:easy_install command is deprecated setup.py develop --editable --build-directory /home/maxx/naviguard_ws/build/naviguard_slam/build --no-deps symlink_data
[3.513s] INFO:colcon.colcon_core.shell:Creating environment hook '/home/maxx/naviguard_ws/build/naviguard_slam/share/naviguard_slam/hook/pythonpath_develop.sh'
[3.514s] Level 1:colcon.colcon_core.environment:checking '/home/maxx/naviguard_ws/install/naviguard_slam' for CMake module files
[3.515s] Level 1:colcon.colcon_core.environment:checking '/home/maxx/naviguard_ws/install/naviguard_slam' for CMake config files
[3.515s] Level 1:colcon.colcon_core.environment:checking '/home/maxx/naviguard_ws/install/naviguard_slam/lib'
[3.516s] Level 1:colcon.colcon_core.environment:checking '/home/maxx/naviguard_ws/install/naviguard_slam/bin'
[3.516s] Level 1:colcon.colcon_core.environment:checking '/home/maxx/naviguard_ws/install/naviguard_slam/lib/pkgconfig/naviguard_slam.pc'
[3.516s] Level 1:colcon.colcon_core.environment:checking '/home/maxx/naviguard_ws/install/naviguard_slam/lib/python3.12/site-packages'
[3.516s] Level 1:colcon.colcon_core.shell:create_environment_hook('naviguard_slam', 'pythonpath')
[3.516s] INFO:colcon.colcon_core.shell:Creating environment hook '/home/maxx/naviguard_ws/install/naviguard_slam/share/naviguard_slam/hook/pythonpath.ps1'
[3.517s] INFO:colcon.colcon_core.shell:Creating environment descriptor '/home/maxx/naviguard_ws/install/naviguard_slam/share/naviguard_slam/hook/pythonpath.dsv'
[3.518s] INFO:colcon.colcon_core.shell:Creating environment hook '/home/maxx/naviguard_ws/install/naviguard_slam/share/naviguard_slam/hook/pythonpath.sh'
[3.519s] Level 1:colcon.colcon_core.environment:checking '/home/maxx/naviguard_ws/install/naviguard_slam/bin'
[3.519s] Level 1:colcon.colcon_core.environment:create_environment_scripts_only(naviguard_slam)
[3.519s] INFO:colcon.colcon_core.shell:Creating package script '/home/maxx/naviguard_ws/install/naviguard_slam/share/naviguard_slam/package.ps1'
[3.522s] INFO:colcon.colcon_core.shell:Creating package descriptor '/home/maxx/naviguard_ws/install/naviguard_slam/share/naviguard_slam/package.dsv'
[3.525s] INFO:colcon.colcon_core.shell:Creating package script '/home/maxx/naviguard_ws/install/naviguard_slam/share/naviguard_slam/package.sh'
[3.526s] INFO:colcon.colcon_core.shell:Creating package script '/home/maxx/naviguard_ws/install/naviguard_slam/share/naviguard_slam/package.bash'
[3.527s] INFO:colcon.colcon_core.shell:Creating package script '/home/maxx/naviguard_ws/install/naviguard_slam/share/naviguard_slam/package.zsh'
[3.529s] Level 1:colcon.colcon_core.environment:create_file_with_runtime_dependencies(/home/maxx/naviguard_ws/install/naviguard_slam/share/colcon-core/packages/naviguard_slam)
[3.534s] Level 1:colcon.colcon_core.shell:create_environment_hook('naviguard_navigation', 'pythonpath_develop')
[3.535s] INFO:colcon.colcon_core.shell:Creating environment hook '/home/maxx/naviguard_ws/build/naviguard_navigation/share/naviguard_navigation/hook/pythonpath_develop.ps1'
[3.536s] INFO:colcon.colcon_core.shell:Creating environment descriptor '/home/maxx/naviguard_ws/build/naviguard_navigation/share/naviguard_navigation/hook/pythonpath_develop.dsv'
[3.538s] DEBUG:colcon.colcon_core.event_handler.log_command:Invoked command in '/home/maxx/naviguard_ws/build/naviguard_navigation' returned '0': PYTHONPATH=/home/maxx/naviguard_ws/build/naviguard_navigation/prefix_override:/home/maxx/.local/lib/python3.12/site-packages/colcon_core/task/python/colcon_distutils_commands:/home/maxx/naviguard_ws/install/naviguard_navigation/lib/python3.12/site-packages:${PYTHONPATH} /usr/bin/python3 -W ignore:setup.py install is deprecated -W ignore:easy_install command is deprecated setup.py develop --editable --build-directory /home/maxx/naviguard_ws/build/naviguard_navigation/build --no-deps symlink_data
[3.539s] INFO:colcon.colcon_core.shell:Creating environment hook '/home/maxx/naviguard_ws/build/naviguard_navigation/share/naviguard_navigation/hook/pythonpath_develop.sh'
[3.544s] Level 1:colcon.colcon_core.environment:checking '/home/maxx/naviguard_ws/install/naviguard_navigation' for CMake module files
[3.545s] Level 1:colcon.colcon_core.environment:checking '/home/maxx/naviguard_ws/install/naviguard_navigation' for CMake config files
[3.546s] Level 1:colcon.colcon_core.environment:checking '/home/maxx/naviguard_ws/install/naviguard_navigation/lib'
[3.546s] Level 1:colcon.colcon_core.environment:checking '/home/maxx/naviguard_ws/install/naviguard_navigation/bin'
[3.546s] Level 1:colcon.colcon_core.environment:checking '/home/maxx/naviguard_ws/install/naviguard_navigation/lib/pkgconfig/naviguard_navigation.pc'
[3.546s] Level 1:colcon.colcon_core.environment:checking '/home/maxx/naviguard_ws/install/naviguard_navigation/lib/python3.12/site-packages'
[3.546s] Level 1:colcon.colcon_core.shell:create_environment_hook('naviguard_navigation', 'pythonpath')
[3.547s] INFO:colcon.colcon_core.shell:Creating environment hook '/home/maxx/naviguard_ws/install/naviguard_navigation/share/naviguard_navigation/hook/pythonpath.ps1'
[3.547s] INFO:colcon.colcon_core.shell:Creating environment descriptor '/home/maxx/naviguard_ws/install/naviguard_navigation/share/naviguard_navigation/hook/pythonpath.dsv'
[3.548s] INFO:colcon.colcon_core.shell:Creating environment hook '/home/maxx/naviguard_ws/install/naviguard_navigation/share/naviguard_navigation/hook/pythonpath.sh'
[3.549s] Level 1:colcon.colcon_core.environment:checking '/home/maxx/naviguard_ws/install/naviguard_navigation/bin'
[3.549s] Level 1:colcon.colcon_core.environment:create_environment_scripts_only(naviguard_navigation)
[3.550s] INFO:colcon.colcon_core.shell:Creating package script '/home/maxx/naviguard_ws/install/naviguard_navigation/share/naviguard_navigation/package.ps1'
[3.551s] INFO:colcon.colcon_core.shell:Creating package descriptor '/home/maxx/naviguard_ws/install/naviguard_navigation/share/naviguard_navigation/package.dsv'
[3.552s] INFO:colcon.colcon_core.shell:Creating package script '/home/maxx/naviguard_ws/install/naviguard_navigation/share/naviguard_navigation/package.sh'
[3.553s] INFO:colcon.colcon_core.shell:Creating package script '/home/maxx/naviguard_ws/install/naviguard_navigation/share/naviguard_navigation/package.bash'
[3.553s] INFO:colcon.colcon_core.shell:Creating package script '/home/maxx/naviguard_ws/install/naviguard_navigation/share/naviguard_navigation/package.zsh'
[3.554s] Level 1:colcon.colcon_core.environment:create_file_with_runtime_dependencies(/home/maxx/naviguard_ws/install/naviguard_navigation/share/colcon-core/packages/naviguard_navigation)
[3.605s] Level 1:colcon.colcon_core.shell:create_environment_hook('naviguard_dashboard', 'pythonpath_develop')
[3.606s] INFO:colcon.colcon_core.shell:Creating environment hook '/home/maxx/naviguard_ws/build/naviguard_dashboard/share/naviguard_dashboard/hook/pythonpath_develop.ps1'
[3.607s] DEBUG:colcon.colcon_core.event_handler.log_command:Invoked command in '/home/maxx/naviguard_ws/build/naviguard_dashboard' returned '0': PYTHONPATH=/home/maxx/naviguard_ws/build/naviguard_dashboard/prefix_override:/home/maxx/.local/lib/python3.12/site-packages/colcon_core/task/python/colcon_distutils_commands:/home/maxx/naviguard_ws/install/naviguard_dashboard/lib/python3.12/site-packages:${PYTHONPATH} /usr/bin/python3 -W ignore:setup.py install is deprecated -W ignore:easy_install command is deprecated setup.py develop --editable --build-directory /home/maxx/naviguard_ws/build/naviguard_dashboard/build --no-deps symlink_data
[3.608s] INFO:colcon.colcon_core.shell:Creating environment descriptor '/home/maxx/naviguard_ws/build/naviguard_dashboard/share/naviguard_dashboard/hook/pythonpath_develop.dsv'
[3.608s] INFO:colcon.colcon_core.shell:Creating environment hook '/home/maxx/naviguard_ws/build/naviguard_dashboard/share/naviguard_dashboard/hook/pythonpath_develop.sh'
[3.610s] Level 1:colcon.colcon_core.environment:checking '/home/maxx/naviguard_ws/install/naviguard_dashboard' for CMake module files
[3.610s] Level 1:colcon.colcon_core.environment:checking '/home/maxx/naviguard_ws/install/naviguard_dashboard' for CMake config files
[3.611s] Level 1:colcon.colcon_core.environment:checking '/home/maxx/naviguard_ws/install/naviguard_dashboard/lib'
[3.611s] Level 1:colcon.colcon_core.environment:checking '/home/maxx/naviguard_ws/install/naviguard_dashboard/bin'
[3.611s] Level 1:colcon.colcon_core.environment:checking '/home/maxx/naviguard_ws/install/naviguard_dashboard/lib/pkgconfig/naviguard_dashboard.pc'
[3.612s] Level 1:colcon.colcon_core.environment:checking '/home/maxx/naviguard_ws/install/naviguard_dashboard/lib/python3.12/site-packages'
[3.612s] Level 1:colcon.colcon_core.shell:create_environment_hook('naviguard_dashboard', 'pythonpath')
[3.612s] INFO:colcon.colcon_core.shell:Creating environment hook '/home/maxx/naviguard_ws/install/naviguard_dashboard/share/naviguard_dashboard/hook/pythonpath.ps1'
[3.613s] INFO:colcon.colcon_core.shell:Creating environment descriptor '/home/maxx/naviguard_ws/install/naviguard_dashboard/share/naviguard_dashboard/hook/pythonpath.dsv'
[3.614s] INFO:colcon.colcon_core.shell:Creating environment hook '/home/maxx/naviguard_ws/install/naviguard_dashboard/share/naviguard_dashboard/hook/pythonpath.sh'
[3.620s] Level 1:colcon.colcon_core.environment:checking '/home/maxx/naviguard_ws/install/naviguard_dashboard/bin'
[3.620s] Level 1:colcon.colcon_core.environment:create_environment_scripts_only(naviguard_dashboard)
[3.620s] INFO:colcon.colcon_core.shell:Creating package script '/home/maxx/naviguard_ws/install/naviguard_dashboard/share/naviguard_dashboard/package.ps1'
[3.622s] INFO:colcon.colcon_core.shell:Creating package descriptor '/home/maxx/naviguard_ws/install/naviguard_dashboard/share/naviguard_dashboard/package.dsv'
[3.623s] INFO:colcon.colcon_core.shell:Creating package script '/home/maxx/naviguard_ws/install/naviguard_dashboard/share/naviguard_dashboard/package.sh'
[3.623s] INFO:colcon.colcon_core.shell:Creating package script '/home/maxx/naviguard_ws/install/naviguard_dashboard/share/naviguard_dashboard/package.bash'
[3.624s] INFO:colcon.colcon_core.shell:Creating package script '/home/maxx/naviguard_ws/install/naviguard_dashboard/share/naviguard_dashboard/package.zsh'
[3.624s] Level 1:colcon.colcon_core.environment:create_file_with_runtime_dependencies(/home/maxx/naviguard_ws/install/naviguard_dashboard/share/colcon-core/packages/naviguard_dashboard)
[3.627s] Level 1:colcon.colcon_core.shell:create_environment_hook('naviguard_recovery', 'pythonpath_develop')
[3.627s] INFO:colcon.colcon_core.shell:Creating environment hook '/home/maxx/naviguard_ws/build/naviguard_recovery/share/naviguard_recovery/hook/pythonpath_develop.ps1'
[3.629s] DEBUG:colcon.colcon_core.event_handler.log_command:Invoked command in '/home/maxx/naviguard_ws/build/naviguard_recovery' returned '0': PYTHONPATH=/home/maxx/naviguard_ws/build/naviguard_recovery/prefix_override:/home/maxx/.local/lib/python3.12/site-packages/colcon_core/task/python/colcon_distutils_commands:/home/maxx/naviguard_ws/install/naviguard_recovery/lib/python3.12/site-packages:${PYTHONPATH} /usr/bin/python3 -W ignore:setup.py install is deprecated -W ignore:easy_install command is deprecated setup.py develop --editable --build-directory /home/maxx/naviguard_ws/build/naviguard_recovery/build --no-deps symlink_data
[3.629s] INFO:colcon.colcon_core.shell:Creating environment descriptor '/home/maxx/naviguard_ws/build/naviguard_recovery/share/naviguard_recovery/hook/pythonpath_develop.dsv'
[3.630s] INFO:colcon.colcon_core.shell:Creating environment hook '/home/maxx/naviguard_ws/build/naviguard_recovery/share/naviguard_recovery/hook/pythonpath_develop.sh'
[3.631s] Level 1:colcon.colcon_core.environment:checking '/home/maxx/naviguard_ws/install/naviguard_recovery' for CMake module files
[3.632s] Level 1:colcon.colcon_core.environment:checking '/home/maxx/naviguard_ws/install/naviguard_recovery' for CMake config files
[3.632s] Level 1:colcon.colcon_core.environment:checking '/home/maxx/naviguard_ws/install/naviguard_recovery/lib'
[3.632s] Level 1:colcon.colcon_core.environment:checking '/home/maxx/naviguard_ws/install/naviguard_recovery/bin'
[3.633s] Level 1:colcon.colcon_core.environment:checking '/home/maxx/naviguard_ws/install/naviguard_recovery/lib/pkgconfig/naviguard_recovery.pc'
[3.633s] Level 1:colcon.colcon_core.environment:checking '/home/maxx/naviguard_ws/install/naviguard_recovery/lib/python3.12/site-packages'
[3.633s] Level 1:colcon.colcon_core.shell:create_environment_hook('naviguard_recovery', 'pythonpath')
[3.633s] INFO:colcon.colcon_core.shell:Creating environment hook '/home/maxx/naviguard_ws/install/naviguard_recovery/share/naviguard_recovery/hook/pythonpath.ps1'
[3.634s] INFO:colcon.colcon_core.shell:Creating environment descriptor '/home/maxx/naviguard_ws/install/naviguard_recovery/share/naviguard_recovery/hook/pythonpath.dsv'
[3.634s] INFO:colcon.colcon_core.shell:Creating environment hook '/home/maxx/naviguard_ws/install/naviguard_recovery/share/naviguard_recovery/hook/pythonpath.sh'
[3.635s] Level 1:colcon.colcon_core.environment:checking '/home/maxx/naviguard_ws/install/naviguard_recovery/bin'
[3.635s] Level 1:colcon.colcon_core.environment:create_environment_scripts_only(naviguard_recovery)
[3.635s] INFO:colcon.colcon_core.shell:Creating package script '/home/maxx/naviguard_ws/install/naviguard_recovery/share/naviguard_recovery/package.ps1'
[3.636s] INFO:colcon.colcon_core.shell:Creating package descriptor '/home/maxx/naviguard_ws/install/naviguard_recovery/share/naviguard_recovery/package.dsv'
[3.637s] INFO:colcon.colcon_core.shell:Creating package script '/home/maxx/naviguard_ws/install/naviguard_recovery/share/naviguard_recovery/package.sh'
[3.637s] INFO:colcon.colcon_core.shell:Creating package script '/home/maxx/naviguard_ws/install/naviguard_recovery/share/naviguard_recovery/package.bash'
[3.637s] INFO:colcon.colcon_core.shell:Creating package script '/home/maxx/naviguard_ws/install/naviguard_recovery/share/naviguard_recovery/package.zsh'
[3.638s] Level 1:colcon.colcon_core.environment:create_file_with_runtime_dependencies(/home/maxx/naviguard_ws/install/naviguard_recovery/share/colcon-core/packages/naviguard_recovery)
[3.643s] Level 1:colcon.colcon_core.shell:create_environment_hook('naviguard_rellis', 'pythonpath_develop')
[3.643s] INFO:colcon.colcon_core.shell:Creating environment hook '/home/maxx/naviguard_ws/build/naviguard_rellis/share/naviguard_rellis/hook/pythonpath_develop.ps1'
[3.644s] DEBUG:colcon.colcon_core.event_handler.log_command:Invoked command in '/home/maxx/naviguard_ws/build/naviguard_rellis' returned '0': PYTHONPATH=/home/maxx/naviguard_ws/build/naviguard_rellis/prefix_override:/home/maxx/.local/lib/python3.12/site-packages/colcon_core/task/python/colcon_distutils_commands:/home/maxx/naviguard_ws/install/naviguard_rellis/lib/python3.12/site-packages:${PYTHONPATH} /usr/bin/python3 -W ignore:setup.py install is deprecated -W ignore:easy_install command is deprecated setup.py develop --editable --build-directory /home/maxx/naviguard_ws/build/naviguard_rellis/build --no-deps symlink_data
[3.645s] INFO:colcon.colcon_core.shell:Creating environment descriptor '/home/maxx/naviguard_ws/build/naviguard_rellis/share/naviguard_rellis/hook/pythonpath_develop.dsv'
[3.645s] INFO:colcon.colcon_core.shell:Creating environment hook '/home/maxx/naviguard_ws/build/naviguard_rellis/share/naviguard_rellis/hook/pythonpath_develop.sh'
[3.647s] Level 1:colcon.colcon_core.environment:checking '/home/maxx/naviguard_ws/install/naviguard_rellis' for CMake module files
[3.648s] Level 1:colcon.colcon_core.environment:checking '/home/maxx/naviguard_ws/install/naviguard_rellis' for CMake config files
[3.648s] Level 1:colcon.colcon_core.environment:checking '/home/maxx/naviguard_ws/install/naviguard_rellis/lib'
[3.649s] Level 1:colcon.colcon_core.environment:checking '/home/maxx/naviguard_ws/install/naviguard_rellis/bin'
[3.649s] Level 1:colcon.colcon_core.environment:checking '/home/maxx/naviguard_ws/install/naviguard_rellis/lib/pkgconfig/naviguard_rellis.pc'
[3.649s] Level 1:colcon.colcon_core.environment:checking '/home/maxx/naviguard_ws/install/naviguard_rellis/lib/python3.12/site-packages'
[3.649s] Level 1:colcon.colcon_core.shell:create_environment_hook('naviguard_rellis', 'pythonpath')
[3.649s] INFO:colcon.colcon_core.shell:Creating environment hook '/home/maxx/naviguard_ws/install/naviguard_rellis/share/naviguard_rellis/hook/pythonpath.ps1'
[3.650s] INFO:colcon.colcon_core.shell:Creating environment descriptor '/home/maxx/naviguard_ws/install/naviguard_rellis/share/naviguard_rellis/hook/pythonpath.dsv'
[3.651s] INFO:colcon.colcon_core.shell:Creating environment hook '/home/maxx/naviguard_ws/install/naviguard_rellis/share/naviguard_rellis/hook/pythonpath.sh'
[3.652s] Level 1:colcon.colcon_core.environment:checking '/home/maxx/naviguard_ws/install/naviguard_rellis/bin'
[3.652s] Level 1:colcon.colcon_core.environment:create_environment_scripts_only(naviguard_rellis)
[3.652s] INFO:colcon.colcon_core.shell:Creating package script '/home/maxx/naviguard_ws/install/naviguard_rellis/share/naviguard_rellis/package.ps1'
[3.653s] INFO:colcon.colcon_core.shell:Creating package descriptor '/home/maxx/naviguard_ws/install/naviguard_rellis/share/naviguard_rellis/package.dsv'
[3.654s] INFO:colcon.colcon_core.shell:Creating package script '/home/maxx/naviguard_ws/install/naviguard_rellis/share/naviguard_rellis/package.sh'
[3.655s] INFO:colcon.colcon_core.shell:Creating package script '/home/maxx/naviguard_ws/install/naviguard_rellis/share/naviguard_rellis/package.bash'
[3.655s] INFO:colcon.colcon_core.shell:Creating package script '/home/maxx/naviguard_ws/install/naviguard_rellis/share/naviguard_rellis/package.zsh'
[3.656s] Level 1:colcon.colcon_core.environment:create_file_with_runtime_dependencies(/home/maxx/naviguard_ws/install/naviguard_rellis/share/colcon-core/packages/naviguard_rellis)
[3.657s] Level 1:colcon.colcon_core.shell:create_environment_hook('naviguard_state_estimation', 'pythonpath_develop')
[3.658s] INFO:colcon.colcon_core.shell:Creating environment hook '/home/maxx/naviguard_ws/build/naviguard_state_estimation/share/naviguard_state_estimation/hook/pythonpath_develop.ps1'
[3.660s] DEBUG:colcon.colcon_core.event_handler.log_command:Invoked command in '/home/maxx/naviguard_ws/build/naviguard_state_estimation' returned '0': PYTHONPATH=/home/maxx/naviguard_ws/build/naviguard_state_estimation/prefix_override:/home/maxx/.local/lib/python3.12/site-packages/colcon_core/task/python/colcon_distutils_commands:/home/maxx/naviguard_ws/install/naviguard_state_estimation/lib/python3.12/site-packages:${PYTHONPATH} /usr/bin/python3 -W ignore:setup.py install is deprecated -W ignore:easy_install command is deprecated setup.py develop --editable --build-directory /home/maxx/naviguard_ws/build/naviguard_state_estimation/build --no-deps symlink_data
[3.660s] INFO:colcon.colcon_core.shell:Creating environment descriptor '/home/maxx/naviguard_ws/build/naviguard_state_estimation/share/naviguard_state_estimation/hook/pythonpath_develop.dsv'
[3.661s] INFO:colcon.colcon_core.shell:Creating environment hook '/home/maxx/naviguard_ws/build/naviguard_state_estimation/share/naviguard_state_estimation/hook/pythonpath_develop.sh'
[3.662s] Level 1:colcon.colcon_core.environment:checking '/home/maxx/naviguard_ws/install/naviguard_state_estimation' for CMake module files
[3.662s] Level 1:colcon.colcon_core.environment:checking '/home/maxx/naviguard_ws/install/naviguard_state_estimation' for CMake config files
[3.662s] Level 1:colcon.colcon_core.environment:checking '/home/maxx/naviguard_ws/install/naviguard_state_estimation/lib'
[3.662s] Level 1:colcon.colcon_core.environment:checking '/home/maxx/naviguard_ws/install/naviguard_state_estimation/bin'
[3.663s] Level 1:colcon.colcon_core.environment:checking '/home/maxx/naviguard_ws/install/naviguard_state_estimation/lib/pkgconfig/naviguard_state_estimation.pc'
[3.663s] Level 1:colcon.colcon_core.environment:checking '/home/maxx/naviguard_ws/install/naviguard_state_estimation/lib/python3.12/site-packages'
[3.663s] Level 1:colcon.colcon_core.shell:create_environment_hook('naviguard_state_estimation', 'pythonpath')
[3.663s] INFO:colcon.colcon_core.shell:Creating environment hook '/home/maxx/naviguard_ws/install/naviguard_state_estimation/share/naviguard_state_estimation/hook/pythonpath.ps1'
[3.664s] INFO:colcon.colcon_core.shell:Creating environment descriptor '/home/maxx/naviguard_ws/install/naviguard_state_estimation/share/naviguard_state_estimation/hook/pythonpath.dsv'
[3.664s] INFO:colcon.colcon_core.shell:Creating environment hook '/home/maxx/naviguard_ws/install/naviguard_state_estimation/share/naviguard_state_estimation/hook/pythonpath.sh'
[3.665s] Level 1:colcon.colcon_core.environment:checking '/home/maxx/naviguard_ws/install/naviguard_state_estimation/bin'
[3.665s] Level 1:colcon.colcon_core.environment:create_environment_scripts_only(naviguard_state_estimation)
[3.665s] INFO:colcon.colcon_core.shell:Creating package script '/home/maxx/naviguard_ws/install/naviguard_state_estimation/share/naviguard_state_estimation/package.ps1'
[3.666s] INFO:colcon.colcon_core.shell:Creating package descriptor '/home/maxx/naviguard_ws/install/naviguard_state_estimation/share/naviguard_state_estimation/package.dsv'
[3.667s] INFO:colcon.colcon_core.shell:Creating package script '/home/maxx/naviguard_ws/install/naviguard_state_estimation/share/naviguard_state_estimation/package.sh'
[3.667s] INFO:colcon.colcon_core.shell:Creating package script '/home/maxx/naviguard_ws/install/naviguard_state_estimation/share/naviguard_state_estimation/package.bash'
[3.668s] INFO:colcon.colcon_core.shell:Creating package script '/home/maxx/naviguard_ws/install/naviguard_state_estimation/share/naviguard_state_estimation/package.zsh'
[3.668s] Level 1:colcon.colcon_core.environment:create_file_with_runtime_dependencies(/home/maxx/naviguard_ws/install/naviguard_state_estimation/share/colcon-core/packages/naviguard_state_estimation)
[3.670s] Level 1:colcon.colcon_core.shell:create_environment_hook('naviguard_confidence', 'pythonpath_develop')
[3.670s] INFO:colcon.colcon_core.shell:Creating environment hook '/home/maxx/naviguard_ws/build/naviguard_confidence/share/naviguard_confidence/hook/pythonpath_develop.ps1'
[3.672s] DEBUG:colcon.colcon_core.event_handler.log_command:Invoked command in '/home/maxx/naviguard_ws/build/naviguard_confidence' returned '0': PYTHONPATH=/home/maxx/naviguard_ws/build/naviguard_confidence/prefix_override:/home/maxx/.local/lib/python3.12/site-packages/colcon_core/task/python/colcon_distutils_commands:/home/maxx/naviguard_ws/install/naviguard_confidence/lib/python3.12/site-packages:${PYTHONPATH} /usr/bin/python3 -W ignore:setup.py install is deprecated -W ignore:easy_install command is deprecated setup.py develop --editable --build-directory /home/maxx/naviguard_ws/build/naviguard_confidence/build --no-deps symlink_data
[3.673s] INFO:colcon.colcon_core.shell:Creating environment descriptor '/home/maxx/naviguard_ws/build/naviguard_confidence/share/naviguard_confidence/hook/pythonpath_develop.dsv'
[3.673s] INFO:colcon.colcon_core.shell:Creating environment hook '/home/maxx/naviguard_ws/build/naviguard_confidence/share/naviguard_confidence/hook/pythonpath_develop.sh'
[3.674s] Level 1:colcon.colcon_core.environment:checking '/home/maxx/naviguard_ws/install/naviguard_confidence' for CMake module files
[3.675s] Level 1:colcon.colcon_core.environment:checking '/home/maxx/naviguard_ws/install/naviguard_confidence' for CMake config files
[3.675s] Level 1:colcon.colcon_core.environment:checking '/home/maxx/naviguard_ws/install/naviguard_confidence/lib'
[3.675s] Level 1:colcon.colcon_core.environment:checking '/home/maxx/naviguard_ws/install/naviguard_confidence/bin'
[3.675s] Level 1:colcon.colcon_core.environment:checking '/home/maxx/naviguard_ws/install/naviguard_confidence/lib/pkgconfig/naviguard_confidence.pc'
[3.676s] Level 1:colcon.colcon_core.environment:checking '/home/maxx/naviguard_ws/install/naviguard_confidence/lib/python3.12/site-packages'
[3.676s] Level 1:colcon.colcon_core.shell:create_environment_hook('naviguard_confidence', 'pythonpath')
[3.676s] INFO:colcon.colcon_core.shell:Creating environment hook '/home/maxx/naviguard_ws/install/naviguard_confidence/share/naviguard_confidence/hook/pythonpath.ps1'
[3.676s] INFO:colcon.colcon_core.shell:Creating environment descriptor '/home/maxx/naviguard_ws/install/naviguard_confidence/share/naviguard_confidence/hook/pythonpath.dsv'
[3.677s] INFO:colcon.colcon_core.shell:Creating environment hook '/home/maxx/naviguard_ws/install/naviguard_confidence/share/naviguard_confidence/hook/pythonpath.sh'
[3.677s] Level 1:colcon.colcon_core.environment:checking '/home/maxx/naviguard_ws/install/naviguard_confidence/bin'
[3.677s] Level 1:colcon.colcon_core.environment:create_environment_scripts_only(naviguard_confidence)
[3.678s] INFO:colcon.colcon_core.shell:Creating package script '/home/maxx/naviguard_ws/install/naviguard_confidence/share/naviguard_confidence/package.ps1'
[3.678s] INFO:colcon.colcon_core.shell:Creating package descriptor '/home/maxx/naviguard_ws/install/naviguard_confidence/share/naviguard_confidence/package.dsv'
[3.678s] INFO:colcon.colcon_core.shell:Creating package script '/home/maxx/naviguard_ws/install/naviguard_confidence/share/naviguard_confidence/package.sh'
[3.679s] INFO:colcon.colcon_core.shell:Creating package script '/home/maxx/naviguard_ws/install/naviguard_confidence/share/naviguard_confidence/package.bash'
[3.679s] INFO:colcon.colcon_core.shell:Creating package script '/home/maxx/naviguard_ws/install/naviguard_confidence/share/naviguard_confidence/package.zsh'
[3.679s] Level 1:colcon.colcon_core.environment:create_file_with_runtime_dependencies(/home/maxx/naviguard_ws/install/naviguard_confidence/share/colcon-core/packages/naviguard_confidence)
[3.700s] Level 1:colcon.colcon_core.shell:create_environment_hook('naviguard_visual_odometry', 'pythonpath_develop')
[3.700s] INFO:colcon.colcon_core.shell:Creating environment hook '/home/maxx/naviguard_ws/build/naviguard_visual_odometry/share/naviguard_visual_odometry/hook/pythonpath_develop.ps1'
[3.701s] DEBUG:colcon.colcon_core.event_handler.log_command:Invoked command in '/home/maxx/naviguard_ws/build/naviguard_visual_odometry' returned '0': PYTHONPATH=/home/maxx/naviguard_ws/build/naviguard_visual_odometry/prefix_override:/home/maxx/.local/lib/python3.12/site-packages/colcon_core/task/python/colcon_distutils_commands:/home/maxx/naviguard_ws/install/naviguard_visual_odometry/lib/python3.12/site-packages:${PYTHONPATH} /usr/bin/python3 -W ignore:setup.py install is deprecated -W ignore:easy_install command is deprecated setup.py develop --editable --build-directory /home/maxx/naviguard_ws/build/naviguard_visual_odometry/build --no-deps symlink_data
[3.701s] INFO:colcon.colcon_core.shell:Creating environment descriptor '/home/maxx/naviguard_ws/build/naviguard_visual_odometry/share/naviguard_visual_odometry/hook/pythonpath_develop.dsv'
[3.701s] INFO:colcon.colcon_core.shell:Creating environment hook '/home/maxx/naviguard_ws/build/naviguard_visual_odometry/share/naviguard_visual_odometry/hook/pythonpath_develop.sh'
[3.702s] Level 1:colcon.colcon_core.environment:checking '/home/maxx/naviguard_ws/install/naviguard_visual_odometry' for CMake module files
[3.702s] Level 1:colcon.colcon_core.environment:checking '/home/maxx/naviguard_ws/install/naviguard_visual_odometry' for CMake config files
[3.703s] Level 1:colcon.colcon_core.environment:checking '/home/maxx/naviguard_ws/install/naviguard_visual_odometry/lib'
[3.703s] Level 1:colcon.colcon_core.environment:checking '/home/maxx/naviguard_ws/install/naviguard_visual_odometry/bin'
[3.703s] Level 1:colcon.colcon_core.environment:checking '/home/maxx/naviguard_ws/install/naviguard_visual_odometry/lib/pkgconfig/naviguard_visual_odometry.pc'
[3.703s] Level 1:colcon.colcon_core.environment:checking '/home/maxx/naviguard_ws/install/naviguard_visual_odometry/lib/python3.12/site-packages'
[3.703s] Level 1:colcon.colcon_core.shell:create_environment_hook('naviguard_visual_odometry', 'pythonpath')
[3.703s] INFO:colcon.colcon_core.shell:Creating environment hook '/home/maxx/naviguard_ws/install/naviguard_visual_odometry/share/naviguard_visual_odometry/hook/pythonpath.ps1'
[3.704s] INFO:colcon.colcon_core.shell:Creating environment descriptor '/home/maxx/naviguard_ws/install/naviguard_visual_odometry/share/naviguard_visual_odometry/hook/pythonpath.dsv'
[3.704s] INFO:colcon.colcon_core.shell:Creating environment hook '/home/maxx/naviguard_ws/install/naviguard_visual_odometry/share/naviguard_visual_odometry/hook/pythonpath.sh'
[3.705s] Level 1:colcon.colcon_core.environment:checking '/home/maxx/naviguard_ws/install/naviguard_visual_odometry/bin'
[3.705s] Level 1:colcon.colcon_core.environment:create_environment_scripts_only(naviguard_visual_odometry)
[3.705s] INFO:colcon.colcon_core.shell:Creating package script '/home/maxx/naviguard_ws/install/naviguard_visual_odometry/share/naviguard_visual_odometry/package.ps1'
[3.706s] INFO:colcon.colcon_core.shell:Creating package descriptor '/home/maxx/naviguard_ws/install/naviguard_visual_odometry/share/naviguard_visual_odometry/package.dsv'
[3.706s] INFO:colcon.colcon_core.shell:Creating package script '/home/maxx/naviguard_ws/install/naviguard_visual_odometry/share/naviguard_visual_odometry/package.sh'
[3.706s] INFO:colcon.colcon_core.shell:Creating package script '/home/maxx/naviguard_ws/install/naviguard_visual_odometry/share/naviguard_visual_odometry/package.bash'
[3.707s] INFO:colcon.colcon_core.shell:Creating package script '/home/maxx/naviguard_ws/install/naviguard_visual_odometry/share/naviguard_visual_odometry/package.zsh'
[3.707s] Level 1:colcon.colcon_core.environment:create_file_with_runtime_dependencies(/home/maxx/naviguard_ws/install/naviguard_visual_odometry/share/colcon-core/packages/naviguard_visual_odometry)
[3.709s] Level 1:colcon.colcon_core.shell:create_environment_hook('naviguard_perception', 'pythonpath_develop')
[3.709s] INFO:colcon.colcon_core.shell:Creating environment hook '/home/maxx/naviguard_ws/build/naviguard_perception/share/naviguard_perception/hook/pythonpath_develop.ps1'
[3.709s] DEBUG:colcon.colcon_core.event_handler.log_command:Invoked command in '/home/maxx/naviguard_ws/build/naviguard_perception' returned '0': PYTHONPATH=/home/maxx/naviguard_ws/build/naviguard_perception/prefix_override:/home/maxx/.local/lib/python3.12/site-packages/colcon_core/task/python/colcon_distutils_commands:/home/maxx/naviguard_ws/install/naviguard_perception/lib/python3.12/site-packages:${PYTHONPATH} /usr/bin/python3 -W ignore:setup.py install is deprecated -W ignore:easy_install command is deprecated setup.py develop --editable --build-directory /home/maxx/naviguard_ws/build/naviguard_perception/build --no-deps symlink_data
[3.710s] INFO:colcon.colcon_core.shell:Creating environment descriptor '/home/maxx/naviguard_ws/build/naviguard_perception/share/naviguard_perception/hook/pythonpath_develop.dsv'
[3.710s] INFO:colcon.colcon_core.shell:Creating environment hook '/home/maxx/naviguard_ws/build/naviguard_perception/share/naviguard_perception/hook/pythonpath_develop.sh'
[3.711s] Level 1:colcon.colcon_core.environment:checking '/home/maxx/naviguard_ws/install/naviguard_perception' for CMake module files
[3.711s] Level 1:colcon.colcon_core.environment:checking '/home/maxx/naviguard_ws/install/naviguard_perception' for CMake config files
[3.711s] Level 1:colcon.colcon_core.environment:checking '/home/maxx/naviguard_ws/install/naviguard_perception/lib'
[3.712s] Level 1:colcon.colcon_core.environment:checking '/home/maxx/naviguard_ws/install/naviguard_perception/bin'
[3.712s] Level 1:colcon.colcon_core.environment:checking '/home/maxx/naviguard_ws/install/naviguard_perception/lib/pkgconfig/naviguard_perception.pc'
[3.712s] Level 1:colcon.colcon_core.environment:checking '/home/maxx/naviguard_ws/install/naviguard_perception/lib/python3.12/site-packages'
[3.712s] Level 1:colcon.colcon_core.shell:create_environment_hook('naviguard_perception', 'pythonpath')
[3.712s] INFO:colcon.colcon_core.shell:Creating environment hook '/home/maxx/naviguard_ws/install/naviguard_perception/share/naviguard_perception/hook/pythonpath.ps1'
[3.713s] INFO:colcon.colcon_core.shell:Creating environment descriptor '/home/maxx/naviguard_ws/install/naviguard_perception/share/naviguard_perception/hook/pythonpath.dsv'
[3.713s] INFO:colcon.colcon_core.shell:Creating environment hook '/home/maxx/naviguard_ws/install/naviguard_perception/share/naviguard_perception/hook/pythonpath.sh'
[3.714s] Level 1:colcon.colcon_core.environment:checking '/home/maxx/naviguard_ws/install/naviguard_perception/bin'
[3.714s] Level 1:colcon.colcon_core.environment:create_environment_scripts_only(naviguard_perception)
[3.714s] INFO:colcon.colcon_core.shell:Creating package script '/home/maxx/naviguard_ws/install/naviguard_perception/share/naviguard_perception/package.ps1'
[3.714s] INFO:colcon.colcon_core.shell:Creating package descriptor '/home/maxx/naviguard_ws/install/naviguard_perception/share/naviguard_perception/package.dsv'
[3.715s] INFO:colcon.colcon_core.shell:Creating package script '/home/maxx/naviguard_ws/install/naviguard_perception/share/naviguard_perception/package.sh'
[3.715s] INFO:colcon.colcon_core.shell:Creating package script '/home/maxx/naviguard_ws/install/naviguard_perception/share/naviguard_perception/package.bash'
[3.715s] INFO:colcon.colcon_core.shell:Creating package script '/home/maxx/naviguard_ws/install/naviguard_perception/share/naviguard_perception/package.zsh'
[3.716s] Level 1:colcon.colcon_core.environment:create_file_with_runtime_dependencies(/home/maxx/naviguard_ws/install/naviguard_perception/share/colcon-core/packages/naviguard_perception)
[3.717s] Level 1:colcon.colcon_core.shell:create_environment_hook('naviguard_sensor_sync', 'pythonpath_develop')
[3.717s] INFO:colcon.colcon_core.shell:Creating environment hook '/home/maxx/naviguard_ws/build/naviguard_sensor_sync/share/naviguard_sensor_sync/hook/pythonpath_develop.ps1'
[3.718s] DEBUG:colcon.colcon_core.event_handler.log_command:Invoked command in '/home/maxx/naviguard_ws/build/naviguard_sensor_sync' returned '0': PYTHONPATH=/home/maxx/naviguard_ws/build/naviguard_sensor_sync/prefix_override:/home/maxx/.local/lib/python3.12/site-packages/colcon_core/task/python/colcon_distutils_commands:/home/maxx/naviguard_ws/install/naviguard_sensor_sync/lib/python3.12/site-packages:${PYTHONPATH} /usr/bin/python3 -W ignore:setup.py install is deprecated -W ignore:easy_install command is deprecated setup.py develop --editable --build-directory /home/maxx/naviguard_ws/build/naviguard_sensor_sync/build --no-deps symlink_data
[3.724s] INFO:colcon.colcon_core.shell:Creating environment descriptor '/home/maxx/naviguard_ws/build/naviguard_sensor_sync/share/naviguard_sensor_sync/hook/pythonpath_develop.dsv'
[3.725s] INFO:colcon.colcon_core.shell:Creating environment hook '/home/maxx/naviguard_ws/build/naviguard_sensor_sync/share/naviguard_sensor_sync/hook/pythonpath_develop.sh'
[3.725s] Level 1:colcon.colcon_core.environment:checking '/home/maxx/naviguard_ws/install/naviguard_sensor_sync' for CMake module files
[3.726s] Level 1:colcon.colcon_core.environment:checking '/home/maxx/naviguard_ws/install/naviguard_sensor_sync' for CMake config files
[3.726s] Level 1:colcon.colcon_core.environment:checking '/home/maxx/naviguard_ws/install/naviguard_sensor_sync/lib'
[3.726s] Level 1:colcon.colcon_core.environment:checking '/home/maxx/naviguard_ws/install/naviguard_sensor_sync/bin'
[3.726s] Level 1:colcon.colcon_core.environment:checking '/home/maxx/naviguard_ws/install/naviguard_sensor_sync/lib/pkgconfig/naviguard_sensor_sync.pc'
[3.727s] Level 1:colcon.colcon_core.environment:checking '/home/maxx/naviguard_ws/install/naviguard_sensor_sync/lib/python3.12/site-packages'
[3.727s] Level 1:colcon.colcon_core.shell:create_environment_hook('naviguard_sensor_sync', 'pythonpath')
[3.727s] INFO:colcon.colcon_core.shell:Creating environment hook '/home/maxx/naviguard_ws/install/naviguard_sensor_sync/share/naviguard_sensor_sync/hook/pythonpath.ps1'
[3.728s] INFO:colcon.colcon_core.shell:Creating environment descriptor '/home/maxx/naviguard_ws/install/naviguard_sensor_sync/share/naviguard_sensor_sync/hook/pythonpath.dsv'
[3.728s] INFO:colcon.colcon_core.shell:Creating environment hook '/home/maxx/naviguard_ws/install/naviguard_sensor_sync/share/naviguard_sensor_sync/hook/pythonpath.sh'
[3.729s] Level 1:colcon.colcon_core.environment:checking '/home/maxx/naviguard_ws/install/naviguard_sensor_sync/bin'
[3.729s] Level 1:colcon.colcon_core.environment:create_environment_scripts_only(naviguard_sensor_sync)
[3.729s] INFO:colcon.colcon_core.shell:Creating package script '/home/maxx/naviguard_ws/install/naviguard_sensor_sync/share/naviguard_sensor_sync/package.ps1'
[3.729s] INFO:colcon.colcon_core.shell:Creating package descriptor '/home/maxx/naviguard_ws/install/naviguard_sensor_sync/share/naviguard_sensor_sync/package.dsv'
[3.730s] INFO:colcon.colcon_core.shell:Creating package script '/home/maxx/naviguard_ws/install/naviguard_sensor_sync/share/naviguard_sensor_sync/package.sh'
[3.730s] INFO:colcon.colcon_core.shell:Creating package script '/home/maxx/naviguard_ws/install/naviguard_sensor_sync/share/naviguard_sensor_sync/package.bash'
[3.731s] INFO:colcon.colcon_core.shell:Creating package script '/home/maxx/naviguard_ws/install/naviguard_sensor_sync/share/naviguard_sensor_sync/package.zsh'
[3.731s] Level 1:colcon.colcon_core.environment:create_file_with_runtime_dependencies(/home/maxx/naviguard_ws/install/naviguard_sensor_sync/share/colcon-core/packages/naviguard_sensor_sync)
[3.731s] DEBUG:colcon.colcon_parallel_executor.executor.parallel:closing loop
[3.732s] DEBUG:colcon.colcon_parallel_executor.executor.parallel:loop closed
[3.732s] DEBUG:colcon.colcon_parallel_executor.executor.parallel:run_until_complete finished with '0'
[3.733s] DEBUG:colcon.colcon_core.event_reactor:joining thread
[3.786s] INFO:colcon.colcon_core.plugin_system:Skipping extension 'colcon_notification.desktop_notification.notify_send': Could not find 'notify-send'
[3.786s] INFO:colcon.colcon_core.plugin_system:Skipping extension 'colcon_notification.desktop_notification.terminal_notifier': Not used on non-Darwin systems
[3.786s] INFO:colcon.colcon_core.plugin_system:Skipping extension 'colcon_notification.desktop_notification.win32': Not used on non-Windows systems
[3.786s] INFO:colcon.colcon_notification.desktop_notification:Sending desktop notification using 'notify2'
[3.787s] DEBUG:colcon.colcon_notification.desktop_notification.notify2:Failed to initialize notify2: org.freedesktop.DBus.Error.ServiceUnknown: The name org.freedesktop.Notifications was not provided by any .service files
[3.787s] DEBUG:colcon.colcon_core.event_reactor:joined thread
[3.788s] INFO:colcon.colcon_core.shell:Creating prefix script '/home/maxx/naviguard_ws/install/local_setup.ps1'
[3.788s] INFO:colcon.colcon_core.shell:Creating prefix util module '/home/maxx/naviguard_ws/install/_local_setup_util_ps1.py'
[3.789s] INFO:colcon.colcon_core.shell:Creating prefix chain script '/home/maxx/naviguard_ws/install/setup.ps1'
[3.789s] INFO:colcon.colcon_core.shell:Creating prefix script '/home/maxx/naviguard_ws/install/local_setup.sh'
[3.790s] INFO:colcon.colcon_core.shell:Creating prefix util module '/home/maxx/naviguard_ws/install/_local_setup_util_sh.py'
[3.790s] INFO:colcon.colcon_core.shell:Creating prefix chain script '/home/maxx/naviguard_ws/install/setup.sh'
[3.790s] INFO:colcon.colcon_core.shell:Creating prefix script '/home/maxx/naviguard_ws/install/local_setup.bash'
[3.791s] INFO:colcon.colcon_core.shell:Creating prefix chain script '/home/maxx/naviguard_ws/install/setup.bash'
[3.791s] INFO:colcon.colcon_core.shell:Creating prefix script '/home/maxx/naviguard_ws/install/local_setup.zsh'
[3.791s] INFO:colcon.colcon_core.shell:Creating prefix chain script '/home/maxx/naviguard_ws/install/setup.zsh'
